# Group catalog for redshift 0.500000 and minimal mass of 10 particles
#    1) group ID
#    2) group mass (Msun/h)
# 3- 5) initial position (Mpc/h)
# 6- 8) final position (Mpc/h)
# 9-11) velocity (km/s)
#   12) number of particles
#
      1304148  1.571610e+14     310.34     297.49     330.39     304.97     297.74     328.41    -314.26     -13.92     -94.40           38
      1544037  3.970384e+14     372.19     121.26     396.69     366.21     123.77     399.33    -372.52     222.21     179.47           96
       542890  2.812355e+14     132.81      64.51     167.68     128.41      61.74     166.07    -274.15    -182.24     -80.57           68
      1929675  1.943834e+14     458.24     391.41     296.42     455.33     385.31     292.64    -210.47    -434.58    -236.52           47
       545048  7.858052e+13     128.60     133.74      92.21     123.91     133.46      92.33    -345.24      -6.99      72.36           19
       309388  4.011742e+14      73.11     439.33      47.58      74.76     440.98      50.44     101.43      89.34     188.83           97
      1963725  2.191983e+14     461.20     430.46     299.86     460.59     421.05     294.14     -26.67    -595.50    -368.10           53
       564844  1.488894e+14     136.07     235.13     424.26     134.11     230.92     420.84    -107.50    -264.61    -258.61           36
      1519078  1.571610e+14     363.38     357.52     402.65     369.82     357.26     399.76     392.58     -55.61    -178.79           38
      1689939  1.654327e+14     403.71      72.66     322.56     398.11      67.57     322.44    -329.85    -349.36      -3.42           40
      1349452  1.985192e+14     326.25     183.35     299.89     321.52     188.54     295.80    -242.83     378.66    -342.67           48
      1442403  1.033954e+14     346.02      20.55     389.30     339.93      26.76     394.18    -352.22     376.91     357.72           25
      1819616  4.135817e+13     437.89      28.52     378.12     433.17      30.09     377.44    -338.25     150.65     -84.19           10
      1340488  2.191983e+14     320.64     411.52     283.35     326.59     408.14     275.28     455.03    -225.02    -487.00           53
      1857053  1.943834e+14     443.36     174.74     116.07     443.89     167.46     113.56      29.51    -466.25    -166.12           47
      1156163  8.685216e+13     273.16     283.58     264.23     270.05     286.10     266.82    -221.14     208.23     164.46           21
      1012360  7.444470e+13     242.40     398.22      32.99     243.51     401.09      33.93      67.58     131.88      30.86           18
       940587  2.605565e+14     226.66     203.03     167.75     228.43     201.92     167.03     149.98     -87.51     -67.77           63
      1778409  1.240745e+14     421.88     273.83     411.72     418.35     275.86     414.62    -200.40     108.61     182.75           30
      1631669  2.026550e+14     386.52     292.85     205.32     384.88     297.63     205.08    -122.17     345.28       5.08           49
      1908407  9.925961e+13     456.71     237.96     219.08     452.79     241.17     213.63    -266.15     212.78    -305.96           24
      1978828  1.778401e+14     472.16     387.58     300.37     462.72     384.84     296.71    -682.88    -185.98    -227.79           43
       448023  2.481490e+14     111.13     177.54      89.06     113.15     166.14      88.45     115.02    -728.47     -33.80           60
      2066236  4.466682e+14     495.48      56.39     237.34     493.33      53.53     235.59    -142.65    -220.90    -103.11          108
      1662172  2.150625e+14     400.62     225.29     359.98     399.11     227.04     365.53    -102.27     113.95     350.47           52
       855704  9.925961e+13     206.87     116.21      96.52     204.20     109.19      95.90    -184.06    -450.51     -18.36           24
       405134  8.685216e+13      93.66     364.30      55.34     100.51     363.42      55.34     440.79     -33.50      40.80           21
       397464  1.488894e+14      97.55     133.57      96.46     105.19     133.77      94.02     553.16      16.15    -197.76           36
       578032  7.072247e+14     139.29     135.52     442.15     140.00     134.82     443.96      39.11     -73.19     106.81          171
       547231  8.685216e+13     130.49     201.17     123.05     127.71     192.06     119.52    -192.10    -577.28    -228.38           21
      1742835  1.323461e+14     418.82     189.09     451.29     419.87     183.52     450.30      44.72    -362.49     -58.89           32
       771265  4.962980e+13     187.50      38.09     252.93     186.23      37.60     248.31    -110.26     -90.43    -239.82           12
       639471  7.444470e+13     153.65      13.89     434.46     152.75      10.65     436.27    -106.95    -247.75      47.50           18
      1366557  9.719169e+14     325.11     208.55     109.22     327.05     206.54     107.36     120.94    -104.27    -117.34          235
       412335  1.985192e+14     101.32      85.69     187.50     100.70      80.58     184.51     -53.34    -316.08    -173.84           48
      1823984  4.962980e+13     436.20     161.13     438.80     428.56     159.45     438.33    -488.46    -102.66     -68.77           12
      1302480  4.135817e+13     312.89     247.66     313.28     306.43     243.49     315.13    -503.68    -334.55     244.08           10
      1630124  1.571610e+14     388.47     246.61     171.77     391.82     247.44     170.11     247.16      16.53    -111.90           38
      1118078  1.116671e+14     268.30     115.67     493.71     272.78     110.10     494.53     350.95    -361.94      20.94           27
      1835042  3.391370e+14     444.74       5.43     133.19     444.81       4.69     132.70      -7.28     -72.97     -38.43           82
       456399  1.819760e+14     110.00     428.27     311.88     110.16     426.84     314.02     -15.36     -98.01     120.63           44
      1640405  3.970384e+14     393.72      64.21     337.48     387.83      68.41     337.56    -370.41     276.20      -7.38           96
      1055527  2.067908e+14     252.66     214.14     152.27     247.18     215.62     154.81    -342.92     103.75     187.66           50
      1663528  1.612969e+14     400.29     269.88     158.50     401.63     265.74     159.33     126.54    -307.44      -4.09           39
      1737281  5.790144e+13     416.02      20.09     257.81     420.51      23.62     251.79     245.90     180.30    -436.24           14
      1274287  1.323461e+14     301.76     385.86     186.77     303.97     390.20     190.28      94.96     307.26     296.41           32
      1874904  3.556803e+14     451.22     218.30     345.75     451.18     220.71     346.95      22.85     144.80      70.70           86
      1206979  3.432728e+14     281.89     332.10     264.80     280.83     331.32     266.65    -100.45     -60.41     140.64           83
      1821198  1.323461e+14     433.59      81.79      57.01     437.85      85.01      53.65     315.46     202.02    -230.10           32
      1362765  1.158029e+14     329.38      88.59     302.87     324.89      86.31     310.33    -290.36     -92.31     441.61           28
      2067138  1.158029e+14     492.61      82.87     259.91     491.58      77.54     247.50     -77.44    -365.01    -753.69           28
       268872  9.098798e+13      63.74     205.61     284.62      67.41     204.70     281.01     218.69     -38.42    -247.60           22
       887249  2.853714e+14     213.97      73.51     317.51     214.07      78.15     315.93     -16.58     313.02    -102.62           69
       316683  5.790144e+13      75.89     167.41      43.81      85.79     155.92      51.69     675.36    -756.02     506.44           14
      1414277  3.639519e+14     339.18     162.06      23.17     338.31     162.48      24.62     -48.10      44.64     110.21           88
      1205578  8.271634e+13     289.45     291.60     288.67     283.38     298.01     284.12    -430.87     393.30    -279.26           20
        49791  1.530252e+14      16.42      19.80     498.89      16.30      21.59      10.72     -16.63     125.67     748.94           37
       221911  7.030889e+13      53.19     271.94     340.65      61.31     274.02     340.22     513.49     126.77     -18.14           17
      1258617  4.962980e+13     297.53     408.53     474.28     294.98     410.43     476.49    -151.76      46.55     173.62           12
      2089499  9.512379e+13     497.03     266.73     108.44     495.15     268.63     109.80    -125.72     115.45      70.11           23
      1870887  6.617307e+14     449.66      94.12     152.86     451.07      91.29     154.94     101.08    -208.21     150.08          160
       800223  2.481490e+14     192.25     416.08     366.60     187.21     412.45     367.52    -296.92    -240.74      94.73           60
      1639995  1.612969e+14     390.68      46.82     233.82     392.79      45.73     230.60      87.58     -56.49    -197.14           39
      1594087  5.790144e+13     380.58     147.32     405.41     372.37     140.05     402.41    -524.87    -530.40    -336.86           14
       238084  6.617307e+13      55.91     269.04      17.33      59.83     266.54      21.68     272.76    -131.33     260.97           16
      1818852  5.790144e+13     436.10       5.02     392.02     432.75     499.99     390.56    -185.71    -307.04     -83.06           14
       731096  9.512379e+13     174.00     310.72     346.04     179.24     316.98     344.33     310.97     368.94     -84.35           23
       636506  1.199387e+14     152.95     422.35     353.38     155.97     424.37     354.51     176.96     123.44      77.17           29
       439243  1.323461e+14     103.27     405.64     294.56      98.62     404.69     295.77    -319.75     -60.43      71.51           32
      2067520  1.116671e+14     496.74      97.29     250.07     494.31      94.90     243.08    -177.40    -155.86    -415.32           27
      1306304  7.030889e+13     310.09     365.69     253.33     311.10     364.22     253.13      26.50    -145.75      38.07           17
      1530943  7.858052e+13     364.82     222.35     247.64     366.93     228.48     242.22     144.17     381.51    -330.58           19
       776644  1.985192e+14     184.08     201.42     267.66     180.79     199.56     266.97    -215.35    -114.97     -29.57           48
      2096091  4.135817e+13     499.22     464.06     355.08     492.10     464.83     352.72    -507.25     118.58    -104.08           10
      2002575  9.512379e+13     477.84     114.89      62.08     476.37     113.76      62.09     -99.38     -84.68     -28.39           23
      1362569  6.617307e+13     327.88      83.74      36.87     317.97      84.69      40.04    -631.21      19.73     225.61           16
       351070  1.323461e+14      82.03     210.57     368.04      85.35     211.61     372.25     197.96      63.36     269.41           32
       130485  4.962980e+13      29.95     483.40     208.66      34.06     488.13     209.73     254.95     274.21     111.71           12
       178061  1.116671e+14      41.88     435.40      54.47      47.54     436.54      53.94     389.82      79.94     -42.75           27
       352746  1.612969e+14      84.89     267.08     416.42      87.95     258.49     413.43     190.25    -524.71    -187.27           39
       632978  3.060504e+14     151.60     316.88      74.17     147.34     319.29      74.15    -242.38     175.21       3.18           74
       759040  5.790144e+13     183.04     166.57       3.07     179.84     159.89       2.02    -227.57    -414.76     -77.74           14
      1547259  3.556803e+14     359.15     221.16     480.70     357.47     211.71     482.15    -127.67    -620.19     108.94           86
      1218729  8.271634e+13     291.21     191.99     161.33     295.04     190.46     158.00     239.25     -99.92    -197.03           20
        50625  3.184579e+14      13.98      45.28     257.99       9.81      44.35     250.04    -285.47     -65.23    -477.19           77
       776305  4.962980e+13     186.20     188.80     443.03     180.10     185.29     445.37    -362.89    -223.20     149.36           12
       727042  1.199387e+14     171.27     188.11      10.57     169.78     180.31       8.22     -94.66    -467.46    -128.20           29
       745833  7.858052e+13     177.94     258.12     411.70     174.39     254.25     411.78    -264.93    -217.25     -46.71           19
        86213  2.522848e+14      16.81     128.94     275.39      16.93     126.53     262.96     -23.92    -151.34    -773.03           61
       190015  1.654327e+14      43.16     298.14     251.76      40.18     297.42     253.81    -171.88     -20.75     116.41           40
       848340  1.364820e+14     199.16     389.15     327.12     197.63     386.67     330.24     -74.91    -140.64     230.83           33
       182227  1.075312e+14      45.52      61.30     327.07      52.22      65.45     320.97     419.74     275.41    -341.24           26
       866700  5.790144e+13     205.64     453.40      47.99     205.62     454.98      49.08      30.34      61.76      77.89           14
      1898297  7.858052e+13     451.17     431.64     226.46     456.44     427.60     226.65     330.25    -206.35      -3.38           19
      1991935  9.512379e+13     474.27     286.43     495.84     468.17     283.61     497.38    -392.34    -185.10      92.15           23
       912496  1.819760e+14     216.71     346.06     438.30     220.49     339.47     437.47     298.40    -457.22     -10.75           44
      1538536  1.985192e+14     364.58     451.74     405.03     369.66     449.93     405.76     329.29    -146.58      35.33           48
      1872937  1.282103e+14     446.26     158.08     162.11     445.00     155.28     151.59     -82.41    -191.20    -722.71           31
       999454  1.116671e+14     236.91       0.51     120.15     239.85     497.99     112.17     162.79    -191.91    -582.76           27
       430803  1.985192e+14     104.82     150.72     331.79     102.69     152.32     332.56    -152.47      96.40      19.82           48
       735459  3.639519e+14     174.23     443.89     389.43     170.55     447.71     387.59    -243.91     220.13    -143.02           88
       480638  2.440132e+14     119.60     163.63     493.74     122.21     158.30     491.10     109.35    -311.35    -196.00           59
      1559543  5.376562e+13     372.15      90.59     467.70     370.63      88.22     470.23     -82.92    -109.22     140.75           13
      1242206  6.203725e+13     295.18     407.94     371.74     284.56     408.48     370.48    -724.46       8.37     -96.98           15
       470985  1.447536e+14     108.87     375.17     290.01     105.77     376.61     289.16    -227.97      77.27     -55.35           35
       375478  4.301250e+14      84.44     462.74     207.52      85.53     473.92     207.67      82.18     737.98      57.94          104
       657859  4.549399e+13     160.69      76.17     262.25     153.75      76.60     255.95    -476.38      36.26    -406.90           11
      1434562  1.033954e+14     343.05     274.92     261.33     345.11     277.25     256.34     169.10     185.30    -348.65           25
      1398665  1.695685e+14     336.37     182.97      39.59     340.46     179.11      35.76     247.75    -241.12    -286.16           41
      1039204  1.323461e+14     247.31     213.38     394.78     251.78     213.76     394.69     287.28      23.62       2.83           32
      1537374  3.101863e+14     358.93     417.06     371.17     366.42     416.87     376.85     458.14       8.53     361.33           75
       718694  4.135817e+13     169.53     432.81     399.22     169.07     442.97     396.78     -43.42     610.57    -194.37           10
        97787  1.861118e+14      21.92     481.38     480.77      24.43     478.94     485.42     114.59    -176.43     248.66           45
       834008  4.135817e+13     199.22     450.78     343.75     192.82     452.44     344.01    -397.20     102.17      88.20           10
       327137  2.770997e+14      78.45     486.21     379.46      85.86     484.12     375.99     382.81    -118.02    -215.14           67
      2044467  9.098798e+13     487.04     391.34     200.11     487.92     394.14     200.70     103.42     157.58      19.60           22
      2051008  4.135817e+13     488.67      89.45     252.34     489.51      86.43     243.81      75.66    -140.84    -499.17           10
         2580  7.030889e+13       1.26      81.23      81.00       2.45      79.83      79.61      96.68     -98.48    -110.37           17
      1229431  5.376562e+13     298.23      16.38     468.60     293.52      28.38     469.65    -336.64     807.24      78.08           13
       937141  4.962980e+13     224.28      98.31     207.68     219.37      95.40     205.12    -279.00    -109.06    -153.98           12
      1138261  6.203725e+13     272.27     236.33     332.68     269.36     235.17     336.35    -241.32     -62.96     285.94           15
      1714939  4.549399e+13     408.56     333.98     482.78     409.92     331.80     484.03      77.93    -150.67      77.29           11
      1465213  5.252488e+14     351.12     210.09     490.39     350.89     205.09     488.50     -18.00    -293.17    -160.77          127
      1073933  2.026550e+14     254.42     276.99      50.26     255.66     274.15      48.25      87.12    -184.02    -167.17           49
      1066598  8.271634e+13     257.03      50.00     400.98     259.18      51.83     405.32     135.68     143.95     302.92           20
      1831249  6.617307e+13     434.33     384.52     318.36     440.18     379.82     313.45     434.86    -279.50    -323.53           16
      1436684  1.240745e+14     340.36     345.70      46.74     348.66     346.53      50.34     538.46      46.82     173.49           30
      1469187  9.512379e+13     345.02     337.89      13.84     349.36     342.37      16.88     272.31     307.58     169.03           23
      1151142  1.406178e+14     272.86     133.04     152.00     272.66     131.83     146.78      -9.71     -89.56    -316.43           34
       883575  2.936430e+14     212.89     455.90     465.53     211.22     458.79     461.65    -101.74     195.05    -258.42           71
       135137  1.033954e+14      36.80     121.64     381.02      44.34     126.70     378.98     455.48     331.91    -199.55           25
      1444823  1.075312e+14     346.15      91.35     339.99     342.67      83.57     343.36    -210.50    -484.89     166.71           26
       657924  1.612969e+14     157.80      77.87      16.38     166.36      80.89      10.33     555.75     164.38    -420.38           39
      1118100  6.782740e+14     266.17     123.71      72.50     267.82     117.91      66.13     135.43    -406.92    -451.52          164
      1214030  1.199387e+14     291.29      53.27     306.37     288.39      57.19     308.78    -178.56     205.95     155.51           29
       648477  2.440132e+14     152.31     292.54     120.86     147.92     293.80     113.78    -274.93      84.98    -427.81           59
      1358098  1.033954e+14     321.02     448.67      71.95     318.37     447.80      76.85    -201.53     -60.90     261.88           25
      1623870  1.447536e+14     384.77      53.74     245.26     386.94      51.30     240.17     151.74    -172.01    -361.83           35
       965607  5.376562e+13     229.12     465.90     406.40     230.10     473.00     408.87      52.09     435.31      95.81           13
      1007484  2.150625e+14     238.21     247.45     482.20     237.64     244.97     475.13     -27.77    -158.10    -475.01           52
      1094285  9.925961e+13     256.84     396.00      50.46     257.48     397.37      54.29      67.87      91.57     253.95           24
      1717985  6.617307e+13     405.03     428.71     380.37     403.20     430.66     383.70     -83.98     128.81     239.75           16
      1903419  5.790144e+13     457.31      88.73     235.21     463.43      86.07     226.92     403.01    -133.70    -552.05           14
      1023398  7.030889e+13     241.15     232.88     147.17     242.52     227.87     150.50      90.27    -311.22     260.84           17
       728882  8.271634e+13     172.66     244.34     197.66     174.29     242.42     198.98      54.28     -82.60      50.19           20
        27456  1.530252e+14       6.39     339.05     257.44     498.23     340.74     256.66    -649.10     116.14    -108.07           37
      2033232  6.203725e+13     487.37      48.83     316.54     482.50      47.34     309.57    -244.81     -83.72    -405.41           15
      1552775  7.030889e+13     367.30     387.29      29.07     370.54     389.21      28.36     229.72     231.42     -91.12           17
      1463271  1.282103e+14     349.99     154.04     405.43     352.79     149.69     404.00     241.21    -297.89    -153.38           31
      1076572  7.444470e+13     255.64     353.08     359.81     251.78     352.11     355.30    -219.93     -36.92    -296.85           18
       114429  7.858052e+13      27.86     489.41     490.03      31.10     487.49     495.72     207.80    -107.92     361.61           19
        39220  6.617307e+13      11.47     199.71     208.01      13.54     195.84     199.51     104.42    -242.54    -563.32           16
      1788555  7.858052e+13     425.88      82.34      47.18     430.90      85.11      50.00     364.69     165.56     218.62           19
      1280427  1.778401e+14     304.19      79.26     170.83     302.77      75.87     166.91     -77.05    -171.99    -252.63           43
      1913925  7.858052e+13     457.75     410.26     267.99     454.94     403.17     274.02    -254.14    -487.38     593.46           19
       980594  1.571610e+14     233.96     422.08     450.66     231.71     424.84     447.01    -112.27     164.21    -280.05           38
       408787  1.406178e+14      95.13     474.03     324.56      99.77     469.55     330.78     242.96    -354.46     432.69           34
      1370641  6.617307e+13     329.35     331.79      67.63     336.25     334.26      74.96     463.18     119.73     449.02           16
       939815  2.688281e+14     226.53     183.98     157.12     225.47     189.17     162.53     -68.94     371.04     351.39           65
      1046485  7.444470e+13     249.57     438.37     333.55     248.17     438.00     334.12     -47.94     -35.46      63.83           18
      1121751  1.530252e+14     267.37     234.53     341.69     267.07     231.73     340.82     -14.01    -212.52     -60.66           37
      1103785  1.033954e+14     261.33     186.17     162.11     255.14     190.20     163.67    -398.97     282.98     105.41           25
        46734  6.617307e+13      11.72     427.73      56.15      14.28     430.29      55.84     111.44     177.24     -31.65           16
      1161861  4.549399e+13     275.39     459.34      20.77     268.40     467.65      23.22    -414.47     496.74     165.76           11
      1411679  8.271634e+13     336.52      80.66     372.66     339.54      83.28     376.39     235.40     223.70     294.42           20
      1376595  7.030889e+13     331.23       8.85     326.40     324.06       8.56     328.61    -456.34     -16.01      84.76           17
       896350  1.612969e+14     215.80     355.72     370.04     216.07     356.55     367.78      57.86      61.45    -155.27           39
      1191844  1.819760e+14     281.69     377.04     143.20     283.55     379.54     145.53      56.70     169.56     134.54           44
       540869  1.323461e+14     133.06       3.66     270.87     136.23       5.99     265.90     210.14     117.32    -253.02           32
       421787  4.962980e+13     100.59     373.70     110.68     100.44     374.94     108.49     -45.31      -2.79    -205.55           12
      1949959  4.135817e+13     468.36      11.72      28.52     469.77      11.01      36.82      89.01    -104.55     517.38           10
       501021  1.530252e+14     115.87     293.23     114.60     117.90     292.06     108.25     108.86    -117.12    -387.77           37
       442650  8.685216e+13     105.38       9.77     103.70     106.39       9.87     103.73      86.77      17.31      -8.92           21
      1916094  5.376562e+13     454.18     474.31     242.94     454.63     481.12     241.20      16.44     469.35    -111.59           13
      1844036  5.376562e+13     438.85     275.69     268.18     439.53     282.93     264.53      67.18     427.37    -224.70           13
       727288  6.617307e+13     169.43     196.04     472.17     167.65     188.72     469.36     -70.23    -488.42    -209.11           16
      1880627  1.406178e+14     446.00     392.69     204.39     444.45     387.36     203.03     -77.56    -397.43    -146.20           34
      1567903  7.444470e+13     373.05     347.22     125.43     373.86     353.11     131.07      90.96     405.81     354.22           18
      1041372  1.033954e+14     246.17     278.36     358.83     241.77     279.17     357.80    -259.84      26.39     -69.03           25
       562203  2.067908e+14     133.91     153.75     105.70     127.62     150.15     102.62    -415.52    -201.82    -191.59           50
       906215  4.135817e+13     217.19     155.47     403.12     213.63     148.52     406.59    -218.83    -461.07     265.37           10
        88207  1.033954e+14      17.73     189.92      59.45      10.20     189.28      62.52    -484.42     -25.67     174.96           25
      1350107  1.116671e+14     323.71     198.71     354.96     319.22     196.41     361.41    -270.15    -131.09     382.09           27
      1033841  1.199387e+14     248.32      46.67     439.99     248.36      48.11     444.19     -10.27      92.27     271.68           29
      1740415  4.590757e+14     414.04     105.06       1.35     411.94     103.04       6.38    -180.39    -166.84     292.87          111
      1149397  1.571610e+14     277.34      71.34     335.22     280.31      71.72     338.18     196.58      27.44     204.22           38
      1735007  9.512379e+13     411.94     447.78     370.33     406.61     442.62     374.36    -308.54    -347.81     256.55           23
      1721806  9.925961e+13     415.36      45.74     306.64     419.10      46.73     303.45     258.91       3.38    -188.91           24
       207246  2.067908e+14      48.91     327.03      56.80      50.59     328.42      55.89      95.42      83.78     -98.11           50
      1662998  6.617307e+13     396.00     254.15      86.18     399.66     246.97      88.83     203.58    -460.73     202.44           16
      1427293  1.158029e+14     342.91      54.13     366.49     339.46      55.18     371.80    -227.98       7.14     378.83           28
       380368  4.135817e+13      92.58     105.86     315.23      92.17     104.60     307.86     -38.87     -61.77    -476.50           10
       977639  9.925961e+13     232.91     332.19     403.48     232.91     329.37     404.78      45.63    -184.34      97.21           24
       500623  1.323461e+14     118.29     280.88      61.89     118.05     279.77      64.11     -16.47     -90.54     181.46           32
       177012  1.530252e+14      41.86     401.55     452.97      41.74     397.97     454.37     -26.89    -248.21      44.09           37
      1253495  1.033954e+14     298.67     253.83     467.11     296.67     251.55     468.65    -148.70     -90.85     153.48           25
       866832  6.617307e+13     205.81     456.30      65.43     205.34     463.03      65.87     -29.23     456.21      43.99           16
        56740  1.406178e+14      11.83     231.50     142.58      11.27     232.84     145.26     -34.33     110.87     191.53           34
       196144  6.617307e+13      45.41     484.86     188.96      48.82     489.49     193.07     158.34     309.24     341.26           16
      2076553  9.925961e+13     492.35     375.49      39.39     489.46     373.25      42.95    -191.56    -151.02     210.29           24
       596808  1.612969e+14     146.08     211.49     281.00     147.09     210.33     279.71      20.55    -118.56     -99.55           39
      1471206  4.135817e+13     347.66     396.09     400.78     355.30     401.10     408.81     528.84     365.73     542.62           10
       519180  8.685216e+13     125.47     345.33      50.13     125.67     350.42      51.37      -6.31     352.82      75.97           21
       339425  9.512379e+13      80.25     356.06     386.29      83.57     356.78     383.58     247.09      95.94    -177.07           23
      1777605  9.925961e+13     423.99     250.81     270.18     420.71     259.01     264.60    -197.60     499.51    -316.06           24
       857909  4.342608e+14     203.66     175.02     213.75     200.18     178.52     211.57    -218.70     233.84     -97.07          105
      1910594  3.060504e+14     456.29     310.97     260.08     456.57     310.39     257.20      43.44    -101.79    -181.75           74
      1945805  4.962980e+13     465.17     382.16     303.71     457.49     384.12     296.69    -549.16     196.95    -537.27           12
       571677  1.116671e+14     136.79     451.46     116.39     134.36     457.34     114.36    -139.09     366.21    -151.25           27
        33891  1.116671e+14       8.46      33.35     387.08       7.71      33.87     387.54     -29.48      50.77      41.63           27
       821179  6.203725e+13     199.61      60.29     234.51     193.31      55.91     232.75    -425.70    -242.39    -159.34           15
      1897416  6.203725e+14     453.88     401.67     276.59     454.77     396.73     276.95      63.33    -330.85      48.47          150
      1015520  7.030889e+13     239.32     490.69     376.72     241.80     493.64     381.69     184.30     192.70     268.65           17
      1585059  2.936430e+14     369.64     373.76     139.77     371.89     375.98     143.44     157.98     122.09     224.02           71
      1909997  1.737043e+14     453.50     288.69     427.18     454.18     290.76     433.00      52.55     152.58     333.21           42
      1168381  4.549399e+13     280.72     150.39     490.94     276.98     147.32     491.47    -250.40    -149.15     -41.20           11
       270893  4.549399e+13      63.39     266.87     179.51      59.12     266.98     182.34    -219.47      17.20     170.60           11
       434373  6.617307e+13     105.96     256.10     269.78     105.49     254.93     272.78     -73.07     -49.41     178.29           16
      1094739  4.549399e+13     260.12     410.33     326.53     258.05     411.45     324.18    -115.26      73.68    -124.82           11
       909833  4.549399e+13     216.09     266.51      36.04     217.66     263.62      37.77     111.53    -179.53     114.09           11
       786666  7.030889e+13     186.70       4.25     416.70     185.59       4.35     421.36     -49.17      23.04     291.78           17
      1829829  7.858052e+13     437.81     341.39     271.48     437.83     342.61     271.27       3.23      77.36      15.96           19
      1980929  9.925961e+13     472.17     456.05       6.67     470.88     459.01      15.21     -87.46     215.94     572.68           24
      1106563  1.985192e+14     260.01     270.18      16.44     252.89     268.39      22.82    -421.38    -118.87     412.30           48
       312432  2.440132e+14      82.86      35.72     440.05      92.00      37.15     443.26     541.50     104.67     167.59           59
      1922453  1.943834e+14     461.64     166.43      86.98     456.85     165.85      89.42    -327.25     -30.27     160.24           47
      1818781  1.158029e+14     434.29       2.51     114.96     438.70       3.07     119.91     272.63      33.98     345.49           28
      1092589  4.549399e+13     260.48     344.28     426.67     252.73     338.47     424.96    -531.09    -364.09     -70.86           11
       573360  8.271634e+13     135.94     497.66     188.09     133.99     497.64     192.67    -136.84     -49.75     343.41           20
      1149500  4.135817e+13     273.83      80.86     238.28     278.20      76.82     242.25     335.31    -207.80     205.84           10
      1431186  2.316057e+14     343.96     175.92      68.71     349.41     176.11      66.74     380.63     -19.09    -100.02           56
      1942329  1.323461e+14     463.87     276.73     224.37     462.66     282.90     223.39     -62.36     426.21     -65.60           32
      1206072  4.549399e+13     288.17     306.64     220.70     293.24     311.76     225.90     291.29     305.33     343.19           11
      1884149  4.797548e+14     446.36     495.66     460.80     443.22     495.99     463.88    -184.01      26.69     189.47          116
       103572  4.549399e+13      26.81     161.40      79.72      27.34     161.69      84.62       3.19     105.47     332.00           11
       727667  6.203725e+13     172.01     205.08     449.61     165.96     197.99     446.96    -336.57    -473.50    -183.73           15
      1961248  4.962980e+13     465.82     351.89     127.60     471.71     350.51     122.74     342.16     -26.38    -300.29           12
      2086534  1.488894e+14     495.99     177.84      26.91     492.44     183.64      30.42    -229.88     417.28     209.71           36
      1064213  1.199387e+14     254.24     480.54      83.98     252.94     484.04      87.69     -85.47     210.82     254.59           29
       698861  1.033954e+14     164.45     326.80     423.52     169.84     329.58     425.43     335.07     201.80     106.91           25
      1681115  1.571610e+14     396.28     303.66     357.83     400.08     307.60     358.94     218.07     268.37      42.17           38
      1117043  7.030889e+13     268.27      90.19     450.94     270.82      89.39     455.13     185.17     -32.75     241.06           17
         6356  1.943834e+14       3.45     193.61     334.82       5.29     195.63     338.57      74.45     115.66     187.80           47
       704809  1.737043e+14     169.55       9.21     161.37     167.35      13.96     161.56    -131.57     281.37      16.14           42
      1926721  9.512379e+13     458.14     300.02     255.18     456.92     306.79     251.41     -44.34     474.65    -248.22           23
      1149445  8.685216e+13     275.39      80.64      21.48     275.63      86.07      21.11      30.37     379.74     -90.75           21
      1925747  1.943834e+14     458.98     267.08     451.01     456.82     269.54     456.38    -149.67     149.53     355.68           47
      1618473  5.376562e+13     387.17     391.98     161.51     380.85     394.18     169.39    -435.31     138.94     552.77           13
      1635944  2.564207e+14     389.30     421.69     412.55     384.59     421.72     411.24    -314.84     -12.52     -82.25           62
      1307504  4.962980e+13     311.85     398.76     437.83     313.54     407.34     433.88      95.14     530.47    -228.41           12
       682578  8.271634e+13     161.91     327.73     324.02     162.31     332.38     326.52     -11.78     301.25     146.48           20
      2050580  5.376562e+13     491.14      78.58      80.08     494.03      76.41      77.25     184.68    -133.02    -207.83           13
       577654  7.030889e+13     137.06     128.79     462.66     135.86     131.59     455.99     -88.34     178.77    -503.59           17
      1812933  1.654327e+14     429.00     328.91     271.39     431.94     332.74     269.02     186.11     236.67    -112.42           40
       571149  4.549399e+13     134.41     431.29      54.87     130.89     432.53      50.41    -219.91      79.02    -298.01           11
      1527898  1.199387e+14     365.64     128.97     355.27     362.50     124.83     367.59    -187.74    -245.62     757.32           29
       144114  7.030889e+13      32.97     396.94     445.89      32.70     392.21     450.73      -6.32    -328.39     305.81           17
       124639  9.512379e+13      31.33     304.94     373.73      33.93     304.44     372.48     153.14      -7.74     -53.52           23
       823658  5.376562e+13     198.77     134.47     418.42     196.36     131.69     422.99    -163.50    -171.57     270.55           13
       602340  1.240745e+14     140.10     382.29     391.54     143.15     385.57     386.18     179.61     221.88    -306.13           30
      2021380  1.033954e+14     486.80     189.45      16.80     486.42     195.71      24.42     -44.01     488.95     498.92           25
      1309782  4.135817e+13     311.33     471.88     336.72     308.33     480.21     333.62    -199.84     473.17    -187.14           10
      1718719  5.790144e+13     407.09     449.78     249.44     406.04     444.55     247.46     -62.55    -303.65    -106.72           14
      1730869  4.135817e+13     413.67     321.09     208.20     416.49     329.73     213.69     203.43     619.89     370.64           10
      2031788  7.858052e+13     486.94       7.09     173.01     482.15       9.06     172.75    -351.89     133.97     -22.85           19
      1269296  1.116671e+14     305.05     239.80     189.45     305.19     245.85     191.30      -9.30     400.52     156.44           27
       679488  1.116671e+14     165.44     232.42     253.11     169.17     229.57     253.20     262.22    -182.87      -5.92           27
       922003  4.135817e+13     219.92     138.28      76.17     226.46     134.69      70.69     456.11    -203.20    -349.25           10
      1521690  4.425324e+14     358.74     439.49     107.86     359.17     435.92     110.72      24.43    -227.45     182.71          107
      1533544  2.770997e+14     367.86     298.83     403.13     372.05     300.22     400.32     239.22      90.29    -206.74           67
       462707  2.605565e+14     111.27     116.47     450.30     118.45     122.03     451.06     466.15     356.25      47.40           63
       890671  2.191983e+14     210.24     185.33     185.25     208.92     187.96     181.71     -73.39     194.22    -252.21           53
      2081985  6.203725e+13       0.39      35.55     255.60     497.82      36.30     249.78    -182.80      26.67    -359.97           15
       229395  1.282103e+14      56.64       0.57      74.66      61.36       0.97      78.15     345.00      -4.79     219.20           31
      1499624  4.962980e+13     357.10     261.72     409.18     359.79     260.83     409.35     167.39     -65.93       1.46           12
      1476817  7.858052e+13     351.46      69.39     318.15     346.96      69.81     328.03    -302.33      13.32     648.70           19
       550723  1.240745e+14     132.03     309.51     263.54     131.46     310.31     261.00     -38.09      61.60    -173.02           30
      1074878  7.858052e+13     257.50     302.32     241.67     261.59     298.12     249.35     228.83    -263.25     491.63           19
      1852111  7.858052e+13     443.36      19.84     311.37     438.47      26.37     302.35    -290.53     427.17    -616.35           19
      2013253  4.962980e+13     473.96     440.10     268.23     473.40     438.58     263.60      13.13     -26.02    -270.53           12
       490069  6.617307e+13     115.48     455.08     333.50     118.59     454.41     335.42     189.45     -33.69      68.91           16
       431360  1.447536e+14     107.53     165.57       1.51     118.45     159.25     497.92     712.24    -381.42    -293.09           35
       906124  5.790144e+13     217.91     155.69      47.99     223.64     149.82      44.70     346.68    -352.66    -202.12           14
      1912712  4.135817e+13     454.30     373.83      33.20     452.06     371.02      32.07    -120.29    -138.41     -72.72           10
       864752  2.109267e+14     203.70     388.44     435.62     205.37     394.47     434.35     104.79     434.29     -60.40           51
       836800  1.282103e+14     197.01      35.35     249.94     193.23      38.00     247.22    -261.31     174.82    -148.88           31
      1191644  6.203725e+13     282.42     363.41     363.41     274.98     358.67     362.07    -456.20    -303.63     -77.93           15
      1867460  4.549399e+13     444.78     491.65     266.87     447.79     497.09     261.03     173.85     408.89    -351.46           11
        87980  1.819760e+14      20.60     189.19     173.92      17.26     186.53     174.99    -198.69    -156.67      77.31           44
      1303601  1.778401e+14     312.82     287.29     190.91     314.47     285.09     189.52     100.54    -167.54     -82.71           43
      1934961  6.617307e+13     460.94      49.32     444.58     453.81      52.12     453.16    -437.73     183.58     502.33           16
       440987  7.030889e+13     100.99     460.36     106.50     104.30     464.55     105.87     294.96     302.42     -34.86           17
        10732  4.135817e+13       5.08     328.52     420.70      11.57     324.77     420.38     358.37    -246.12       7.61           10
      1635760  1.323461e+14     389.53     420.90     186.89     386.12     413.89     181.72    -192.38    -435.95    -339.84           32
       549145  8.271634e+13     130.86     261.72     100.98     131.32     264.12      98.57      65.03     170.51    -150.55           20
       815938  1.571610e+14     190.28     396.79     259.05     195.88     393.81     261.72     419.20    -208.70     140.00           38
       508420  1.116671e+14     120.44      17.00      16.13     119.73      14.62      17.16     -47.58    -119.58      62.71           27
      1159840  9.925961e+13     277.18     397.46     129.23     280.33     397.16     131.19     169.52     -18.32     128.51           24
       719792  4.135817e+13     169.14     467.19     189.84     161.75     472.74     188.42    -440.22     302.68    -130.93           10
       931194  9.512379e+13     220.87     417.37     477.16     217.02     416.56     472.00    -244.82     -89.65    -280.49           23
       344352  4.135817e+13      85.55       8.98     128.12      83.90      10.41     132.60    -109.89      82.77     307.88           10
        50303  4.549399e+13      12.25      34.62     498.76      15.55      30.49      10.33     269.61    -311.03     729.36           11
       844149  7.030889e+13     203.01     260.68     460.13     208.90     258.47     455.20     398.95    -194.12    -319.93           17
       608488  1.158029e+14     146.76      65.85     409.60     152.18      61.19     410.08     348.23    -327.61     -13.04           28
        44489  2.357416e+14      11.41     359.20     287.18       8.90     356.47     283.48    -163.22    -184.98    -262.64           57
       155069  1.488894e+14      35.26     230.79     242.40      40.79     230.94     239.48     326.19       8.07    -163.99           36
      1226523  1.364820e+14     291.61     429.98     108.25     293.09     428.26     108.55     151.13    -104.76      27.69           33
       147735  7.030889e+13      37.57      10.91      90.42      39.51      12.87      90.94      93.75     139.23      59.94           17
      2021635  7.858052e+13     480.57     199.32      14.08     485.06     199.60      24.87     334.16     -12.06     798.92           19
       839415  2.440132e+14     200.24     108.22     468.52     201.72     103.69     468.87     114.20    -284.16      -1.29           59
      1283383  4.962980e+13     305.66     166.02     215.49     301.10     166.39     213.69    -277.28      23.34     -84.09           12
       392165  5.376562e+13      91.80     466.80     396.78     101.90     465.54     393.79     572.06     -64.12    -176.16           13
       198099  4.135817e+13      48.44      46.09     325.00      53.08      50.97     319.64     273.34     285.36    -286.59           10
       469237  5.376562e+13     112.23     316.26     458.68     117.27     315.55     461.40     290.91      21.66     179.92           13
       846097  4.962980e+13     198.89     321.94      69.66     202.50     324.63      69.12     268.28     212.06     -30.95           12
      1905993  4.549399e+13     454.01     165.66     284.62     453.65     163.61     278.89      -1.51    -121.05    -319.41           11
      1922938  6.203725e+13     461.07     181.90     476.17     461.58     180.90     476.88      21.79     -68.56      34.78           15
       355213  8.685216e+13      84.54     344.77      55.71      86.50     344.05      57.62      98.56     -69.47     142.15           21
       704991  1.819760e+14     170.01      13.76     373.40     169.76      10.07     376.67     -28.02    -241.47     198.06           44
       566374  5.790144e+13     135.60     282.65     400.39     132.07     275.55     403.70    -220.21    -427.97     175.27           14
      1635619  1.282103e+14     385.02     416.77     141.82     381.82     413.55     146.18    -230.78    -245.87     287.35           31
       936907  9.925961e+13     225.59      95.38     297.04     225.59      94.46     302.51     -13.74     -50.01     368.08           24
      1215373  2.853714e+14     296.90      96.44      55.00     289.61      95.01      51.01    -441.78    -100.85    -273.88           69
       174104  4.549399e+13      41.37     316.23      95.70      42.34     320.49      97.82      28.44     259.57     176.85           11
       129888  4.549399e+13      28.94     463.60     375.89      30.41     465.49     377.81      78.37     134.70     161.64           11
      1105515  1.199387e+14     264.08     237.81     419.92     260.42     237.17     419.93    -244.46     -39.01       2.08           29
       544797  4.549399e+13     134.06     128.02     115.59     132.56     127.33     110.95     -72.18     -85.32    -302.84           11
       114826  8.271634e+13      29.30       5.47      45.31      30.08      11.13      49.86      64.06     381.13     274.99           20
        33480  1.819760e+14       6.92      19.00     280.18       0.46      24.37     265.54    -412.24     370.34    -916.62           44
       706030  9.512379e+13     171.45      44.07     430.79     171.60      41.75     433.38       0.08    -149.78     141.31           23
      1942524  1.240745e+14     463.02     280.99     485.81     458.97     281.26     489.18    -252.07      41.29     244.58           30
       570027  4.549399e+13     134.77     394.00     171.70     134.04     398.18     167.71     -19.00     277.08    -193.15           11
       691040  9.925961e+13     168.95      88.38     378.09     171.77      85.49     380.91     176.65    -182.86     196.71           24
      1542661  4.962980e+13     369.14      81.71      21.48     369.21      79.76      22.48     -28.97    -174.37      27.36           12
       547829  1.447536e+14     130.19     217.02     460.44     127.33     212.62     450.58    -224.88    -296.61    -658.52           35
      1805871  4.549399e+13     433.77     112.04     186.26     436.68     108.65     188.87     155.25    -217.62     203.65           11
      1248509  1.612969e+14     296.72      96.70     497.05     287.93      97.36     497.62    -583.09      57.39       6.10           39
       600146  6.617307e+13     140.62     312.74     322.27     141.99     317.44     326.56      76.87     314.62     278.77           16
       773454  6.203725e+13     184.24     102.99     306.12     192.61      99.82     304.70     486.23    -190.34     -84.20           15
       255275  4.962980e+13      60.55     289.39     171.55      56.37     290.95     170.70    -251.13     164.11     -60.96           12
       772584  8.685216e+13     188.52      77.29     408.95     189.08      79.62     415.19      65.04     151.40     373.88           21
      1313834  1.447536e+14     312.33      95.03     165.23     310.60      87.08     162.36    -128.49    -516.98    -159.33           35
      1709592  6.203725e+13     410.55     177.73      93.88     408.96     174.14      92.68    -142.85    -219.07     -29.58           15
      2064833  6.617307e+13     494.87      13.18     259.77     493.39      18.78     255.40     -72.85     384.04    -222.88           16
      1503120  6.617307e+13     357.42     373.05      62.50     356.54     371.18      64.53     -47.05    -126.40     103.89           16
       651673  5.790144e+13     153.74     389.23     101.00     152.19     388.70      99.75     -71.25     -62.59     -59.22           14
      1389761  7.030889e+13     331.46     410.50     257.70     332.52     404.83     259.13      77.06    -358.85     153.68           17
       229637  7.030889e+13      56.18      10.00      20.11      58.64      12.65      24.68     152.72     176.22     272.26           17
      1803337  4.135817e+13     432.81      34.38     287.89     434.73      38.09     280.74     134.65     245.11    -483.66           10
      1544154  7.858052e+13     371.20     122.02     353.10     366.54     121.00     366.36    -320.12      14.49     839.88           19
      1200368  1.654327e+14     290.92     126.76     433.30     289.47     123.33     435.72     -83.62    -200.62     149.74           40
      2040604  7.030889e+13     484.95     274.93     111.33     486.32     275.22     111.65     100.06      21.77      10.19           17
      1319403  1.364820e+14     312.09     265.45     423.35     309.16     258.08     422.11    -170.82    -480.80    -100.04           33
      1639607  6.203725e+13     391.80      36.33     216.02     395.76      35.22     215.06     252.24     -68.37     -44.21           15
      1270202  8.271634e+13     301.37     263.67     230.47     296.37     264.37     230.56    -294.04      41.53      22.03           20
       432021  1.323461e+14     106.69     186.40      83.98     110.99     171.59      85.00     284.62   -1000.76      87.65           32
       215986  1.654327e+14      54.69      91.02     198.93      52.93      82.42     192.02    -121.13    -550.94    -436.53           40
      1661088  7.030889e+13     395.34     193.82     127.18     397.30     189.56     121.26     146.44    -324.95    -363.99           17
      1230498  1.158029e+14     294.92      53.85     137.83     292.28      50.88     139.36    -182.63    -182.88     118.01           28
       120474  4.962980e+13      29.62     177.73     103.19      24.37     168.73     101.20    -330.02    -564.19    -113.66           12
      1003684  6.617307e+13     240.23     131.59     142.33     238.26     126.59     141.33    -133.17    -291.91     -40.72           16
      1808443  7.030889e+13     432.79     189.45     231.73     427.68     187.97     225.93    -367.95    -109.19    -289.39           17
      1544795  4.549399e+13     368.43     140.09     358.49     364.94     130.27     370.36    -168.46    -620.23     748.52           11
      1096892  2.564207e+14     257.81     472.91     236.90     260.29     475.45     231.36     157.70     196.82    -408.80           62
       519326  6.617307e+13     122.31     350.34     121.09     123.03     355.02     115.65      35.92     276.34    -336.25           16
      1611670  7.568545e+14     380.88     178.57      80.72     385.29     177.32      79.52     319.75     -88.76     -79.56          183
      1007663  1.530252e+14     244.77     249.74     184.17     247.33     243.76     179.54     133.54    -362.00    -345.83           37
      1629085  6.617307e+13     389.65     217.77     116.21     389.51     216.92     114.94      -7.88     -55.45     -72.54           16
      1370830  7.030889e+13     327.55     333.75     305.72     322.27     335.73     298.89    -339.82     116.50    -392.77           17
       925713  7.858052e+13     221.53     249.28      67.33     222.02     248.66      63.34      12.30     -13.14    -267.48           19
      1929042  1.530252e+14     456.98     370.30     321.95     451.65     371.80     311.69    -365.12      67.31    -670.44           37
       254728  1.902476e+14      59.53     272.16      34.14      63.37     269.70      36.29     244.24    -164.92     139.51           46
       119737  8.685216e+13      32.09     154.67     226.47      29.13     152.30     222.59    -227.82    -170.01    -227.88           21
       655988  2.233341e+14     159.14      17.36     450.59     162.43      16.10     451.46     199.55     -73.11      63.93           54
       735250  4.135817e+13     175.78     441.02      73.05     176.44     442.48      71.53      11.51      29.51     -86.18           10
      1162942  6.203725e+13     273.05     493.88     240.23     268.63     488.71     236.11    -239.35    -370.73    -259.87           15
       271331  1.530252e+14      62.76     276.13     393.00      64.16     269.97     389.78      94.63    -382.86    -157.32           37
       392021  2.274699e+14      89.45     465.23     332.85      98.20     463.43     335.69     544.15     -96.69     186.58           55
      1152277  6.617307e+13     274.66     166.50      84.96     273.95     159.02      79.99     -39.03    -475.36    -302.78           16
       863965  7.444470e+13     202.91     363.93     366.32     201.86     365.51     368.15    -135.03     140.82     135.96           18
       252468  5.790144e+13      60.27     205.92     203.68      57.36     202.66     208.08    -190.45    -220.47     251.05           14
      2060114  9.512379e+13     490.06     364.05     323.62     488.97     366.32     318.71     -58.80     144.62    -249.50           23
       943840  1.861118e+14     222.96     301.78     376.95     225.01     309.19     379.51     142.87     515.87     183.00           45
      1332333  1.158029e+14     319.34     157.37     429.41     324.19     159.29     430.44     333.06     217.09      94.43           28
       809803  4.135817e+13     193.75     212.89     294.92     189.49     214.75     294.17    -314.81     120.24     -65.02           10
       960283  4.962980e+13     227.54     308.59     106.12     238.40     304.29     102.97     702.89    -300.76    -195.69           12
      1958034  8.271634e+13     466.60     258.98      72.66     462.55     254.42      75.37    -262.86    -307.05     201.59           20
       309620  6.203725e+13      74.35     447.53     454.30      78.97     450.44     462.54     227.68     193.08     495.47           15
      2021205  1.199387e+14     486.06     185.41     333.18     492.18     190.08     336.88     392.91     254.24     209.85           29
      1764187  2.191983e+14     420.59     339.44     357.20     414.88     344.90     356.56    -378.04     361.97      16.40           53
      1778476  5.790144e+13     427.46     274.55     170.76     425.17     270.30     172.34    -138.56    -276.08     116.08           14
       548430  7.444470e+13     128.26     235.03     307.07     126.23     237.00     312.88    -123.49     140.93     400.94           18
      1953585  1.199387e+14     470.16     121.83     192.96     471.76     114.75     196.80     100.55    -445.14     271.20           29
      1131873  8.685216e+13     271.11      42.88     380.67     268.52      48.25     379.57    -176.76     363.13    -135.27           21
       765122  5.376562e+13     179.54     348.11     259.47     179.54     351.89     263.90       2.81     266.26     243.64           13
       769813  5.790144e+13     182.20     495.81      86.50     179.50     497.04      80.60    -179.96     102.07    -391.05           14
      1419409  4.962980e+13     337.89     316.73      69.66     341.06     324.86      76.31     201.17     587.31     405.18           12
       324427  1.075312e+14      78.58     402.79     295.82      79.22     398.43     299.56      15.95    -309.39     301.75           26
      1633609  7.030889e+13     388.44     354.66     289.18     392.26     358.79     288.65     229.68     246.69     -32.64           17
       106169  5.376562e+13      25.69     239.33     222.81      30.24     239.53     221.90     265.17       2.66     -29.68           13
      1085390  9.925961e+13     258.30     122.23     305.01     258.63     116.97     307.38      42.78    -349.64     156.82           24
       661756  4.962980e+13     155.27     195.96     487.30     160.30     188.69     486.21     399.12    -465.06      -3.66           12
      1467071  7.030889e+13     349.15     272.40     248.97     351.05     271.94     249.90     115.95      -3.00      49.44           17
      2011460  4.135817e+13     477.73     386.72     267.58     475.27     388.17     269.09    -118.72      79.69     104.72           10
       943864  6.617307e+13     225.34     300.78     471.92     218.87     301.94     460.89    -460.66      78.22    -796.58           16
      1202789  1.282103e+14     285.72     203.69     395.98     288.18     197.46     397.30     170.59    -449.87      76.69           31
      1886492  8.271634e+13     450.39      69.14     109.77     450.05      66.28     112.43     -54.30    -169.87     170.76           20
      1510892  5.790144e+13     361.33     108.54     421.88     360.94     107.63     413.17       0.73     -81.19    -583.53           14
      1201414  1.695685e+14     286.73     165.54      28.15     281.39     157.89      26.41    -357.37    -473.56     -95.61           41
      1785040  1.116671e+14     423.39     473.16     311.27     425.90     473.80     307.80     179.13      51.31    -197.17           27
       429247  2.853714e+14     105.72      99.10     245.78     108.93      95.99     248.07     190.55    -160.11     179.06           69
       757033  4.962980e+13     181.97     104.49     162.43     183.00     102.58     157.47      73.27    -136.93    -290.62           12
      1992524  4.135817e+13     476.56     305.86     301.17     471.16     308.86     295.00    -388.10     160.81    -392.44           10
       108114  2.646923e+14      27.59     299.56     321.53      30.90     301.41     320.39     188.50     109.77     -49.18           64
       647390  9.512379e+13     156.17     259.94     368.80     158.76     253.51     373.07     214.07    -376.03     225.96           23
      1932801  7.858052e+13     459.81     485.51       6.89     467.29     481.93      13.33     483.97    -264.20     367.11           19
      1157315  8.685216e+13     275.58     319.10     262.56     275.46     323.15     267.54     -57.13     274.20     363.84           21
        70710  9.098798e+13      17.93     160.51     215.20      20.06     155.89     214.46     143.41    -300.50      -0.96           22
      1580154  6.203725e+13     378.52     216.80     479.30     369.35     213.83     481.40    -667.00    -192.69     123.36           15
       702945  4.549399e+13     166.02     451.53     381.21     167.38     451.76     383.22     166.03     -69.25     188.82           11
      1528163  7.072247e+14     369.85     136.87     399.89     366.39     134.65     400.95    -209.09    -138.72      48.41          171
       800758  1.240745e+14     189.97     435.68     465.36     188.91     439.79     465.02     -60.94     243.23     -34.70           30
      1240894  4.962980e+13     295.90     368.82     242.84     304.70     368.79     241.94     559.18      -9.13       3.04           12
      1455046  4.549399e+13     347.12     406.43     274.68     339.72     403.40     269.77    -546.25    -174.38    -297.45           11
      1193786  4.342608e+14     275.80     434.95     226.77     276.92     432.92     225.93      62.32    -150.79     -35.69          105
      1224209  5.252488e+14     291.42     360.10      73.16     294.52     363.02      80.38     242.23     180.11     462.91          127
      1182427  6.203725e+13     283.46      83.98     358.46     284.18      79.76     354.47      39.94    -238.79    -300.09           15
      1520263  1.282103e+14     360.57     396.11      27.15     366.63     391.27      30.42     406.28    -339.36     173.20           31
       754342  7.858052e+13     181.64      20.25     151.01     179.41      21.41     152.04    -162.67      55.69      66.75           19
       456842  9.925961e+13     104.65     446.29      38.90     105.43     449.95      41.14      34.35     225.07     157.91           24
       236983  1.406178e+14      58.36     234.26     217.49      61.89     234.11     222.41     261.51       3.15     316.73           34
       895315  6.617307e+13     214.11     322.51     327.15     215.57     328.02     330.41      63.11     347.71     226.20           16
      2061142  9.098798e+13     490.77     403.23     341.26     483.17     393.56     337.95    -500.40    -595.41    -172.34           22
      1835285  1.158029e+14     438.62       9.49      84.96     441.50       9.81      81.69     143.49       9.10    -214.65           28
       680286  5.790144e+13     163.78     258.09     369.14     161.73     253.46     375.26    -270.39    -284.56     364.13           14
       222420  6.617307e+13      52.98     285.16     329.59      58.43     287.02     327.52     335.61     129.89    -148.76           16
      1956952  1.116671e+14     463.18     226.06     347.73     459.25     223.24     345.47    -301.37    -221.33    -130.74           27
       910913  4.549399e+13     217.15     298.83     256.92     220.32     292.41     263.43     199.82    -363.83     388.99           11
       149572  1.075312e+14      39.21      67.16     266.68      42.39      66.30     260.40     198.05     -57.36    -352.72           26
      1742385  9.925961e+13     413.57     177.73     194.82     418.18     177.11     194.45     298.44     -29.33      -8.01           24
      1912403  1.447536e+14     452.73     361.77     328.29     448.29     366.37     315.37    -268.03     306.35    -854.50           35
      1118725  9.512379e+13     267.92     142.58      17.92     269.22     141.28      19.85      88.09     -57.79     145.07           23
      2012407  6.203725e+13     480.34     411.59     467.58     479.46     408.25     466.76     -42.51    -204.91     -94.67           15
      1346137  1.323461e+14     323.12      80.32     350.22     322.29      80.34     349.88     -39.22      20.19     -75.02           32
       360627  2.233341e+14      86.73       4.12     196.90      83.30       3.72     196.88    -280.25     -69.05      30.36           54
      2063578  1.530252e+14     488.12     471.86     355.31     485.16     470.09     353.56    -146.06    -127.01    -103.96           37
       832534  4.135817e+13     194.92     407.03      90.62     195.74     406.76      86.28      77.96       5.46    -271.89           10
      1275804  1.364820e+14     301.55     432.35     110.38     300.31     428.40     108.63    -108.55    -269.94    -112.68           33
      1477394  4.549399e+13     353.52      88.25      72.62     349.85      86.77      71.04    -223.67     -82.54     -85.46           11
       550381  8.271634e+13     132.03     294.14     430.47     131.88     289.92     433.16     -26.54    -254.94     182.82           20
      2072940  9.098798e+13     494.67     262.96     420.99     499.65     264.88     424.70     327.86      87.81     235.61           22
       838380  1.199387e+14     199.02      84.39     426.52     194.74      82.85     433.30    -264.66     -91.55     405.10           29
      1269728  6.203725e+13     303.52     248.05     376.95     299.46     244.61     379.87    -246.91    -196.78     191.62           15
       414512  6.617307e+13      94.48     152.83     189.70      92.92     145.71     186.85     -69.81    -498.70    -229.80           16
      1471891  6.203725e+13     349.61     419.92      73.83     352.74     417.11      76.76     193.36    -177.02     178.53           15
        86278  1.282103e+14      21.11     137.66      25.01      22.11     138.18      34.88     104.35      30.51     604.25           31
      1447084  1.695685e+14     346.37     161.06     171.64     345.39     159.70     166.30     -70.38     -80.26    -334.35           41
       494604  4.549399e+13     118.79      97.83      47.05     114.50     109.63      52.75    -292.20     767.54     424.45           11
      1418673  1.158029e+14     336.64     292.55     192.66     337.23     292.40     190.01      53.51     -24.46    -152.83           28
       621413  9.925961e+13     144.53     463.22     397.14     147.22     466.78     400.91     139.12     241.00     275.85           24
      1309541  3.680877e+14     315.99     464.91     394.38     312.08     472.41     396.03    -242.69     456.26     108.67           89
      1912924  1.199387e+14     454.14     378.17     361.33     452.21     383.85     358.14    -110.01     376.73    -167.89           29
      1720762  1.406178e+14     414.75       7.93     229.20     418.24      12.06     223.83     196.38     291.19    -392.63           34
       106351  8.271634e+13      24.80     241.60     433.40      29.68     239.22     434.45     291.21    -176.89     101.65           20
      1290170  1.075312e+14     309.34     373.20     229.27     312.78     376.01     225.95     222.77     190.99    -225.22           26
       316527  5.376562e+13      78.28     158.50     436.45      86.42     159.18     436.71     501.19      30.25       0.87           13
        57904  1.406178e+14      14.59     271.02     193.24      13.68     272.80     189.75     -51.99     133.28    -203.92           34
      1604708  6.203725e+13     379.04     469.92     392.32     380.56     467.97     395.74     148.18    -139.13     237.45           15
        77743  6.617307e+13      19.53     373.78     187.99      17.29     375.99     184.08    -122.61      93.36    -272.76           16
      1676605  1.778401e+14     398.12     166.20     244.50     401.75     166.40     237.90     237.91      -4.74    -373.22           43
       200275  9.925961e+13      46.71     113.12     327.31      58.94     112.89     323.40     719.05      22.07    -224.45           24
      1856031  4.135817e+13     445.70     141.80     121.09     446.23     148.34     126.59      13.95     513.23     406.11           10
       148911  2.357416e+14      35.74      49.58     185.14      37.93      49.81     185.36     102.34       3.80      28.78           57
      1231549  1.199387e+14     291.69      82.91     237.81     291.58      78.72     238.48      -8.58    -217.47      16.40           29
       680142  1.406178e+14     161.99     255.97     304.34     164.91     248.29     305.32     203.05    -485.92      59.59           34
       464761  1.695685e+14     112.85     177.83     472.89     119.11     169.43     469.39     388.89    -565.72    -200.86           41
       394082  4.549399e+13      94.28      25.04     385.12     103.32      26.51     386.27     547.00      82.28      75.08           11
      1088329  2.026550e+14     259.53     215.44     284.48     262.55     213.89     287.49     226.23    -133.37     186.22           49
       664362  7.030889e+13     158.43     275.62     164.64     159.88     274.27     165.57      39.98     -50.67     104.55           17
      1574946  7.030889e+13     376.95      65.83     135.68     375.78      65.36     137.96     -92.62     -31.45     128.74           17
      1964055  9.512379e+13     464.25     441.15      92.65     463.67     434.85      96.17     -50.19    -469.69     226.92           23
       371347  2.026550e+14      82.87     335.74      76.25      82.63     338.68      72.85       9.18     194.04    -236.61           49
      1078150  1.364820e+14     253.73     401.34      23.50     250.82     402.22      27.60    -170.14      64.89     251.33           33
       960221  5.790144e+13     230.19     303.85     367.19     225.88     309.13     372.28    -281.90     337.68     373.34           14
      1135621  4.135817e+13     270.31     158.20      24.22     272.49     151.05      21.63     160.86    -465.23    -255.51           10
       754035  4.549399e+13     182.71       8.70     451.17     178.24      14.41     451.96    -364.99     369.38      70.09           11
      1149358  2.853714e+14     278.90      75.15     177.90     281.73      67.76     172.06     196.29    -448.09    -349.09           69
       994533  4.962980e+13     234.05     346.35     396.81     233.32     336.79     397.34      42.64    -623.19      57.81           12
       357901  5.790144e+13      80.92     425.50      54.97      78.72     434.82      52.79    -155.72     583.64    -153.43           14
       959262  1.033954e+14     230.39     274.45     118.98     231.61     272.71     115.78      61.73     -64.86    -193.89           25
      1634604  5.790144e+13     388.67     383.93     174.67     384.49     388.01     176.92    -299.53     313.38     111.60           14
      1982509  8.685216e+13     477.59       4.37     176.43     478.56       7.77     174.93     106.38     246.38    -116.25           21
       595946  9.925961e+13     141.11     182.45     416.34     146.85     180.72     423.66     435.05    -118.45     468.77           24
       539889  8.271634e+13     125.00     478.52     444.73     133.44     478.63     447.20     561.22     -54.58     123.46           20
       383064  8.271634e+13      89.84     186.91     345.12      89.70     192.17     351.50     -81.10     389.39     448.73           20
       689597  3.060504e+14     167.07      42.70     237.75     166.17      41.47     237.30     -55.22    -115.87       4.85           74
       313275  4.135817e+13      74.22      62.50     231.25      74.16      54.97     229.55      16.99    -512.59    -104.94           10
       940831  6.203725e+13     223.57     213.41     124.09     228.08     218.72     129.16     296.36     358.03     284.93           15
      1081593  6.203725e+13     260.81       5.86     475.91     255.19      12.95     474.51    -349.35     446.15     -88.97           15
       601328  5.376562e+13     142.88     347.51     440.05     146.64     345.54     446.39     231.32    -108.19     405.60           13
        94615  5.376562e+13      22.39     387.77      92.10      20.31     381.10      94.45    -170.53    -443.52     146.95           13
      1604866  1.612969e+14     382.66     475.51      10.27     382.70     482.23      13.86      16.79     433.43     227.17           39
        41452  1.075312e+14      10.07     263.07     421.57       8.73     263.76     421.81    -151.43      54.71      32.29           26
       166836  7.858052e+13      43.48      93.03     205.90      44.84      86.44     197.20     132.06    -400.60    -590.97           19
      1869448  4.135817e+13     448.44      53.91      31.64     450.29      58.01      41.84     115.40     268.31     658.86           10
      1701181  4.549399e+13     403.59     414.24     240.23     403.40     411.69     232.76       1.72    -115.95    -484.90           11
      1138589  5.376562e+13     270.88     246.24     113.43     269.22     247.08     114.84    -107.32     105.15      92.56           13
       820846  4.135817e+13     195.70      50.78     432.42     197.64      45.81     441.73     188.51    -360.53     562.18           10
      1785690  8.271634e+13     422.46     495.51     353.91     420.07     494.29     355.68    -159.98    -101.34      89.40           20
       634404  5.376562e+13     150.69     359.53     143.78     145.36     365.19     137.20    -314.43     365.02    -416.55           13
      1298998  8.271634e+13     308.40     142.38     214.65     309.42     145.25     212.32      88.48     162.88    -111.77           20
      1029866  9.098798e+13     245.92     427.56     417.61     244.04     429.21     422.41    -137.57      81.97     319.60           22
      1871743  5.376562e+13     445.76     118.84     498.05     436.79     117.43       6.57    -557.29     -97.76     536.25           13
      1930646  4.011742e+14     457.62     425.80      92.00     458.11     424.35      96.98      33.73     -84.29     338.14           97
       897250  5.376562e+13     213.49     379.36     385.07     208.51     376.22     380.51    -343.82    -162.60    -281.53           13
      1235180  8.271634e+13     294.73     193.75     425.20     295.09     193.75     421.36      -0.93       2.18    -284.48           20
      1622625  1.819760e+14     390.54      19.35     380.33     385.73      21.79     384.93    -283.80     164.62     327.86           44
       334329  5.376562e+13      80.38     199.97     472.21      89.71     195.47     462.49     568.04    -281.69    -586.06           13
       643052  1.199387e+14     154.70     123.18     424.91     153.87     125.52     434.39     -85.93     175.94     612.79           29
      1749147  4.962980e+13     415.69     379.56     108.72     412.59     382.74     106.33    -185.85     180.31    -154.13           12
       695737  1.199387e+14     168.31     233.23     222.86     171.25     232.76     226.66     161.00      24.79     226.73           29
      1900916  7.858052e+13     454.26      10.38     455.69     446.38       7.98     459.21    -513.01    -162.30     190.90           19
      1621262  1.612969e+14     389.27     474.91      54.74     392.25     478.12      57.23     194.80     195.89     141.03           39
      1190056  4.549399e+13     285.33     321.91     158.20     291.21     326.87     154.25     322.07     280.10    -276.58           11
       911967  5.790144e+13     218.19     329.80     369.14     219.18     331.02     371.26      51.06      61.08     164.73           14
      1932789  7.030889e+13     458.07     484.95     456.69     447.84     487.97     463.66    -697.71     232.90     466.98           17
      1720873  5.790144e+13     411.27      17.58     162.95     414.11      20.70     163.20     193.92     205.59      35.04           14
        24219  5.376562e+13       5.86     240.23     105.02       8.69     237.47     106.99     172.26    -120.82     180.86           13
      1152120  4.549399e+13     274.68     156.43     469.64     273.72     154.12     472.86     -42.72    -104.79     197.47           11
       754939  2.274699e+14     180.93      37.54     479.08     185.58      38.06     477.92     292.05      53.21     -59.97           55
      1855236  1.406178e+14     441.29     122.01      16.20     434.13     117.39      18.77    -510.63    -338.84     114.73           34
      1093391  1.943834e+14     255.36     366.15      62.04     259.57     371.01      65.19     270.89     312.91     180.91           47
       461844  1.530252e+14     109.11      97.60      81.87     109.75      99.13      86.42      54.34      82.93     289.93           37
      1280270  1.530252e+14     304.00      71.74      56.85     296.84      76.06      52.75    -451.97     315.87    -273.08           37
      1603348  1.033954e+14     380.23     429.14      81.33     380.79     428.10      82.21      61.15     -61.61      30.58           25
      1031066  5.790144e+13     246.09     466.80     102.40     246.18     475.68     101.72     -29.20     609.27      -2.88           14
      1227670  4.549399e+13     288.88     468.93      87.54     283.84     470.30      91.17    -287.11      84.13     225.52           11
       912842  8.685216e+13     215.12     359.47     293.62     211.50     364.48     298.01    -279.89     329.20     262.98           21
      1346273  1.075312e+14     318.51      86.39     378.46     323.18      85.33     375.80     307.67     -48.77    -162.59           26
       248008  5.790144e+13      61.10      66.69     284.04      64.87      69.37     276.01     235.71     203.44    -527.04           14
      1491853  7.858052e+13     358.86      28.27      52.53     360.81      27.94      47.96     196.54     -98.19    -339.72           19
       571899  2.688281e+14     133.92     451.71     481.88     132.29     454.63     481.03     -97.54     195.02     -74.25           65
      1436795  4.425324e+14     344.53     349.43     480.96     347.24     347.78     487.13     131.96    -119.61     372.11          107
       515523  9.925961e+13     123.37     234.21     262.86     125.18     234.64     263.73     115.95      26.78      41.49           24
        26304  1.406178e+14       3.91     302.16     251.38     497.94     306.05     251.96    -366.53     247.82      47.32           34
      1438570  1.323461e+14     341.19     400.02     417.60     345.55     404.23     414.70     252.86     271.08    -209.98           32
       318177  1.199387e+14      76.58     208.85     380.19      78.91     210.98     382.79     110.57     130.40     191.71           29
      1163883  6.203725e+13     276.95      17.84     420.96     276.98      17.84     419.09      80.61    -119.08    -100.32           15
      2019434  1.116671e+14     481.26     127.68     415.44     477.86     128.01     417.03    -201.03       4.98      84.68           27
      1589472  1.488894e+14     380.97       4.23     375.87     379.44       7.54     377.96     -89.24     198.01     127.03           36
       737384  7.444470e+13     179.47       4.77     403.86     178.57       1.84     411.15     -50.67    -195.48     487.75           18
       859063  7.858052e+13     200.56     217.00     213.71     201.12     210.28     214.22       5.68    -474.39      46.73           19
       330784  1.116671e+14      84.42      93.82     126.95      85.97      90.01     122.41      93.99    -262.75    -329.21           27
       791081  7.030889e+13     188.99     143.04     161.42     189.87     142.43     156.71      35.54     -39.53    -288.43           17
      1917617  5.376562e+13     459.59      21.48     192.46     458.39      22.56     189.41     -77.97      61.65    -216.79           13
      1134192  2.109267e+14     267.35     116.38     435.93     270.05     109.97     438.79     208.09    -447.69     118.32           51
       293266  4.135817e+13      69.92     450.39      74.22      74.03     450.02      72.00     234.52     -42.73    -185.31           10
       552838  1.323461e+14     128.91     375.85      28.32     127.75     376.00      32.56     -92.50      -4.78     267.61           32
       693704  9.925961e+13     167.15     172.20     285.97     169.87     178.92     283.20     167.32     454.97    -173.15           24
       821084  7.444470e+13     194.88      55.77     360.46     194.97      58.65     360.59      40.14     197.18     -26.77           18
      1188878  5.790144e+13     282.09     285.16      58.59     278.45     279.75      57.93    -231.07    -408.85    -176.36           14
       265945  9.098798e+13      65.34     115.77     348.37      72.05     118.00     343.30     376.89     143.18    -380.29           22
      1872386  6.617307e+13     448.73     142.82       9.03     443.87     136.65      12.97    -344.48    -393.62     211.93           16
       824007  5.376562e+13     198.17     148.59     279.90     197.85     147.94     284.35     -31.39     -47.31     269.37           13
      1455745  9.512379e+13     347.06     428.41       6.37     347.72     426.52       6.84      57.54    -103.55      43.17           23
      1916170  4.135817e+13     452.73     478.91      43.75     454.58     480.11      49.16     152.84      25.17     334.94           10
       538504  7.858052e+13     126.34     437.40      32.38     126.08     441.20      31.85     -11.88     215.65     -22.55           19
       480002  1.323461e+14     120.85     149.41      10.86     123.57     147.50      11.29     142.42     -93.65      13.40           32
      1485961  8.271634e+13     355.86     350.39      36.91     359.01     349.10      43.49     177.95    -120.86     462.73           20
      2061281  4.135817e+13     490.23     405.86     382.42     487.45     400.81     378.91    -214.60    -333.04    -245.94           10
      1234943  9.098798e+13     295.63     186.79     496.63     294.96     182.20     498.21     -36.48    -266.93     107.97           22
      1083625  8.685216e+13     260.51      67.24     413.78     259.23      61.31     416.06     -79.82    -401.69      83.08           21
       634450  5.376562e+13     150.69     360.43     324.07     160.82     360.88     325.32     666.35      18.25      68.01           13
      1356525  9.925961e+13     322.27     396.65     427.57     325.47     404.89     426.50     228.94     510.89     -67.09           24
       644806  6.617307e+13     157.71     177.73     274.17     161.79     183.87     271.96     250.12     422.69    -127.72           16
        61849  1.158029e+14      12.00     384.77      95.98      13.62     376.85      98.83     114.16    -555.40     224.02           28
       588709  9.925961e+13     141.28     466.63     145.18     138.17     462.30     143.94    -187.84    -338.79     -64.07           24
      1248830  4.549399e+13     298.12     109.55     245.21     293.15     101.78     243.39    -310.37    -458.32    -115.18           11
       711037  1.778401e+14     165.11     200.63     488.69     164.35     192.25     485.06     -43.60    -529.10    -198.20           43
      1055719  1.116671e+14     253.98     217.52     405.89     254.00     217.68     402.71     -20.71     -23.23    -254.97           27
       262836  1.364820e+14      62.80      20.77     204.01      64.21      20.24     201.82      87.27     -32.64    -121.71           33
       998537  6.617307e+13     236.82     474.61      34.42     234.24     476.22      37.19    -196.94      87.93     238.15           16
      1215224  2.605565e+14     295.60      86.84     467.97     287.88      87.61     472.01    -509.22      81.40     275.09           63
      1929562  4.549399e+13     458.27     386.54     353.52     456.29     388.72     352.21    -120.89     166.89       9.87           11
      1358944  4.962980e+13     322.92     472.01     375.00     317.53     480.22     379.67    -410.20     476.97     301.37           12
       311117  7.030889e+13      72.04     495.29     301.82      75.87     493.22     300.53     229.27    -128.32     -62.46           17
      1910083  4.135817e+13     453.52     291.80     261.72     452.55     301.65     256.38      -6.79     676.07    -312.56           10
       257833  8.271634e+13      60.35     370.70     162.30      59.39     372.69     156.20     -83.06     157.92    -383.65           20
       270806  7.858052e+13      63.84     264.70     335.63      69.17     269.57     333.71     323.17     369.93    -165.91           19
      1078789  7.444470e+13     256.08     426.00      21.70     251.23     427.22      24.72    -303.29      75.34     197.11           18
      1515450  4.135817e+13     359.38     251.95     226.17     364.86     251.39     226.07     365.57     -57.35      33.40           10
      1600870  1.985192e+14     377.60     355.22     398.36     379.11     353.33     395.27      65.95    -147.22    -200.13           48
      1480361  1.612969e+14     347.21     178.74     159.00     343.89     176.99     157.68    -211.82    -126.85     -79.23           39
      1548934  7.444470e+13     365.67     271.92      24.52     374.47     274.89      25.28     592.56     172.88      33.45           18
      1220179  4.135817e+13     291.41     235.16     325.78     290.74     233.80     327.57     -49.81     -71.97     140.21           10
      1368448  4.962980e+13     325.52     263.35       4.23     322.46     258.98       7.31    -215.93    -230.03     219.90           12
       126153  8.271634e+13      28.12     350.78     289.65      24.05     352.59     289.71    -236.34     115.98      13.54           20
       243857  6.617307e+13      56.64     444.82      70.31      59.96     445.19      66.30     182.44      10.95    -293.03           16
       573634  4.549399e+13     140.80       4.44     259.41     138.22       9.31     254.61    -201.47     283.15    -319.14           11
      1241430  7.858052e+13     297.59     386.62     335.83     293.08     382.65     332.70    -275.13    -231.65    -144.36           19
       277052  6.203725e+13      61.07     457.16     237.11      65.60     465.78     232.83     295.00     486.42    -259.98           15
      1563381  6.203725e+13     373.57     207.16     459.51     367.36     204.52     462.59    -374.53    -144.53     209.60           15
      1853835  9.512379e+13     444.04      76.34      45.26     444.50      78.96      49.52      14.91     170.17     267.44           23
       904659  1.778401e+14     212.35     104.15     327.72     213.14     104.88     329.84      35.90      96.96     186.89           43
      1181411  1.033954e+14     284.14      52.89     385.23     279.83      53.66     383.50    -230.92      47.34    -115.51           25
      1779133  9.925961e+13     423.50     295.41     239.91     426.77     298.73     238.75     223.89     183.47     -64.72           24
      1115228  8.685216e+13     265.90      34.32     361.14     266.74      41.98     364.82      28.36     510.82     253.54           21
      1452004  5.376562e+13     344.80     311.45     389.87     353.53     306.86     387.92     566.42    -302.92    -113.87           13
      1965059  1.364820e+14     469.99     470.35      12.96     471.08     468.81      19.65      72.64    -137.99     423.73           33
       216478  6.203725e+13      54.04     106.90     119.66      56.75     105.35     119.46     190.17     -98.55     -29.60           15
      1600782  4.135817e+13     380.86     353.91      56.25     377.67     353.20      58.82    -197.04     -52.64     193.15           10
      1224160  3.474086e+14     286.83     355.75     375.98     279.41     354.09     374.01    -445.65     -98.74     -94.58           84
      1049980  2.026550e+14     254.66      43.17     484.73     250.66      48.59     481.09    -246.71     308.86    -223.93           49
      1523820  2.233341e+14     362.49       0.58     426.50     361.95       3.77     424.13     -24.73     176.36    -105.14           54
      1511589  1.033954e+14     358.36     130.86     146.64     357.82     129.81     144.53      -8.05     -67.14    -146.70           25
      1330694  7.030889e+13     321.58     108.57      24.47     311.33     110.20      27.19    -689.38      96.96     197.60           17
       812173  5.376562e+13     191.86     286.81      53.34     190.05     281.64      50.64     -93.35    -317.78    -179.31           13
        12593  6.203725e+13       2.73     383.72     192.84       1.97     388.30     191.88     -47.57     294.69     -60.63           15
      1924106  7.858052e+13     459.60     221.53      40.40     467.80     221.13      40.12     557.98     -11.05     -30.92           19
       314958  4.549399e+13      74.75     109.55     307.71      77.94     111.10     308.10     216.89     132.43      51.95           11
      1619849  4.135817e+13     384.38     433.98      39.06     387.09     428.90      43.75     173.24    -313.31     247.91           10
      1988999  9.098798e+13     474.96     201.17      29.47     481.40     200.87      31.58     454.41     -28.31      55.27           22
      1760094  9.925961e+13     418.29     213.54     370.12     415.51     216.35     373.51    -152.42     151.91     193.97           24
      1446825  7.030889e+13     344.09     154.99     163.72     342.27     154.36     161.81    -117.65     -17.64     -87.14           17
       971143  6.203725e+13     231.90     139.71      28.78     236.23     138.92      30.75     295.68     -65.06     129.51           15
      1253685  5.790144e+13     301.06     261.72     208.98     298.31     264.14     204.46    -214.99     153.84    -304.00           14
       684760  1.654327e+14     159.47     394.43     345.70     163.29     396.92     347.80     237.57     158.33     140.75           40
      1537566  4.962980e+13     365.56     420.57     119.47     365.70     420.18     118.78      12.31     -12.16    -101.09           12
       187364  1.282103e+14      43.28     218.94     394.72      49.66     217.53     391.24     379.22    -113.86    -282.40           31
      1885565  4.549399e+13     451.88      41.02     489.52     453.54      42.58     489.45      91.88     135.27     -32.39           11
       725781  1.116671e+14     172.53     147.21      83.55     168.62     145.64      83.28    -238.29     -73.71       2.04           27
       111184  1.447536e+14      28.85     394.25     319.48      29.04     389.66     314.83      33.19    -270.72    -265.46           35
      1305278  1.199387e+14     311.49     330.35     246.83     311.33     335.15     245.94      -6.07     300.63     -49.96           29
      2091980  7.858052e+13       0.31     343.44     299.65     498.97     348.58     294.71    -111.41     339.85    -275.55           19
       743189  5.376562e+13     177.43     181.94      82.18     171.48     171.51      79.33    -372.02    -644.78    -145.58           13
      1097145  4.135817e+13     262.89     484.38     228.91     260.14     482.84     228.31    -224.42    -100.17     -30.13           10
       540108  8.271634e+13     127.93     481.25     299.02     130.15     481.77     296.73     125.90      32.41    -137.21           20
       974753  6.203725e+13     231.90     247.01     130.60     231.96     240.40     126.47     -60.33    -426.98    -282.91           15
       620371  7.030889e+13     146.71     430.49     325.71     148.31     432.29     331.41      89.48     143.85     339.53           17
       375694  4.962980e+13      87.24     468.75      56.64      91.16     465.91      55.48     220.80    -189.18    -106.34           12
      1274318  4.962980e+13     302.41     389.65     305.99     301.14     382.50     298.97     -79.84    -431.87    -410.81           12
       880967  1.695685e+14     203.46     382.96     279.01     204.99     383.81     281.62     101.84      46.13     156.40           41
      1514116  7.444470e+13     359.81     209.64      17.58     355.75     203.19      14.02    -281.00    -401.74    -226.86           18
      1072615  5.376562e+13     255.26     231.52     405.50     254.85     230.09     409.56      -6.53     -76.19     233.13           13
      1635556  4.135817e+13     387.89     413.67     394.53     382.73     412.25     401.58    -388.99    -164.10     522.64           10
      1902162  2.357416e+14     457.07      46.50     321.58     451.07      48.18     314.19    -388.11     128.05    -443.74           57
       551797  9.512379e+13     129.50     337.04     457.29     131.77     335.39     456.18     147.66     -91.30     -99.23           23
        68684  4.135817e+13      19.14      92.97     301.95      23.06      88.91     292.47     151.54    -201.96    -548.44           10
      1859609  7.444470e+13     447.48     253.04     100.26     448.04     248.96      91.87      28.26    -251.96    -521.58           18
      1679040  1.075312e+14     398.74     240.38     251.65     397.96     245.47     248.28     -36.45     345.99    -200.31           26
      1711928  7.444470e+13     407.12     242.62     221.57     407.52     242.14     219.47      25.12     -37.02    -139.27           18
      1775000  1.447536e+14     423.72     170.37      97.38     423.84     168.26      96.75       3.65    -140.48     -36.89           35
       646860  5.376562e+13     155.80     239.63     298.53     155.06     235.65     302.44     -51.01    -261.06     271.10           13
       373455  1.406178e+14      84.44     396.71     309.63      80.46     397.94     305.58    -323.61      80.92    -307.98           34
      2091712  5.831502e+14     494.53     339.89     253.26     492.70     337.75     254.20     -88.05    -159.02      65.43          141
       279462  5.376562e+13      64.75      31.40     153.09      69.14      31.99     150.28     293.98       5.03    -218.99           13
       569011  1.158029e+14     133.65     364.82     204.24     134.69     365.22     204.96      73.47      28.80      58.15           28
      1974016  4.135817e+13     472.66     243.36       0.39     467.34     238.45       6.75    -378.28    -279.52     423.95           10
       233173  9.925961e+13      57.45     114.10     334.96      66.16     115.56     330.88     491.86     100.38    -244.46           24
      1823183  5.376562e+13     434.95     137.77     311.45     426.50     134.04     310.88    -493.68    -222.50      -8.02           13
      1309663  7.444470e+13     309.90     465.93     372.18     306.09     474.08     379.04    -245.50     472.46     429.53           18
      1993803  4.549399e+13     474.61     345.35     294.57     471.56     347.53     291.38    -185.96     149.96    -191.39           11
      1124481  5.790144e+13     264.23     318.64       5.58     259.68     317.91       2.85    -224.32     -26.74    -152.75           14
       140237  1.116671e+14      33.35     279.59     304.33      36.16     285.38     305.38     177.28     333.34      82.29           27
      1224493  8.685216e+13     291.20     370.07     174.39     297.33     373.53     174.64     369.40     197.89      16.67           21
      1242287  5.790144e+13     297.43     408.76     185.83     303.62     405.29     186.06     431.84    -223.17     -15.97           14
      1857928  4.135817e+13     442.19     202.73      34.38     446.79     197.98      39.05     289.91    -332.83     233.20           10
      1421454  4.135817e+13     339.06     379.30      54.69     339.27     380.75      61.34     -73.76     137.54     428.53           10
      2036973  7.858052e+13     486.53     163.34     426.09     483.92     164.97     429.30    -182.49      97.16     189.99           19
       504002  1.778401e+14     118.69     379.50     259.13     120.98     382.21     261.81     161.24     169.04     144.15           43
      1705817  6.617307e+13     408.94      56.88     349.12     399.03      62.40     347.67    -642.19     372.81     -87.73           16
      1896398  6.617307e+14     448.19     375.46     302.37     449.59     376.51     299.48     117.68      94.50    -166.09          160
       712099  5.376562e+13     170.82     232.42     140.78     174.50     228.44     138.26     190.11    -226.41    -206.70           13
       331364  1.778401e+14      81.17     109.24     388.85      86.40     114.83     388.25     287.82     359.72     -66.05           43
       525798  6.203725e+13     126.17      43.36     400.65     135.90      44.68     405.96     593.95     117.07     323.55           15
       266785  9.098798e+13      61.79     140.09     129.62      62.22     136.52     125.03      13.03    -205.23    -296.00           22
      1838459  5.376562e+13     438.55     102.91     482.72     432.63     106.04     491.81    -344.73     223.57     588.63           13
      1600486  4.549399e+13     378.02     340.02     398.62     382.92     343.19     397.78     323.67     237.81     -43.36           11
      1343407  7.030889e+13     314.45     493.22     187.84     314.91     491.71     187.80      40.51     -57.33      20.41           17
      1963214  9.925961e+13     466.63     413.25     307.13     461.54     405.13     301.18    -321.89    -507.21    -369.91           24
      1690191  1.737043e+14     401.13      72.17     311.94     399.71      69.18     316.25     -79.31    -195.49     339.50           42
      1447337  5.376562e+13     346.00     173.23     163.91     343.20     172.70     161.11    -187.73      -5.62    -177.71           13
       190177  4.135817e+13      45.70     301.17     382.03      45.68     299.95     380.36     -24.00     -64.31     -93.76           10
      1275960  6.203725e+13     302.73     439.97     220.96     296.35     438.62     218.10    -409.90     -30.48    -125.81           15
      1691512  4.962980e+13     402.99     119.14     468.75     402.71     115.78     476.06      14.98    -198.65     509.87           12
      1039291  6.617307e+13     248.54     218.51     232.42     246.26     225.97     232.38    -136.56     493.07       4.83           16
        26612  7.858052e+13       4.63     310.14     453.02       4.32     309.74     449.41     -12.09     -25.22    -232.63           19
      1707913  7.444470e+13     407.77     121.31      35.16     411.54     119.79      34.84     254.94    -103.06     -22.30           18
      1026978  1.985192e+14     249.84     338.30     135.74     255.50     340.28     133.56     325.43     121.45    -120.32           48
       130494  5.376562e+13      28.09     482.72     244.14      29.63     489.73     237.93     119.80     462.41    -311.92           13
        11470  1.282103e+14       1.83     354.15     306.51       0.33     355.31     297.80     -87.29      50.90    -561.37           31
      1691698  5.790144e+13     404.85     126.12     196.43     407.51     124.97     190.26     125.55     -44.80    -351.32           14
      2061077  9.098798e+13     490.06     401.46      79.90     488.11     400.54      84.87    -141.30     -82.17     303.42           22
      1526239  1.406178e+14     362.94      80.19     373.39     353.50      82.01     376.14    -620.73     117.52     181.21           34
      1821482  1.364820e+14     433.65      91.92     164.83     441.71      91.37     161.26     560.11     -39.10    -260.14           33
       802832  1.282103e+14     195.00       0.06      63.70     193.44     498.52      65.65    -104.88    -109.00     128.22           31
       709850  6.617307e+13     169.43     161.38     354.49     169.76     161.65     360.57      52.70       9.32     377.39           16
      1776611  4.962980e+13     422.20     216.80     388.35     413.44     219.98     389.15    -520.12     218.32      53.61           12
       947394  6.203725e+13     225.13     411.07     257.94     228.81     406.66     261.28     193.35    -293.72     203.34           15
      1460437  2.026550e+14     348.25      67.24     332.39     345.93      68.80     335.70    -130.12      84.44     179.09           49
      1883536  8.271634e+13     445.12     481.45      66.21     445.66     485.57      62.31      49.99     226.74    -269.52           20
      1395050  7.858052e+13     333.78      72.88     413.96     336.63      73.80     409.97     226.58     107.00    -300.19           19
        95759  8.685216e+13      24.46     423.46      58.69      27.33     428.37      57.23     161.12     321.77    -113.72           21
      1510886  8.271634e+13     358.98     109.57     398.44     360.11     111.24     398.36     113.29     159.75      14.65           20
       622303  5.376562e+13     145.28     486.93     374.55     151.10     486.59     377.36     379.71      15.66     126.67           13
      1050534  1.075312e+14     252.40      62.20     149.64     256.52      58.11     147.26     303.33    -273.03    -102.78           26
       442285  4.549399e+13     103.16     495.92     177.02      95.01     498.09     181.86    -527.78      95.62     329.92           11
      1082643  7.030889e+13     260.45      40.33      75.25     257.43      42.57      76.97    -221.03     133.38     138.65           17
       433740  8.685216e+13     103.70     238.75     299.20     103.20     238.25     303.02     -42.26     -65.17     238.32           21
       161034  5.790144e+13      37.39     415.18      39.06      43.75     427.27      42.84     480.70     881.29     253.64           14
        11748  5.790144e+13       4.46     357.42     393.14       8.64     353.77     385.70     249.56    -259.01    -480.74           14
       565449  4.962980e+13     133.79     257.81     286.46     130.71     251.06     290.33    -149.46    -404.39     259.13           12
       538486  5.790144e+13     126.67     432.48     462.89     129.59     438.03     468.57     146.14     342.84     367.05           14
      1763951  1.530252e+14     417.39     327.54     435.44     413.94     323.80     436.76    -209.48    -241.12      63.87           37
       163058  5.376562e+13      35.01     475.51     448.17      40.15     473.01     455.27     366.09    -144.05     408.69           13
       522469  8.271634e+13     118.75     447.46     397.07     124.51     451.12     396.74     295.88     193.83     -38.46           20
      1376209  1.075312e+14     323.77     498.50     317.01     319.23     499.68     319.17    -278.86      49.79     121.68           26
      1844940  1.447536e+14     440.68     301.06     297.60     438.35     301.63     295.45    -211.12     -41.26     -91.50           35
       143394  9.512379e+13      34.22     373.73     137.82      36.01     374.86     136.74     139.23      86.74     -38.05           23
      1951051  6.203725e+13     464.19      40.23     292.58     460.38      41.98     283.76    -271.27     103.55    -508.20           15
      1911314  6.617307e+13     454.10     328.86      73.97     452.09     332.46      76.29    -153.29     253.76     116.59           16
       746195  2.191983e+14     175.97     270.67     326.02     178.48     269.10     325.36     137.60     -86.28     -34.05           53
       352315  4.962980e+13      85.61     251.30     233.40      84.77     243.67     230.26     -87.48    -504.90    -202.74           12
       765397  1.158029e+14     182.20     355.33     334.82     185.15     354.76     334.98     202.76     -64.08       0.69           28
       810330  8.685216e+13     192.62     227.59     354.26     191.71     227.66     358.08     -60.63      -3.22     254.01           21
      2014638  6.203725e+13     477.47     482.42     181.38     475.81     483.75     182.92    -121.25      73.20     117.45           15
       778886  4.135817e+13     185.55     269.53      25.39     185.61     268.88      28.72       5.39      -6.64     213.01           10
       391852  4.962980e+13      88.87     458.66     172.85      90.80     464.15     172.69     138.66     339.26       6.94           12
      1526139  6.617307e+13     366.70      72.02     484.13     366.91      73.82     485.46      54.88     146.16     115.38           16
       995531  7.858052e+13     235.51     379.83     295.13     231.87     377.80     293.46    -250.93    -144.57    -108.88           19
        44154  1.571610e+14       7.81     343.24     477.49      11.75     347.13     481.10     263.31     245.57     228.51           38
       665525  7.858052e+13     160.26     310.55     210.01     158.30     306.98     210.63     -94.18    -252.54       4.72           19
      1826200  1.778401e+14     436.55     233.42      97.52     435.66     229.69      93.59     -44.69    -245.95    -232.72           43
       141516  1.282103e+14      31.31     318.11     299.84      30.83     319.49     301.02     -28.13      98.87      65.68           31
      1050135  9.925961e+13     251.14      48.83      89.52     255.43      47.12      86.74     285.13    -123.40    -187.83           24
      1498371  6.203725e+13     356.38     227.99      13.67     360.79     216.77      10.17     271.31    -671.37    -202.97           15
      1568724  4.962980e+13     370.77     375.00     331.71     377.66     372.70     329.48     417.39    -142.68    -118.91           12
      1911793  7.444470e+13     456.38     341.36     445.75     453.29     338.82     450.66    -203.48    -150.22     268.05           18
      1843505  8.271634e+13     439.45     258.40     194.14     442.05     253.04     194.21     176.49    -465.79     -40.23           20
      1897051  4.135817e+13     452.73     391.02     357.03     452.46     387.80     355.52       8.92    -224.60     -11.19           10
       751471  4.962980e+13     178.39     431.32     433.92     177.17     437.59     437.27     -76.53     387.99     241.22           12
      1568144  5.376562e+13     371.84     358.02      63.55     371.48     357.21      65.94      -1.78     -52.79     152.55           13
       261577  6.203725e+13      61.59     482.68     288.93      64.36     481.69     283.15     195.52     -37.09    -351.68           15
       947301  5.376562e+13     226.71     410.91     397.39     223.65     410.50     402.78    -206.31     -25.06     319.98           13
       677631  7.444470e+13     161.89     180.34     496.31     160.84     176.36     491.64    -103.48    -230.73    -333.92           18
       286062  4.549399e+13      70.13     227.81     431.29      75.31     226.38     426.88     309.48    -112.72    -285.80           11
       193542  1.323461e+14      47.97     412.96      23.93      49.25     421.20      34.86      69.34     527.02     718.71           32
      1444621  7.030889e+13     345.01      87.89      53.19     341.82      85.30      53.36    -178.79    -155.39      56.34           17
      1028847  7.444470e+13     240.45     395.83     435.33     235.27     402.48     434.97    -306.17     429.11     -26.85           18
      1471512  8.685216e+13     349.05     405.41      95.52     351.86     404.54      96.60     169.25     -48.56      47.46           21
      1610981  8.271634e+13     385.94     161.13     398.83     377.06     153.66     405.25    -551.95    -496.77     393.78           20
      1863065  7.444470e+13     440.32     356.77      96.14     441.27     356.41      99.19      64.17     -51.27     201.52           18
      1036441  9.925961e+13     249.84     131.84     100.26     254.44     124.42      93.36     289.09    -441.07    -398.67           24
      1402765  4.549399e+13     334.34     313.74      50.96     340.39     316.08      58.18     322.58     100.70     474.46           11
       809774  1.158029e+14     191.41     214.84     181.50     195.75     209.26     181.95     256.00    -356.80      42.11           28
       687968  9.512379e+13     161.77     494.82     377.80     161.28     493.14     377.37     -58.90    -105.70    -101.91           23
       989933  4.962980e+13     236.98     209.96     430.01     239.31     211.75     435.69     103.91      63.19     354.74           12
      1527734  5.790144e+13     366.35     123.05     214.84     368.98     126.45     215.42     146.87     210.53      51.64           14
       446937  8.685216e+13     105.38     140.35     349.61     106.00     141.61     349.63      27.83      71.80      13.26           21
      1936311  3.019146e+14     459.68      96.40     222.79     461.47      94.40     217.95      93.26    -117.61    -306.81           73
      1438532  5.790144e+13     341.80     398.72     266.74     336.86     400.03     263.72    -363.11     156.46    -159.31           14
      1133565  8.685216e+13     273.90      91.98     488.56     275.85      93.34     488.37     147.22     104.25     -15.76           21
       120553  5.790144e+13      25.95     173.55     411.55      33.12     179.49     410.66     450.81     386.93    -126.76           14
      1431138  5.790144e+13     344.87     175.50     381.98     341.44     170.24     387.98    -222.93    -325.44     376.63           14
       599969  4.549399e+13     143.64     311.26     131.21     142.42     310.72     123.14     -75.53     -52.57    -477.17           11
      1243712  9.925961e+13     292.64     454.26     252.60     284.45     449.09     246.82    -512.94    -377.97    -355.90           24
       762270  4.135817e+13     183.59     262.89     118.75     184.26     257.10     118.32      31.61    -327.04     -17.56           10
      1986026  8.271634e+13     476.95     109.38     413.48     476.63     112.58     419.15      22.03     211.45     381.85           20
      1544073  6.617307e+13     369.14     125.49      40.04     371.71     127.82      36.05     168.53     146.76    -241.77           16
       208365  1.240745e+14      51.82     354.56     426.43      49.91     347.38     423.98     -98.44    -451.71    -237.94           30
      1851351  6.203725e+13     439.45     498.05     341.02     437.20     499.47     343.63    -127.38      69.71     176.79           15
      1975093  5.790144e+13     470.70     275.95     208.15     463.06     278.91     213.36    -474.76     199.14     355.18           14
       319243  2.150625e+14      70.76     241.59      42.07      76.59     245.78      41.30     383.24     265.65     -63.18           52
      1564858  1.406178e+14     369.49     250.92     229.89     367.83     253.76     230.89    -135.09     187.03     121.31           34
      1530250  9.925961e+13     367.51     195.48      40.20     364.27     192.47      42.82    -212.96    -159.43     167.98           24
      1048168  1.612969e+14     248.45     484.93     407.10     247.19     490.68     409.98     -74.31     370.83     177.33           39
       667292  1.406178e+14     158.89     363.17     107.42     153.45     369.24     105.00    -323.79     380.68    -141.72           34
      1228547  4.549399e+13     291.37     493.43      15.09     289.47       0.45      14.49    -114.60     412.12     -92.83           11
       908709  4.549399e+13     215.38     234.55     145.06     221.40     228.91     146.91     435.48    -378.15     179.99           11
       600402  4.549399e+13     141.87     321.56     320.49     147.04     322.31     326.10     339.84      33.12     403.79           11
      1258517  7.858052e+13     298.01     405.94      85.83     298.84     408.04      88.69      53.84     212.74     167.47           19
      1758907  8.271634e+13     418.36     179.30     234.96     417.80     182.04     225.35     -23.46     187.76    -602.96           20
      1425449  1.282103e+14     344.19     499.31     161.35     343.45     499.60     163.34     -28.86      35.32     122.50           31
      1027673  4.549399e+13     245.56     359.55     352.10     239.35     355.67     349.45    -437.99    -215.84    -190.54           11
       636458  9.098798e+13     150.57     424.18     164.42     144.34     429.38     163.35    -370.26     323.61     -40.04           22
       956966  1.282103e+14     225.62     205.71     151.78     229.47     204.77     158.42     263.65     -94.62     463.30           31
      1748819  1.488894e+14     412.00     366.64     328.78     412.27     367.20     324.41       6.71      37.05    -294.61           36
       274463  1.612969e+14      68.06     377.65     124.65      65.94     377.89     124.66    -165.93     -12.17       2.99           39
       113518  4.135817e+13      26.95     462.50     432.81      23.98     459.93     436.51    -237.39    -203.69     136.83           10
      2039841  7.858052e+13     485.30     252.36     129.42     487.71     254.93     132.12     148.19     134.64     175.83           19
       476348  7.444470e+13     112.85      36.89     239.15     116.05      38.23     232.32     194.04     100.44    -437.89           18
       348838  7.444470e+13      83.33     145.18     150.61      84.25     137.88     147.74      60.16    -455.12    -166.55           18
       522579  1.075312e+14     119.59     451.92     327.22     122.04     450.74     333.26     117.07     -77.07     399.12           26
      1976107  1.075312e+14     470.10     306.49     168.12     473.66     306.09     168.07     243.23     -22.91     -28.09           26
      1166845  2.605565e+14     281.34     111.64     494.02     279.44     105.00     495.86    -110.11    -438.05     104.24           63
        92400  7.444470e+13      24.31     321.40     441.84      26.15     323.28     434.66     120.34     100.53    -565.87           18
      1356784  5.376562e+13     319.86     403.70     438.55     321.97     409.82     434.41     176.32     377.10    -240.04           13
        86718  7.030889e+13      22.40     145.80     244.83      22.97     144.28     237.49      42.79     -92.13    -441.63           17
      1732790  5.376562e+13     410.61     380.86     211.39     408.75     379.00     211.19    -126.73    -116.05      19.79           13
      2070668  5.790144e+13     494.70     193.92      51.34     489.50     194.61      50.29    -370.99      81.33    -151.46           14
      1674366  1.447536e+14     397.15      94.48     494.48     400.14      96.69       3.04     208.09     176.55     583.50           35
      1811661  4.301250e+14     430.36     289.06     303.15     433.93     295.26     296.83     235.38     392.72    -404.61          104
       881959  5.376562e+13     208.08     416.02     154.90     208.18     418.59     153.48       1.96     127.73    -111.19           13
       475882  7.444470e+13     113.72      21.70     417.10     124.73      21.07     420.29     676.23     -23.73     149.27           18
       347038  4.962980e+13      83.33      92.77     117.51      87.89      92.20     121.03     312.56     -30.78     334.18           12
      1571321  3.474086e+14     371.61     448.61     470.33     371.74     447.25     467.97      23.70     -92.13    -147.43           84
      1848665  8.685216e+13     438.15     417.32     349.80     435.86     411.16     345.89    -124.75    -356.77    -239.63           21
      1484770  5.790144e+13     353.79     311.66     381.98     359.32     308.53     386.83     367.68    -225.86     313.62           14
       694889  8.685216e+13     164.16     206.01     410.25     159.24     203.68     418.09    -305.03    -151.28     495.70           21
      2085448  6.617307e+13       0.24     144.29     285.16       8.44     138.47     272.46     518.74    -388.18    -762.37           16
       626546  5.790144e+13     147.04     121.37     450.33     144.20     127.72     445.39    -258.49     549.01    -408.09           14
      1858603  5.790144e+13     445.03     221.54     169.08     449.62     221.59     171.42     362.67       9.46     162.59           14
      1184821  1.654327e+14     282.42     157.42     211.23     283.17     159.40     207.18      71.83     122.69    -241.33           40
      1147542  8.685216e+13     274.65      19.62      87.52     268.52      18.58      86.94    -397.80     -82.43     -62.50           21
      2030597  1.240745e+14     478.65     469.01      24.74     474.29     467.59      26.07    -297.63    -135.81      31.11           30
      1159899  7.858052e+13     273.75     400.39     354.54     269.75     398.73     358.10    -237.21     -93.95     240.00           19
      2036151  3.101863e+14     488.93     140.65     220.49     489.91     134.29     217.37      23.80    -419.53    -160.98           75
      1495514  1.447536e+14     355.86     137.00     353.63     355.01     130.88     365.06     -16.43    -389.11     710.61           35
       296385  5.376562e+13      72.57      44.32     257.66      73.15      53.37     248.49      12.62     574.24    -577.54           13
      1431669  1.033954e+14     337.73     189.77     458.67     338.99     187.80     459.84     116.55    -145.98      88.07           25
      1839026  4.549399e+13     438.74     122.34     197.62     441.34     113.32     197.42     184.76    -599.42      -5.80           11
      1926328  2.357416e+14     465.36     286.70     222.55     461.84     289.02     224.14    -219.98     123.08      78.22           57
      1129525  2.977788e+14     263.08     472.55     212.24     265.10     473.13     216.32     111.38      33.26     298.92           72
      1221279  3.680877e+14     288.78     278.59     121.12     287.62     283.31     118.75     -62.77     313.62    -163.74           89
       168331  9.925961e+13      37.11     140.30      45.74      37.63     138.28      47.27      29.83    -103.82      14.25           24
       654183  1.075312e+14     149.94     462.44     405.65     151.35     470.12     406.88      60.85     528.74      52.71           26
      1021515  3.350012e+14     247.28     170.79     290.34     248.59     171.08     291.33     102.95      38.86      41.19           81
       594523  1.695685e+14     140.10     141.91     354.94     142.99     146.44     360.41     216.71     323.72     349.68           41
      1052190  5.790144e+13     248.88     108.82     117.19     250.43     104.35     112.16      92.73    -287.67    -287.80           14
      1608062  5.790144e+13     383.65      71.15     492.19     381.58      76.94     493.37    -139.89     357.75      71.06           14
      1021939  4.962980e+13     243.82     186.85     451.50     245.68     184.75     455.03     127.70    -131.63     176.23           12
      1628919  6.203725e+13     387.37     206.12     467.58     377.05     207.99     471.02    -649.73     135.52     225.85           15
      1125749  6.203725e+13     269.92     352.73     457.68     262.43     349.42     457.59    -466.49    -241.99      11.44           15
      1925793  7.444470e+13     459.64     272.57     128.47     467.30     274.06     129.85     471.37      68.93     104.97           18
       729794  1.033954e+14     171.80     276.64     258.98     176.64     271.81     259.39     305.31    -307.66       0.47           25
      2041463  4.549399e+13     484.91     300.25     466.80     483.71     299.01     468.51     -59.36     -94.19      99.24           11
       860140  5.790144e+13     205.36     247.21     426.06     205.64     247.82     430.04       9.66      50.74     240.86           14
        99208  7.030889e+13      21.48      29.53      34.12      20.13      30.94      37.31    -110.93     123.73     131.54           17
       703416  7.444470e+13     167.32     464.41     224.18     162.93     471.64     223.82    -275.43     443.95     -26.27           18
      1373360  3.350012e+14     322.36     409.99     188.10     323.21     406.19     188.12      80.75    -246.35      -0.32           81
      1385228  6.203725e+13     330.34     275.13      47.79     334.08     274.37      51.35     225.93     -50.58     205.92           15
       311462  7.030889e+13      75.94       5.17     148.32      78.29       9.86     144.79     145.86     338.98    -278.00           17
       514418  5.914218e+14     122.64     202.92     449.04     123.76     201.84     444.68      43.24     -35.05    -286.57          143
      1045950  8.271634e+13     251.37     420.31     242.97     259.33     422.12     241.70     474.62     141.33     -91.13           20
        75063  6.203725e+13      19.92     291.54     217.58      15.87     289.05     220.26    -245.55    -166.52     156.69           15
        76331  7.030889e+13      19.65     330.54     170.15      16.43     329.55     162.15    -192.02     -64.42    -540.50           17
       725905  6.203725e+13     172.01     154.30      68.62     165.01     150.78      68.89    -479.49    -180.46     -36.06           15
       799625  4.549399e+13     190.87     402.17      36.04     191.51     407.11      39.21      82.28     323.91     213.95           11
        28079  5.790144e+13       5.30     356.86     187.22       3.48     360.38     188.69     -99.14     204.56     106.09           14
      1189980  9.512379e+13     285.58     315.64     361.16     276.49     320.30     361.99    -548.81     322.04      65.20           23
      2034037  5.376562e+13     483.92      75.87     462.29     479.77      72.90     470.41    -281.17    -248.10     508.58           13
       301883  1.033954e+14      72.58     212.89     233.67      71.90     215.21     236.77     -37.83     205.19     231.62           25
       846241  4.549399e+13     201.17     327.95     131.92     208.71     327.77     130.07     445.40     -57.11    -110.04           11
       540952  5.790144e+13     127.79       8.65      96.54     126.23       7.60      97.09     -66.20     -46.81      23.87           14
      1163014  4.962980e+13     274.74     493.82      26.69     271.90     497.98      29.64    -130.09     258.98     173.94           12
      1894077  2.605565e+14     457.81     299.51     243.40     457.50     302.84     244.60      -7.15     209.32     134.64           63
       360254  1.654327e+14      86.33     494.73     246.09      90.43     496.75     234.98     254.48     129.20    -699.97           40
      1771171  4.549399e+13     424.18      52.38     140.45     427.24      52.82     143.06     167.09       8.95     129.29           11
      1081425  1.488894e+14     262.70       2.28     319.01     261.59       3.70     317.02     -76.21      63.03    -130.83           36
      1649812  1.861118e+14     391.62     349.00      79.82     389.32     350.84      79.25    -120.79      85.79     -53.01           45
      2000022  1.406178e+14     482.08      33.89      88.69     478.69      37.77      84.04    -244.99     278.84    -338.38           34
      1479954  2.853714e+14     355.50     173.94      70.85     355.53     174.65      69.27     -77.18      25.18    -116.20           69
      1950599  8.271634e+13     469.34      25.39      27.93     472.51      24.50      37.98     193.84     -61.77     638.82           20
      1147692  4.135817e+13     276.17      23.44     171.48     275.75      24.95     167.28     -59.95      94.66    -273.62           10
      2085377  4.549399e+13     497.34     139.74       2.31     497.85     141.27       3.96      61.48     154.50      30.24           11
       468788  7.858052e+13     110.92     306.85     204.26     109.13     301.24     200.32    -145.74    -390.69    -239.95           19
        72222  6.617307e+13      18.31     204.59     118.41      14.98     198.85     119.35    -178.46    -360.46      79.47           16
       732302  6.617307e+13     173.34     349.12      58.59     164.34     350.77      54.10    -552.20      91.76    -292.08           16
       517922  5.790144e+13     122.77     305.25     135.32     122.28     308.57     127.30      -9.53     222.07    -484.20           14
      1420863  5.790144e+13     339.01     361.33     247.77     337.43     362.43     245.02    -116.19      36.92    -162.35           14
       283839  5.376562e+13      71.66     162.71     248.05      68.44     165.65     242.94    -215.49     166.79    -326.58           13
        79076  4.549399e+13      16.87     411.04     394.35       8.68     408.01     393.67    -480.67    -162.52     -37.11           11
       757236  9.098798e+13     181.11     107.07     454.19     184.73     106.37     460.40     260.75     -44.61     420.62           22
      1802488  9.512379e+13     431.47       5.86     469.85     433.75       3.47     469.29     218.55    -173.59     -58.30           23
       345620  5.790144e+13      83.71      49.11      81.19      84.88      52.49      83.14      66.53     222.48      91.26           14
      2062600  4.549399e+13     490.23     447.98      31.43     488.46     450.94      35.30    -121.00     192.41     265.49           11
      1691496  3.143221e+14     400.60     122.17     412.26     393.11     125.41     413.56    -429.38     189.75      83.28           76
       394104  6.203725e+13      95.44      24.09     470.70     103.00      20.89     475.99     490.76    -175.35     354.75           15
        18703  4.135817e+13       3.91      69.14      58.98       5.01      64.80      64.82     145.92    -276.38     366.91           10
        10665  6.203725e+13       2.99     325.65     162.37       1.36     326.45     158.69    -106.45      68.29    -249.21           15
       618241  7.030889e+13     143.73     368.45       5.40     140.63     369.63      12.27    -188.38      20.15     451.76           17
      1148213  9.512379e+13     276.75      42.54     207.80     273.81      39.98     206.66    -173.39    -172.84     -79.35           23
       482518  7.858052e+13     114.62     223.58     335.83     114.15     225.48     336.18       5.62     166.13     -36.65           19
       103964  2.316057e+14      22.18     170.06     113.21      22.98     165.89     109.73      82.70    -276.31    -220.87           56
      1682235  6.617307e+13     400.15     340.09     232.91     405.90     348.14     230.82     388.83     498.90    -140.00           16
       890409  4.135817e+13     212.11     175.39     160.16     216.72     179.79     163.24     326.85     338.16     206.45           10
       951694  1.282103e+14     228.77      45.43      55.51     234.09      46.68      51.63     360.47      65.32    -290.39           31
        18260  6.203725e+13       7.94      55.86     330.60       6.70      54.06     326.71    -108.51    -109.39    -184.18           15
      1897181  4.135817e+13     453.12     394.53     364.84     450.15     389.85     357.21    -230.33    -347.32    -549.69           10
      1738058  1.240745e+14     413.54      42.58     286.59     423.38      43.26     283.11     664.53      10.13    -246.67           30
      1668697  4.962980e+13     397.79     423.83     351.89     400.67     423.56     353.57     142.83      58.10      67.09           12
      1671349  6.203725e+13     402.21       5.60     207.94     406.59       8.44     209.64     298.55     149.37     127.73           15
      1856035  1.075312e+14     442.16     142.73     140.17     443.06     147.06     136.28      56.83     342.46    -252.70           26
      1426401  8.271634e+13     342.58      30.27     380.66     335.64      36.23     382.11    -435.30     395.83      61.46           20
      1580930  1.530252e+14     379.28     248.89       6.49     383.10     244.95       6.47     222.00    -232.15      16.90           37
       568946  8.685216e+13     134.02     361.14     448.57     135.81     359.80     450.48      66.34     -71.36     100.85           21
      1803217  5.790144e+13     434.15      26.79     321.43     429.25      31.35     313.19    -314.98     291.90    -556.90           14
      2076191  5.376562e+13     493.24     361.33     120.94     498.02     360.57     113.36     305.92     -59.16    -539.93           13
      1167059  4.549399e+13     278.59     113.81     326.17     280.41     111.40     324.41     154.55    -156.90     -86.67           11
      1317735  2.481490e+14     315.23     214.52     405.34     311.67     210.97     408.60    -232.02    -205.60     226.71           60
      1693998  7.444470e+13     404.73     198.78     182.29     407.87     199.29     180.89     173.37      21.00     -74.95           18
      1083360  5.376562e+13     261.57      58.74     379.06     267.11      57.45     381.84     345.31     -63.43     215.63           13
       530395  8.271634e+13     128.52     185.74     355.66     129.09     188.50     357.67      45.46     204.84      91.69           20
      1657563  4.962980e+13     398.11      84.31     358.07     386.65      83.01     357.35    -700.77     -78.22     -20.39           12
      1174217  6.617307e+13     279.79     332.76     288.57     278.11     330.40     283.47    -107.50    -162.32    -370.60           16
       777436  1.406178e+14     182.67     229.09     364.32     183.60     227.94     365.49      69.84     -75.30      49.23           34
       694467  2.853714e+14     162.56     189.85     265.09     165.04     190.68     266.81     182.09      68.08     131.87           69
       804225  7.444470e+13     189.45      44.92       3.04     194.81      44.52     498.38     348.40     -38.07    -295.60           18
       611872  6.617307e+13     144.29     174.07     125.49     137.57     164.76     119.99    -445.26    -607.16    -353.18           16
       742713  1.695685e+14     171.45     166.11     217.37     176.20     165.41     215.71     300.02     -28.98    -122.80           41
      1650752  6.617307e+13     391.36     374.51     251.71     392.32     369.28     247.24      78.30    -332.61    -239.22           16
       500976  9.098798e+13     117.37     285.33     438.92     123.17     282.61     439.87     382.04    -147.60      21.37           22
      1659968  4.135817e+13     399.61     158.20     250.39     402.96     160.66     240.98     205.53     177.66    -582.40           10
      1175259  8.271634e+13     280.47     363.87     355.86     274.02     359.70     356.81    -363.17    -277.26     142.57           20
      1874539  1.158029e+14     446.29     206.89     419.22     441.03     206.52     423.46    -308.90     -28.51     210.16           28
      1884228  1.323461e+14     450.07       1.71     269.53     449.85       3.18     261.71     -34.57      70.18    -479.29           32
        90339  5.376562e+13      20.88     256.16     389.87      31.04     256.08     391.21     682.35     -50.88      71.58           13
      1230897  5.376562e+13     293.12      65.35     192.16     292.65      61.54     182.87      -7.48    -208.57    -647.86           13
      1501022  5.790144e+13     360.21     307.20     371.09     361.56     306.28     377.74      74.78     -62.32     402.07           14
       447410  4.549399e+13     107.78     156.07     196.91     101.53     152.87     196.75    -364.30    -212.51      26.94           11
      1662174  4.962980e+13     399.74     224.28     370.77     399.77     227.28     370.58      -3.00     193.64    -159.80           12
      1427646  1.116671e+14     339.48      67.93     242.69     336.40      67.90     241.91    -221.53      16.99     -57.51           27
      1995738  1.240745e+14     478.65     399.48     353.12     474.61     394.53     346.32    -262.75    -263.82    -463.93           30
      1309521  1.240745e+14     311.59     464.84     318.23     308.87     472.68     316.79    -156.87     477.18     -63.04           30
       158329  1.447536e+14      41.46     328.52     478.07      40.62     332.04     479.73     -80.04     223.88      70.18           35
       307649  7.030889e+13      70.43     387.06     257.93      67.77     383.41     262.17    -169.37    -235.40     215.86           17
       590017  5.790144e+13     143.69       6.98     254.19     140.75      11.76     251.26    -205.72     231.62    -129.91           14
      1983760  1.158029e+14     474.75      37.25      65.43     476.08      37.67      71.57      72.23      14.87     470.26           28
       474026  4.962980e+13     111.00     466.80     166.99     108.00     470.59     165.01    -173.58     261.93    -136.91           12
      1649696  5.790144e+13     392.58     345.98     131.14     387.69     352.37     137.95    -335.28     407.64     463.91           14
       498333  9.925961e+13     119.14     208.50     115.07     117.32     198.72     112.59    -154.07    -642.60    -135.31           24
       256096  7.858052e+13      60.55     314.66     376.54      61.68     311.74     372.54      90.28    -185.68    -249.59           19
      1241522  3.019146e+14     297.81     393.43     196.68     303.96     394.24     194.43     414.43       2.43    -174.95           73
      2089446  1.033954e+14     498.67     265.23     398.98       5.40     265.75     404.92     386.79      30.47     366.24           25
       212406  9.512379e+13      50.36     481.57     211.87      53.81     488.78     206.81     210.45     448.27    -333.23           23
       719786  5.376562e+13     169.02     466.20     167.82     163.25     468.25     165.66    -330.99     102.75    -155.69           13
        99373  1.282103e+14      28.29      32.95     175.59      33.60      37.44     177.14     324.18     308.92      99.53           31
       820223  9.512379e+13     196.42      33.54     499.24     197.13      35.90     496.76      39.96     126.68    -129.08           23
      1277670  7.444470e+13     305.56     491.10     396.70     304.21     495.66     398.80     -85.36     279.38     154.68           18
       804427  6.203725e+13     194.14      49.87     295.44     190.19      54.18     293.39    -281.75     249.22    -115.40           15
      1378107  4.962980e+13     331.38      57.62     231.77     329.79      60.23     232.89     -87.13     184.10      87.81           12
       591285  8.271634e+13     142.19      42.97     209.77     138.51      41.97     213.15    -258.81     -73.15     237.48           20
       605546  6.203725e+13     139.97     479.56     414.19     148.60     478.59     419.40     582.54     -77.52     359.02           15
       106143  1.158029e+14      26.09     239.12     123.47      23.33     240.05     121.93    -169.21      71.96    -130.98           28
      1591641  4.549399e+13     378.73      74.40     348.54     374.97      72.72     347.74    -183.79    -120.31     -76.00           11
       927478  3.598161e+14     213.61     300.26     462.80     215.15     302.51     456.80     111.63     159.46    -367.70           87
      1983876  5.790144e+13     472.94      46.32      20.37     475.40      42.25      30.01     175.78    -303.59     583.39           14
      1712997  6.617307e+13     411.13     274.17     396.48     405.65     275.75     396.88    -356.04      91.37      -1.62           16
        33166  4.962980e+13       8.79      16.60      58.27       8.68      19.32      56.68       2.15     142.84    -130.07           12
      1188875  1.861118e+14     277.65     278.78      49.52     274.04     277.12      52.25    -206.93     -96.93     152.68           45
      1754725  7.444470e+13     420.57      47.74     397.79     414.10      47.28     395.90    -373.64     -62.66    -111.16           18
       411287  5.376562e+13      97.21      53.64      92.40      97.18      55.76      93.46      14.20     141.20      54.65           13
       736343  1.116671e+14     174.99     468.10     342.23     173.59     467.38     348.66     -90.71     -51.53     393.88           27
      1834306  6.617307e+13     436.04     476.32     258.54     440.65     477.48     255.97     277.87      70.45    -153.48           16
       572775  8.271634e+13     133.20     477.54     406.45     144.71     474.14     409.66     732.97    -271.57     158.61           20
      1066282  7.444470e+13     258.68      42.32     169.27     259.15      42.93     162.77      11.99      47.28    -443.87           18
       560852  4.549399e+13     132.28     116.65     329.01     133.63     116.43     335.72     116.50     -27.48     408.94           11
      1858098  8.271634e+13     442.58     204.69     196.48     444.57     205.75     194.68     126.28      54.53     -87.89           20
       494838  7.858052e+13     118.94     101.25     462.48     124.42     111.31     460.35     313.71     639.68    -145.86           19
       468457  6.203725e+13     113.15     294.14     412.37     116.34     287.18     413.93     162.28    -418.10      88.80           15
       233950  4.962980e+13      58.27     141.93     369.47      64.06     146.22     373.51     344.01     260.05     256.18           12
      2087190  6.203725e+13     498.05     196.48      86.85       0.66     191.31      86.72     197.70    -298.81      17.17           15
       286567  7.858052e+13      69.39     244.76     404.91      70.75     241.64     403.44      85.60    -184.87    -101.18           19
      1366712  7.030889e+13     325.48     208.52     223.00     324.07     207.37     222.13    -108.78     -71.27     -62.10           17
      1458454  9.098798e+13     353.52       9.06      84.69     348.57      12.16      84.91    -300.89     187.77      33.61           22
      1765871  8.271634e+13     419.34     389.06     435.94     417.62     388.07     439.31     -70.53     -96.61     209.65           20
      2047937  9.925961e+13     485.84     499.51     257.00     485.76       5.97     250.70      17.44     435.89    -377.57           24
       189068  4.135817e+13      43.75     270.31      47.27      47.20     270.15      49.05     216.58       6.77     157.98           10
       186182  5.376562e+13      49.13     180.74     276.59      56.32     182.26     272.99     375.04     136.52    -220.89           13
      1976273  5.376562e+13     471.30     310.85     318.96     467.49     310.68     309.93    -250.47      -0.65    -558.54           13
      1629787  5.790144e+13     389.51     233.82     356.03     392.33     231.11     362.04     255.00    -220.02     398.43           14
       398000  4.549399e+13      93.22     144.71     191.58      90.46     142.90     185.41    -151.06     -59.80    -439.19           11
      2087450  4.549399e+13     499.82     204.01     101.03       0.15     199.03      95.33      51.93    -282.11    -399.56           11
       972329  4.549399e+13     234.91     173.12     163.53     229.84     181.69     166.96    -357.18     636.35     213.35           11
       352470  4.549399e+13      85.76     254.44     336.83      84.53     255.52     335.46    -114.49     117.49    -118.58           11
       109166  5.293845e+14      28.41     327.03     427.09      30.70     328.17     428.24     146.71      93.44      99.40          128
       108631  5.376562e+13      26.29     315.66     343.30      31.19     312.41     339.16     308.52    -195.02    -304.08           13
      1151743  5.376562e+13     277.49     146.78     496.54     277.62     146.44     496.70      47.32      34.06     -34.57           13
      1235721  5.790144e+13     294.64     213.17      37.67     296.28     207.74      36.06     114.81    -321.40    -105.50           14
       717363  7.030889e+13     172.68     393.96     197.27     171.42     397.41     193.77     -64.15     193.99    -256.50           17
      1060611  2.440132e+14     249.50     365.10      18.51     249.35     372.00      19.98      14.13     443.62      95.29           59
        37649  7.858052e+13       8.53     149.16      66.10       3.94     146.05      69.53    -347.21    -224.24     200.35           19
      1428431  1.075312e+14     343.00      93.60     309.80     337.69      86.05     317.84    -298.89    -453.76     492.84           26
      1763440  1.943834e+14     417.01     314.12     443.36     417.15     314.29     443.15       1.27       6.49     -26.80           47
      1289379  7.444470e+13     306.86     348.74     137.15     308.16     351.03     138.69      74.02     123.40      92.10           18
       125777  9.512379e+13      27.94     337.89     316.66      27.90     339.25     310.30     -17.26     103.74    -401.38           23
       582041  6.203725e+13     138.93     263.41      98.31     135.66     264.50      96.76    -267.31      44.25     -61.70           15
      1096173  5.790144e+13     258.65     451.17     425.22     258.27     451.98     423.16      -4.73      32.54    -119.16           14
       785555  5.376562e+13     183.74     474.01      73.77     184.61     479.34      71.57      42.25     361.83    -156.96           13
       812785  2.977788e+14     197.16     300.67     441.79     203.77     302.34     439.19     435.62     127.48    -168.94           72
       188059  1.778401e+14      47.92     239.14     107.88      47.54     239.24     106.20       4.38      18.25    -115.00           43
      1042791  9.098798e+13     247.87     319.60     398.97     242.37     322.07     399.65    -369.29     172.87      72.25           22
      1124672  6.617307e+13     265.62     322.02     252.93     274.76     323.33     261.09     575.93      87.04     511.13           16
      1716092  1.282103e+14     411.35     365.61     483.81     410.63     367.12     485.00     -20.86      92.21      50.10           31
      1360462  4.549399e+13     327.95      15.45     306.64     321.35      16.20     312.22    -374.37      78.15     346.53           11
      1667898  5.376562e+13     397.09     401.59     229.72     396.01     399.55     224.29     -68.57    -134.95    -335.50           13
       412214  4.962980e+13     100.59      78.45     212.89     101.16      73.67     208.24      33.10    -241.66    -287.77           12
        55447  7.030889e+13      15.51     191.98      90.65       9.50     188.06      87.64    -411.40    -201.98    -207.54           17
       373361  6.617307e+13      89.60     390.38     445.07      92.50     396.63     449.71     170.80     376.67     291.77           16
       945949  8.685216e+13     224.05     370.81     115.42     226.22     373.39     113.72      64.80     144.95    -112.60           21
        40218  6.203725e+13      11.85     226.95     100.13      12.32     221.77      97.64      28.04    -311.82    -158.46           15
      1662233  1.075312e+14     397.69     231.07     102.46     398.62     229.97     102.27      50.53     -15.01     -24.79           26
        58068  4.549399e+13      15.80     272.90     330.79      21.83     280.36     332.98     355.27     399.58     133.23           11
       732610  1.116671e+14     175.42     356.84     256.87     177.65     358.77     264.21     157.99      82.89     449.57           27
      1297629  1.406178e+14     308.59      98.35     365.92     310.44      91.33     364.07     118.51    -440.66    -126.21           34
      1793462  9.512379e+13     427.39     231.57     212.89     427.69     231.83     210.49      20.07      13.72    -144.78           23
       864451  5.376562e+13     205.68     381.16     265.17     206.96     388.32     271.66      98.62     455.67     425.81           13
      1279755  1.240745e+14     306.51      57.16      47.14     301.00      61.74      47.77    -343.70     292.34      27.26           30
      1637126  1.364820e+14     389.86     467.63      27.76     389.92     475.19      30.03     -11.45     496.35     106.39           33
      1829044  9.098798e+13     437.68     319.25     204.55     437.24     323.37     210.63     -18.90     249.69     386.40           22
      1682279  9.512379e+13     398.69     338.74     401.92     394.70     339.70     399.58    -272.69      80.63    -160.10           23
       757623  1.282103e+14     183.15     118.51     465.28     185.20     110.65     467.33     138.48    -491.58     148.52           31
      1289018  5.376562e+13     308.44     338.19     230.92     311.42     341.94     232.45     170.71     229.66      78.75           13
      1001231  7.030889e+13     240.46      60.78      59.17     243.75      59.07      56.16     159.06    -109.04    -203.56           17
       375774  1.033954e+14      86.17     466.64     367.11      95.02     465.92     366.05     528.18     -85.94     -62.06           25
      1559660  4.549399e+13     371.27      94.64     423.83     363.39      97.32     417.37    -511.87     209.13    -428.72           11
      1067151  2.398774e+14     259.02      73.28      57.38     263.42      74.41      53.67     278.75      74.05    -244.07           58
      1619870  7.030889e+13     383.62     434.17     118.22     378.99     432.81     122.36    -280.66     -71.27     261.76           17
       828027  6.203725e+13     195.96     268.36     481.90     195.51     267.57     478.16     -51.89     -34.39    -219.71           15
      1526142  4.962980e+13     364.58      71.29     492.51     366.49      72.20     489.29     170.52      85.00    -259.48           12
      1278000  7.030889e+13     307.33       3.33     191.98     307.01     496.69     191.63      24.57    -448.21      13.44           17
      1219390  6.617307e+13     290.04     213.13     245.36     288.56     216.69     247.95    -100.59     193.76     131.36           16
       108687  5.790144e+13      27.06     316.41      60.55      34.30     321.30      60.49     452.46     336.44       3.15           14
       341040  4.135817e+13      80.47     410.16     190.23      82.82     410.48     185.97     138.21      34.19    -294.25           10
       293474  6.617307e+13      67.63     453.12     383.06      80.67     455.96     378.11     806.63     150.44    -289.35           16
       201373  1.695685e+14      52.35     145.34     115.33      57.41     143.59     113.39     348.49     -80.81     -99.83           41
       558262  6.203725e+13     135.29      36.33     210.29     134.04      35.98     212.48     -46.30     -29.35     177.10           15
       587261  1.571610e+14     138.06     420.23     489.31     137.60     426.72     488.07     -31.90     399.59     -77.38           38
       259021  4.549399e+13      59.48     405.01     305.58      63.10     396.90     304.13     299.80    -563.97     -67.82           11
       771531  4.549399e+13     186.61      47.76     295.28     184.39      49.56     293.12    -192.47      60.81    -145.49           11
      1648451  4.962980e+13     392.58     308.59     265.62     397.69     307.74     264.51     321.47    -130.80     -75.02           12
      2073837  1.819760e+14     491.57     287.64     427.91     490.67     286.57     429.06    -100.68     -56.75      61.39           44
       855891  7.030889e+13     209.44     119.60     324.10     210.55     114.91     327.98      47.49    -274.08     283.03           17
      1207834  6.617307e+13     288.82     364.99     103.03     293.12     364.19     100.16     264.66    -115.67    -205.37           16
      1546536  5.376562e+13     370.64     199.07     158.20     371.33     197.18     158.57      68.71    -181.00      45.63           13
      1547775  6.617307e+13     371.34     233.15     498.05     372.64     224.43     498.47      59.42    -559.19      31.88           16
       499281  2.274699e+14     120.63     236.83     321.48     117.72     234.85     324.59    -174.66    -124.46     207.75           55
       702555  4.962980e+13     167.64     439.78     358.72     166.65     440.84     360.68     -87.13      55.55     113.87           12
       591299  6.203725e+13     141.02      44.66     263.93     141.85      43.75     257.12      59.44     -94.55    -397.13           15
       625842  1.282103e+14     152.78      97.34     198.27     152.58      88.03     197.73       7.68    -572.67     -10.03           31
        93597  9.925961e+13      20.18     357.26     115.89      19.52     359.23     111.69     -52.20     137.85    -324.42           24
      2054362  7.030889e+13     489.77     193.59     352.60     495.78     195.61     353.17     403.31      90.33      13.69           17
       706225  2.398774e+14     169.32      51.66     195.99     168.03      50.59     197.77     -79.46     -47.73     106.29           58
      1602949  7.858052e+13     379.21     419.51      21.90     379.99     414.37      26.50      38.14    -302.41     276.50           19
      1058235  4.962980e+13     250.65     296.55     235.68     253.88     289.06     241.47     130.03    -510.65     324.02           12
       314350  6.203725e+13      75.39      91.28     430.34      84.96      96.69     433.10     615.08     374.51     203.10           15
       740799  5.376562e+13     177.73     109.83     248.35     170.84     106.59     251.61    -436.75    -223.52     234.66           13
      1289795  1.488894e+14     306.42     359.81     261.39     309.01     361.62     258.40     174.05     141.35    -179.38           36
       836721  9.098798e+13     200.99      33.20     441.94     204.07      32.45     447.24     207.97     -51.79     328.84           22
       255433  2.440132e+14      64.19     297.70     291.28      63.28     295.39     299.23     -34.06    -165.22     535.34           59
      1610030  1.943834e+14     385.68     129.11     180.48     390.16     130.72     176.75     295.06     107.75    -241.87           47
        89475  1.158029e+14      23.16     231.03      11.02      21.91     226.64      15.85     -36.74    -272.98     301.79           28
      2026265  4.962980e+13     481.45     336.26      99.61     483.19     337.60     103.15     115.64      54.87     215.84           12
       576726  4.962980e+13     139.32     100.26     335.94     144.06      94.26     346.11     330.83    -433.70     723.89           12
      1212339  7.444470e+13     283.64     497.61     198.13     281.30     494.04     198.49    -143.40    -231.27      43.37           18
      1697402  5.790144e+13     404.58     299.11     481.58     406.22     300.66     480.50      61.04     112.86    -110.84           14
       342975  1.778401e+14      80.90     467.80     244.32      83.05     474.77     236.60     156.19     460.16    -476.85           43
       817504  4.549399e+13     192.65     447.27     375.53     180.99     450.25     378.08    -729.33     203.46     221.29           11
      1498305  4.135817e+13     359.77     226.95     254.69     363.17     229.76     249.98     222.30     150.32    -283.44           10
      1788227  4.962980e+13     425.78      70.31     263.67     431.80      63.49     260.67     414.98    -442.46    -176.34           12
       850427  4.962980e+13     200.20     450.20     480.47     196.69     451.15     477.25    -200.91      31.82    -215.89           12
       610964  1.571610e+14     145.05     145.15      78.43     136.39     143.39      78.21    -576.21    -102.91     -15.87           38
      1825756  1.530252e+14     437.45     219.23     360.06     436.24     219.11     357.68      -4.22     -23.88    -205.73           37
      1909172  4.549399e+13     455.79     262.96     207.56     456.49     267.71     208.72      95.86     348.95      96.41           11
       528618  5.376562e+13     128.16     129.96     414.81     134.88     131.41     424.04     459.84     114.50     567.51           13
       234687  1.033954e+14      58.36     159.92     245.08      57.71     161.63     240.84     -62.87      94.52    -258.13           25
      1920182  1.116671e+14     456.81     101.63     211.59     459.09      97.95     213.07     159.67    -258.10     167.19           27
      1176876  1.488894e+14     281.25     417.75     171.33     287.28     418.15     176.47     378.29      73.25     327.55           36
       490483  8.685216e+13     117.09     465.87     450.99     122.74     470.14     455.17     316.75     254.22     251.54           21
      1347898  7.444470e+13     321.61     136.72     229.82     323.21     139.45     221.89      63.07     188.92    -474.52           18
      1787051  1.488894e+14     430.12      38.52     171.01     431.99      39.77     173.52     120.03      62.25     194.83           36
       380051  4.135817e+13      89.45     103.52      74.61      93.28     104.27      77.95     243.60      47.33     219.67           10
      1543784  1.364820e+14     366.30     110.97     413.29     363.09     111.80     408.73    -202.74      66.02    -297.23           33
      1041341  4.549399e+13     248.05     281.07     239.17     251.09     278.37     242.12     187.35    -162.11     158.65           11
       835140  4.962980e+13     198.57     487.63     266.93     201.34     494.40     261.52     181.70     441.30    -324.33           12
       451547  4.962980e+13     104.49     278.65     359.70     103.08     277.87     354.59     -65.91     -27.16    -395.55           12
       575149  4.962980e+13     138.35      54.69     178.39     135.96      55.55     172.07    -159.71      82.85    -491.08           12
      1582641  9.512379e+13     378.48     296.79     193.70     379.05     297.06     196.37      34.68      -8.65     190.04           23
      1666367  8.271634e+13     394.73     354.49     249.41     398.68     355.65     243.47     278.94      60.89    -388.97           20
       818197  1.364820e+14     195.37     472.01      82.45     197.30     472.99      79.10     130.37      40.34    -213.83           33
       446985  8.271634e+13     110.16     137.70      40.62     112.54     135.63      45.55     128.68    -141.02     297.36           20
      1215215  4.549399e+13     292.79      86.47     434.84     288.31      86.76     443.88    -306.15      23.28     567.76           11
       577309  9.925961e+13     139.16     122.23     117.35     135.87     124.65     112.85    -232.86     210.94    -286.51           24
      1517539  4.962980e+13     361.98     306.97     387.70     365.17     305.74     392.84     215.33     -65.68     352.18           12
      1708647  1.447536e+14     410.55     146.04     403.96     405.45     142.95     407.51    -256.78    -187.97     194.24           35
        58832  4.549399e+13      14.03     294.92     314.45      19.54     299.83     313.84     362.12     333.63      -3.39           11
       797815  1.364820e+14     187.80     343.81     467.51     187.44     345.10     465.40     -56.81     100.09    -121.42           33
       122992  4.962980e+13      27.67     253.26     439.13      30.69     247.61     435.97     258.47    -350.51    -192.06           12
      2001889  1.116671e+14     480.40      91.22     379.99     477.44      91.24     385.79    -183.94       7.07     326.26           27
       275036  5.790144e+13      63.34     393.14     361.05      68.48     388.88     354.44     298.00    -240.34    -389.45           14
       395498  7.444470e+13      94.84      67.06     414.93     104.18      69.09     417.01     577.40     131.17     117.13           18
      1319218  8.271634e+13     316.02     258.59     198.24     316.71     262.82     194.60      68.15     291.05    -226.40           20
       426750  4.135817e+13     101.56      20.31     493.75     104.41      15.28     494.21     179.12    -308.18      20.83           10
      1231094  6.203725e+13     293.62      66.54     461.59     290.86      69.22     460.40    -114.30     123.83    -109.54           15
       429543  8.685216e+13     105.56     105.93     404.85     112.89     110.68     407.55     461.01     300.52     150.87           21
      1895501  9.098798e+13     457.21     347.66     300.07     454.29     350.89     295.22    -190.87     195.27    -295.87           22
      1751441  5.790144e+13     416.29     450.61      68.92     412.47     449.77      70.82    -277.17     -67.56     112.20           14
      1843735  6.617307e+13     440.43     267.82      91.55     441.90     262.72      83.98      84.41    -319.23    -475.37           16
        69772  5.376562e+13      14.27     129.36      51.83      14.01     127.76      51.78     -19.58    -101.53     -53.15           13
       942095  1.158029e+14     227.40     250.70      61.52     226.55     247.75      60.03     -91.56    -199.31     -80.68           28
      1995480  1.033954e+14     478.05     396.48     343.52     476.17     393.45     340.50     -59.91    -146.91    -114.73           25
      1021661  4.549399e+13     245.92     179.51     364.88     246.14     179.99     366.82     -10.18      -4.96     109.86           11
       437914  1.033954e+14     100.23     365.55     104.14      99.84     370.83     105.47     -40.54     349.06     104.25           25
       785019  4.962980e+13     184.90     457.03     483.07     187.49     456.19     485.06     205.01     -71.92     146.81           12
      1987959  8.685216e+13     478.52     166.57     467.17     475.39     169.58     470.14    -200.58     186.56     167.49           21
       704183  1.612969e+14     170.62     490.23     218.90     169.01     494.87     219.15     -78.38     274.60      13.98           39
       375516  1.695685e+14      87.99     457.94     362.00      94.98     462.44     361.73     373.49     339.48      35.98           41
       260906  9.098798e+13      55.58     460.94     163.17      56.91     469.28     163.77      80.88     515.62      35.43           22
      1495937  4.962980e+13     358.72     152.67       6.84     354.45     153.39      13.41    -249.51      46.74     398.57           12
      1817735  4.962980e+13     431.64     473.63      29.62     436.00     474.55      35.52     265.86      60.22     338.64           12
      2010140  7.858052e+13     477.69     343.65     110.71     482.74     345.19     109.93     335.07     118.35     -51.41           19
       811557  6.617307e+13     193.36     264.65     147.71     197.77     257.40     146.77     271.82    -415.92     -36.50           16
      1942636  4.962980e+13     466.47     283.85     425.13     464.50     287.96     430.79    -213.97     320.23     302.04           12
       732030  1.158029e+14     173.69     336.91     489.26     170.57     336.06     484.01    -195.23     -37.74    -315.25           28
       325943  4.962980e+13      73.89     446.61     216.80      77.13     459.65     213.72     231.78     829.92    -174.01           12
       299656  7.444470e+13      72.05     148.87      35.59      80.79     141.87      42.63     578.38    -458.22     425.97           18
      1690127  7.444470e+13     403.21      79.86      59.24     405.31      80.08      56.66     116.41      16.95    -154.96           18
      1051981  7.444470e+13     251.95     105.47     304.47     252.69     103.83     304.21      53.28     -87.36     -38.92           18
       329797  7.444470e+13      79.21      63.59     271.70      79.69      64.37     266.76      33.89      58.85    -278.92           18
      1378290  5.376562e+13     330.98      62.05     445.76     324.20      61.56     442.35    -462.63     -68.37    -220.47           13
       405990  1.075312e+14      96.60     390.17     402.94      99.28     390.63     398.15     129.48      44.67    -307.95           26
        19173  4.135817e+13       5.08      84.38     397.27       6.64      84.55     402.10     113.84     -24.90     294.97           10
      2044712  5.376562e+13     484.53     397.69     157.60     488.29     401.53     153.90     281.63     257.93    -247.72           13
       561909  1.158029e+14     138.39     144.81     458.84     135.69     141.76     455.02    -163.54    -222.17    -285.40           28
      1291414  7.858052e+13     306.64     411.08      88.71     304.24     409.30      89.60    -178.11    -155.20      -2.43           19
       525047  4.135817e+13     128.52      22.27     467.19     133.99      13.12     466.71     303.76    -559.54     -39.89           10
      1844613  8.685216e+13     442.06     291.02      20.37     439.98     290.83      19.11    -134.51       6.83     -63.11           21
       463357  4.962980e+13     112.30     139.00     492.19     119.58     138.13     491.77     432.85     -89.92     -60.09           12
       127901  4.135817e+13      31.64     402.73     115.23      35.31     398.13     115.89     209.66    -208.70      32.03           10
       246650  6.617307e+13      63.72      22.95     476.07      73.45      21.12     481.88     597.59     -74.67     316.97           16
       379170  7.858052e+13      92.41      75.35     133.74      91.61      74.67     128.47     -72.64     -86.24    -388.17           19
       876628  6.617307e+13     208.98     250.00     329.59     209.09     251.61     329.37      -9.16     175.88     -17.77           16
      1012479  5.376562e+13     240.53     399.49     495.34     238.43     401.76     495.71    -113.08     121.71      12.74           13
      1890189  2.481490e+14     449.28     186.85      49.80     453.30     182.84      52.26     282.72    -246.74     122.82           60
      1770384  8.271634e+13     419.92      28.52      65.23     421.16      27.95      63.33      54.40      10.30    -128.39           20
       288345  7.858052e+13      67.13     302.32     350.84      67.34     297.96     349.78      37.25    -260.36     -34.17           19
      1826305  6.617307e+13     435.30     233.40       7.08     439.93     232.93       7.28     359.53       5.28     -26.51           16
      2016842  1.488894e+14     479.71      46.66     286.89     477.26      43.95     276.53    -120.54    -159.67    -645.87           36
      1546636  8.685216e+13     368.58     204.15      46.97     365.73     196.52      48.62    -221.02    -499.75      88.52           21
       523313  1.488894e+14     126.09     469.84     195.86     125.12     476.87     196.48     -23.21     447.09      51.55           36
       601114  7.858052e+13     145.66     343.65     104.95     141.02     349.04     102.29    -262.63     353.78    -145.73           19
       691126  4.549399e+13     163.53      93.22     212.18     161.46      85.47     214.13    -109.21    -507.26     118.86           11
       866901  4.962980e+13     206.05     454.10     332.03     205.02     451.23     331.97     -15.15    -212.31      14.49           12
       138568  7.444470e+13      33.85     228.30     283.42      41.97     228.13     278.52     492.88     -66.91    -322.56           18
      1462105  6.617307e+13     351.32     116.94     352.78     351.45     113.63     364.32     -11.30    -168.21     723.53           16
      1699293  2.977788e+14     401.53     356.83     363.77     403.06     357.85     360.99     111.17      54.81    -183.24           72
      1644367  6.203725e+13     395.18     183.20     310.55     392.71     180.44     312.54    -141.85    -182.05      88.49           15
      1066078  5.376562e+13     257.36      32.30     370.04     262.65      39.78     371.75     346.78     527.47      72.89           13
      1007008  7.444470e+13     240.02     232.64     125.43     237.43     231.33     125.97    -208.23     -85.81       2.73           18
      1152001  2.564207e+14     274.82     161.16       9.20     275.05     153.60      12.60      12.72    -475.37     238.13           62
      1954977  7.444470e+13     468.10     161.02     129.99     463.49     160.07     127.36    -299.01     -82.02    -171.62           18
       794127  5.790144e+13     188.06     235.49      60.83     189.74     237.49      61.19      84.43     128.59      37.65           14
       946396  4.549399e+13     225.32     378.37     361.33     222.19     371.95     363.01    -211.92    -417.98     134.11           11
       251459  6.203725e+13      59.77     174.09     265.76      61.88     175.94     262.52     127.87     110.34    -179.05           15
       981637  2.605565e+14     233.41     462.58      24.52     231.54     468.99      28.07     -97.39     422.44     239.92           63
       342968  1.985192e+14      85.53     469.65     219.97      86.73     476.78     212.40      74.76     415.71    -543.79           48
       704883  1.406178e+14     169.58       7.12     452.44     168.10      11.65     453.29    -120.56     303.73      67.69           34
       635812  1.819760e+14     154.03     401.10     144.18     147.29     402.68     138.88    -416.96      74.66    -321.88           44
       616219  7.030889e+13     147.40     306.41     106.96     142.78     304.75     100.82    -275.76    -130.49    -364.22           17
       465109  5.376562e+13     112.53     188.55     334.59     113.44     194.22     339.08      62.28     366.04     256.12           13
      1139521  7.030889e+13     273.55     274.70     258.62     271.37     276.80     263.17    -135.86     138.54     301.07           17
      1884140  5.376562e+13     446.06     498.35     422.03     442.69     495.87     427.57    -163.87    -145.90     415.24           13
      1963137  7.030889e+13     466.11     413.49       8.16     466.37     416.78      11.20      63.66     196.76     185.30           17
      1988257  1.075312e+14     471.30     175.78     133.71     468.11     173.35     131.04    -223.82    -113.49    -154.00           26
      1088253  4.135817e+13     261.33     207.81     489.45     261.28     207.70     484.75     -12.47      58.79    -303.63           10
      1377550  4.135817e+13     329.30      42.97      55.08     325.55      43.39      57.64    -232.72     -18.82     218.94           10
      1122087  9.098798e+13     269.00     248.93     154.30     263.72     246.74     155.11    -357.99    -148.09      71.14           22
      1173029  4.135817e+13     279.69     300.78     145.70     284.26     302.11     142.03     269.49      67.47    -217.69           10
         4823  4.135817e+13       5.08     148.83     343.75       6.49     156.24     343.23      21.93     397.59     -18.99           10
       382533  4.962980e+13      94.08     176.43     270.83      90.12     177.16     267.43    -247.95      44.21    -200.68           12
       820408  1.116671e+14     199.87      39.57     221.14     198.19      40.83     219.94     -97.28      90.83     -87.56           27
       396116  6.203725e+13      95.96      88.41     330.34      97.86      86.44     326.46     107.31    -124.90    -235.19           15
      1777320  4.135817e+13     424.61     240.62     159.77     422.49     240.16     161.99    -160.03     -23.17     116.91           10
       463766  1.240745e+14     110.68     152.99      89.71     114.73     146.55      90.61     282.73    -420.97      72.62           30
       895434  4.549399e+13     212.18     325.46     290.31     213.77     326.31     292.00      87.52      80.19      84.41           11
       848202  9.512379e+13     200.83     384.09     291.02     203.84     380.98     290.30     227.57    -203.48     -56.47           23
      1371622  4.549399e+13     327.95     358.84     398.26     331.43     363.08     398.84     196.88     263.89      95.03           11
      1464508  1.033954e+14     346.02     194.14     236.33     344.56     197.75     230.31    -128.87     195.54    -351.25           25
      1943020  7.858052e+13     461.86     295.13     420.33     460.36     293.31     429.13    -119.14    -147.72     573.52           19
       845721  4.135817e+13     202.73     310.94     102.34     206.96     307.44      97.74     252.11    -176.03    -282.38           10
       754950  8.685216e+13     184.62      43.99      29.48     188.13      46.55      25.37     206.30     181.30    -250.11           21
      1343648  9.512379e+13     321.59       5.69     128.65     317.05       5.95     130.85    -268.37     -13.98     176.84           23
       829675  4.135817e+13     198.83     318.36     421.88     204.59     320.94     428.31     362.42     158.84     420.12           10
       152303  8.271634e+13      37.11     145.51     436.13      46.16     150.25     435.43     582.81     297.61     -72.11           20
       854303  7.030889e+13     201.63      69.74     123.05     204.37      73.45     118.21     185.94     223.08    -329.45           17
       340273  9.098798e+13      81.14     385.30     192.12      82.59     386.35     186.03      95.74      60.97    -344.41           22
       103872  1.282103e+14      25.14     166.52     247.29      27.48     160.66     235.68     112.00    -369.35    -746.30           31
        77174  7.444470e+13      19.53     354.38     458.33      23.66     353.95     462.75     254.35     -20.59     291.13           18
       463981  5.790144e+13     115.51     157.92     429.97     120.71     158.62     435.65     319.67      68.57     366.06           14
       844355  4.962980e+13     200.52     266.93     263.67     204.55     268.34     266.26     258.06     111.97     168.52           12
      1524237  9.098798e+13     365.77      21.13      49.89     363.86      24.20      46.03    -153.53     222.80    -256.49           22
       999395  1.612969e+14     241.14     497.65     391.18     243.13     498.64     397.60     123.51      43.79     404.77           39
      1919187  4.135817e+13     460.94      67.19     326.17     453.19      58.49     315.26    -488.39    -521.27    -675.42           10
       577424  1.282103e+14     134.89     122.16      61.68     131.06     125.74      64.34    -249.47     243.12     165.15           31
      1252822  8.271634e+13     299.61     232.03     337.50     297.52     232.01     337.67    -128.78      -7.99       5.08           20
       891920  4.135817e+13     210.16     218.36      62.89     211.98     218.64      61.43      89.48      22.52     -58.70           10
      1345095  1.861118e+14     322.70      46.05     281.03     319.24      49.61     282.24    -196.44     200.54      88.85           45
      2039162  1.075312e+14     487.53     227.31     478.67     486.00     223.48     489.50     -81.75    -258.54     678.25           26
      1135354  5.376562e+13     272.99     144.98     477.61     270.85     143.89     481.84    -138.80     -48.46     289.49           13
       981092  5.376562e+13     232.42     438.55     391.98     233.06     439.83     396.26      30.82      81.20     273.21           13
       261469  1.737043e+14      62.41     480.65     370.07      72.39     480.91     371.14     632.86      10.39      88.81           42
       166549  2.191983e+14      41.09      86.56      85.31      39.20      88.25      90.82    -159.75     130.31     356.64           53
       373459  9.512379e+13      88.57     399.20     327.70      88.04     396.67     325.00     -93.08    -165.15    -156.99           23
      1405199  1.158029e+14     333.71     386.02      62.50     335.82     384.78      66.72     146.60    -101.48     233.36           28
      1432027  7.858052e+13     344.47     199.32     358.66     336.41     194.20     367.22    -496.35    -303.98     516.45           19
      1106502  1.943834e+14     261.93     263.51     274.98     257.38     265.78     273.72    -322.28     114.65     -66.15           47
      2090427  4.549399e+13       0.18     294.92     229.23     492.08     298.78     233.97    -553.28     263.21     303.27           11
       585227  6.617307e+13     141.60     361.08      46.63     136.39     363.66      48.47    -354.07     139.73     127.42           16
      1842232  5.790144e+13     442.80     218.75     222.94     442.42     221.90     214.76     -36.32     224.58    -457.34           14
       607010  5.790144e+13     146.76      23.72     134.21     144.47      27.21     138.58    -131.33     259.77     283.04           14
      1496558  8.685216e+13     358.54     165.83     433.13     356.28     161.40     427.96    -137.03    -329.25    -350.46           21
      1834851  2.150625e+14     432.99     488.66     391.98     428.96     486.52     391.42    -229.10    -145.39     -29.74           52
      1025824  7.444470e+13     244.57     303.39     127.39     250.48     305.26     119.01     367.57     149.26    -538.30           18
      1381794  4.962980e+13     332.36     168.29     134.44     327.91     168.04     135.57    -318.71       9.40      71.27           12
      1774612  4.962980e+13     424.80     157.23      81.38     423.95     159.73      86.07     -69.90     155.83     283.30           12
       638992  8.271634e+13     154.10       1.17      62.30     152.40     499.69      66.56    -156.81     -94.63     292.59           20
       256283  7.444470e+13      59.68     324.65     104.60      57.93     325.53     105.36    -115.99      13.84      86.74           18
       811021  9.098798e+13     193.54     251.95      51.31     194.72     249.88      49.44      65.21    -134.98    -129.96           22
      1477222  1.323461e+14     353.03      79.47     401.98     351.58      82.73     401.68     -49.70     249.86      33.09           32
      1989551  9.925961e+13     474.61     219.89     187.01     469.00     220.64     183.99    -391.73      55.56    -175.15           24
       345250  5.376562e+13      83.68      37.11     132.36      81.74      36.89     135.30    -142.35     -36.74     186.92           13
       429325  2.440132e+14      99.01     100.73      51.81     102.12     107.63      56.46     204.43     450.76     268.12           59
       430358  1.861118e+14      98.05     134.51      84.07     105.02     135.14      85.88     502.48      60.58     146.78           45
       737840  7.858052e+13     174.03      16.96     186.99     170.10      21.96     186.97    -228.59     325.45       7.44           19
      1379825  1.075312e+14     326.92     106.07     442.16     324.67     106.96     441.19    -142.89      69.72     -81.98           26
       883807  5.376562e+13     208.38     470.10     373.05     206.45     472.18     373.47    -113.31     131.52      37.38           13
       414995  4.135817e+13     101.56     165.23      77.73     106.30     159.69      80.50     275.64    -298.42     193.41           10
       853108  9.925961e+13     201.99      31.58     455.08     204.29      31.41     456.70     163.75     -52.31      80.31           24
      1179755  2.605565e+14     283.95       7.47     419.80     279.84      12.15     418.01    -286.44     304.68     -87.16           63
       740510  6.617307e+13     177.00     100.59     120.61     176.08     100.68     119.46     -28.12      -6.27     -51.51           16
      1966474  8.685216e+13     470.33      16.46      40.64     470.21      16.91      43.02     -25.39      -1.15     106.55           21
       358797  6.617307e+13      84.96     448.97      50.78      83.67     448.18      54.55    -160.68    -103.15     256.76           16
      1569029  6.203725e+13     373.57     387.63      21.22     372.92     384.52      27.78    -127.99    -213.81     475.45           15
       685021  1.571610e+14     160.77     402.14     362.97     163.94     401.82     359.75     192.22     -32.61    -203.11           38
       354600  1.447536e+14      87.22     326.40     158.98      82.31     329.42     158.41    -307.79     184.59     -39.68           35
       590022  7.444470e+13     142.58       6.94     275.17     139.67       9.12     266.79    -230.04     108.45    -528.86           18
      1410525  2.853714e+14     341.17      44.70     369.14     335.98      48.49     372.53    -343.89     223.17     213.65           69
      1192623  5.790144e+13     283.76     398.72     185.55     294.98     399.85     187.02     730.23      33.21      86.19           14
       642744  9.512379e+13     153.28     114.22     221.21     155.25     106.51     226.57     118.97    -461.31     338.32           23
      1226080  7.444470e+13     290.36     412.54     380.43     283.99     413.43     378.00    -377.70      37.69    -164.64           18
       274209  4.549399e+13      63.39     367.37     131.92      61.01     369.01     128.63    -138.67     133.01    -238.01           11
      1253710  4.962980e+13     299.80     259.11     305.01     296.35     256.42     303.18    -220.96    -170.96     -64.99           12
      1200523  6.203725e+13     286.07     139.97      41.28     280.20     134.77      42.78    -388.44    -326.28     161.82           15
       890510  4.962980e+13     214.19     179.69      56.64     217.64     176.61      53.87     176.81    -177.37    -145.89           12
      1376687  5.790144e+13     333.43      13.67     191.69     335.18       6.44     188.33     107.76    -494.45    -242.88           14
      1834208  9.512379e+13     438.60     472.23     376.95     434.38     476.72     377.67    -242.01     287.96      29.13           23
        12977  1.323461e+14       1.59     400.76     195.19     498.60     400.84     194.89    -189.84      -7.96       3.72           32
      2042626  9.098798e+13     486.68     340.02       6.92     486.64     339.99       9.29      11.41     -34.01     141.53           22
      1287390  1.199387e+14     306.24     288.19     369.01     301.72     283.74     368.56    -272.85    -260.02     -52.52           29
       980721  6.203725e+13     234.77     425.13     441.02     232.29     429.00     444.00    -163.79     274.45     290.69           15
       644381  1.447536e+14     148.49     165.46     117.02     138.57     159.34     114.32    -653.71    -373.69    -146.30           35
       670707  7.030889e+13     158.89     467.95     450.71     155.06     471.17     446.03    -238.56     193.19    -310.72           17
       219195  1.199387e+14      49.77     192.15     235.92      51.83     190.15     233.38     112.43    -142.94    -156.82           29
        42092  4.549399e+13      10.12     284.98     425.60      10.09     281.73     424.81      10.73    -239.74     -58.20           11
       240137  5.376562e+13      58.44     330.98      39.81      57.70     329.91      47.36    -109.78     -84.65     498.66           13
      1836457  6.203725e+13     440.49      45.96     161.33     440.19      49.65     162.21       6.53     224.29      25.50           15
       663680  4.549399e+13     159.98     256.92       1.60     157.42     256.28     498.26    -155.83     -65.39    -199.55           11
      1064763  1.158029e+14     250.98     493.02     230.33     253.01     490.66     230.02     143.41    -208.09     -12.95           28
        26224  4.135817e+13       5.47     297.27     440.23       1.51     296.86     439.70    -232.74      -5.54     -13.93           10
      1051225  4.549399e+13     251.60      79.72     351.38     258.17      77.89     352.05     428.00    -108.78      10.46           11
      1393380  5.790144e+13     332.59      20.65     393.14     332.63      27.66     393.52      72.88     429.19      20.67           14
       154128  4.135817e+13      38.67     207.03      63.67      34.47     201.54      64.97    -277.07    -346.22      76.32           10
      1681457  4.549399e+13     398.97     313.74     194.78     397.74     318.03     197.98     -48.12     290.31     174.39           11
      1161793  4.549399e+13     275.75     455.79     257.63     276.84     451.56     252.00      90.85    -278.67    -335.26           11
        82063  1.116671e+14      25.68       8.61      60.69      26.17       9.39      58.74      48.29      28.95    -137.77           27
      1150477  1.079448e+15     273.58     107.48      59.50     274.02     107.75      58.80      39.07      60.99      -7.11          261
      1211342  4.549399e+13     287.82     466.80     303.80     283.72     466.91     298.09    -278.53      -6.03    -384.80           11
       537154  7.030889e+13     125.57     391.66     255.63     127.53     387.27     260.01     133.38    -328.90     253.71           17
      1494755  7.030889e+13     356.96     115.23     387.29     360.31     113.24     391.75     278.02    -110.52     308.15           17
      1448576  1.323461e+14     342.90     206.79     499.63     347.00     200.43     493.43     307.45    -372.26    -532.14           32
       975335  8.271634e+13     230.27     260.55     403.52     229.54     262.69     408.21     -60.60     151.72     294.83           20
       842771  4.549399e+13     202.59     217.51      75.82     208.61     217.49      73.55     424.73     -34.51    -123.21           11
      1439863  4.549399e+13     340.38     440.87     467.51     340.71     440.40     464.92       9.51     -66.97    -186.38           11
      1131786  4.135817e+13     270.70      39.06      39.45     268.76      45.69      43.30    -109.81     439.62     236.63           10
      1124048  4.135817e+13     265.62     303.12     313.67     259.12     307.54     309.76    -410.83     260.09    -234.15           10
      1839163  1.079448e+15     442.33     129.54     232.09     447.71     123.53     225.34     338.95    -383.07    -388.51          261
      1517542  1.819760e+14     362.84     310.64     398.08     368.70     306.66     398.27     353.34    -319.50       0.70           44
        34056  8.685216e+13      14.60      39.90      34.32      16.91      38.04      38.67     181.16    -142.87     227.45           21
       195370  4.962980e+13      43.62     463.87     164.39      47.46     469.88     165.71     262.98     372.60      76.84           12
      1299673  4.962980e+13     310.87     162.76     347.33     310.43     160.34     351.85     -28.32    -148.50     279.81           12
       521993  7.858052e+13     122.84     432.67      39.58     124.13     438.41      35.65     109.76     389.49    -319.01           19
      1387058  8.685216e+13     329.89     329.89     196.89     330.83     331.69     197.39      72.62      80.41      13.34           21
      1165488  7.030889e+13     273.55      69.05     187.61     279.55      64.90     176.40     434.17    -177.59    -746.09           17
      1349154  1.199387e+14     319.98     175.31     134.90     321.18     172.32     135.12      95.24    -207.71      53.79           29
      1723085  1.033954e+14     412.42      85.08     301.48     409.26      78.56     301.34    -203.31    -378.23       3.73           25
       122591  9.925961e+13      24.58     243.98     373.86      33.73     243.91     376.59     546.60      -4.40     167.59           24
       147327  7.858052e+13      31.76     492.91     497.02      34.35     490.56       0.47     135.95    -172.18     157.68           19
       799709  6.617307e+13     190.43     404.30     366.94     188.23     404.91     365.89    -118.39     113.48     -97.73           16
       927050  3.474086e+14     219.45     286.74     296.92     223.20     289.47     296.43     234.00     171.40     -21.53           84
       629331  8.271634e+13     148.63     205.08     326.76     145.80     208.23     330.86    -216.51     225.19     274.20           20
      1323203  1.985192e+14     312.09     385.58     265.46     314.11     382.83     261.29     137.64    -186.80    -251.00           48
      1802636  6.203725e+13     433.46      15.23      48.57     431.70      13.92      54.52    -149.18     -77.21     380.60           15
      1278792  4.135817e+13     305.47      24.61     282.03     301.32      26.25     282.00    -205.82     131.68      -7.08           10
      1270758  5.376562e+13     303.03     278.09     399.19     298.54     273.71     399.95    -292.60    -226.29      35.06           13
       540277  8.271634e+13     129.49     487.11     460.16     131.71     488.44     457.15     125.52      74.42    -217.32           20
       170609  1.654327e+14      41.70     209.77     443.07      47.19     210.39     441.11     331.30      34.31     -64.15           40
      1583717  7.444470e+13     376.95     328.34     398.22     381.36     332.23     400.66     283.90     278.61     143.92           18
      1056315  4.135817e+13     251.17     235.94     233.20     248.18     241.09     233.51    -177.68     358.14      15.82           10
      1015050  8.271634e+13     240.82     479.49      40.82     237.73     480.14      38.80    -248.43     -26.96    -229.04           20
       247983  5.376562e+13      59.04      70.46     184.65      57.99      69.99     183.04     -58.68      18.18    -100.53           13
       873175  9.925961e+13     213.87     146.97     340.66     212.15     144.61     340.18    -105.21    -114.12     -39.56           24
       223335  8.271634e+13      51.56     315.23     402.54      49.39     313.79     399.63    -130.80     -90.06    -160.34           20
      1134859  6.203725e+13     271.48     136.59      45.96     270.52     130.96      48.48     -58.00    -366.32     206.97           15
      1837712  4.962980e+13     438.15      83.98      66.41     440.08      86.70      58.42     123.95     159.15    -593.41           12
       318935  4.962980e+13      77.80     232.75     342.12      82.86     237.88     343.89     317.71     334.74      59.28           12
       550459  1.282103e+14     133.51     300.34     229.65     130.44     298.36     231.01    -192.30    -126.95      86.38           31
       545171  4.549399e+13     131.57     137.25      74.75     129.35     136.43      77.62    -112.20      -9.43     217.82           11
      1280596  5.376562e+13     308.14      80.08     329.48     307.73      77.66     334.39      -3.56    -146.69     338.54           13
      2028182  7.444470e+13     481.34     398.00      87.67     480.29     401.18      93.62    -100.91     216.76     410.35           18
      1650822  8.271634e+13     395.70     381.84      27.15     397.56     382.93      25.94     138.59      69.30     -93.90           20
       158578  4.962980e+13      40.04     337.57     445.96      40.89     336.99     442.50      70.51     -67.96    -265.37           12
        34199  7.030889e+13      12.75      46.76      92.26      10.22      48.29      91.91    -171.75      58.41     -11.03           17
      1008043  4.135817e+13     242.19     264.84     168.75     251.77     253.27     168.50     607.62    -736.32      38.39           10
       259040  4.962980e+13      62.50     408.20     378.91      67.98     403.43     379.23     273.96    -266.93      14.99           12
       255404  4.549399e+13      63.39     296.34     173.47      59.05     294.28     171.79    -268.23    -219.42     -89.30           11
       722677  2.109267e+14     173.83      49.29     452.63     177.84      46.91     455.29     234.72    -146.23     172.06           51
      1081009  5.790144e+13     257.81     491.35     193.36     256.06     489.97     195.37    -137.75     -66.00     144.06           14
      1758476  4.135817e+13     421.09     166.41      47.27     419.65     164.91      53.51    -102.44     -66.50     377.55           10
      1650224  2.026550e+14     393.69     364.28     185.95     395.28     368.63     187.70     111.29     272.20     105.28           49
        68853  1.116671e+14      18.30     100.48     463.04      20.15      97.04     463.79     137.57    -239.31      16.76           27
      2055677  1.861118e+14     491.45     230.25     491.45     488.34     226.20     498.28    -191.04    -250.19     415.02           45
      1891836  5.376562e+13     451.47     234.53     486.63     452.67     232.15     491.56      64.35    -181.79     279.48           13
      1974151  1.406178e+14     470.93     248.97      31.59     470.40     241.89      34.13     -38.89    -469.72     186.96           34
      2024792  7.444470e+13     481.12     294.05     346.14     482.10     293.73     341.03      80.17       0.73    -303.78           18
      1053278  7.858052e+13     253.19     142.37     369.55     256.41     142.45     370.13     221.49      -0.05      69.32           19
      1095145  8.271634e+13     259.96     422.07     412.11     255.09     428.61     414.35    -304.86     391.51     140.45           20
       776885  1.323461e+14     189.09     206.54     213.13     194.81     203.52     215.36     371.55    -174.64     166.80           32
      1614599  4.962980e+13     385.74     272.46      31.58     386.96     272.81      29.01      40.55      33.16    -212.67           12
       736920  6.617307e+13     175.05     490.72      95.21     173.08     492.68      89.44    -103.57     139.25    -366.66           16
       455829  4.549399e+13     105.29     413.88      85.40     106.42     417.79      89.82      58.67     239.81     259.92           11
      2021517  9.098798e+13     480.11     194.07      54.69     482.42     192.75      51.45     176.99     -25.35    -255.54           22
       697362  1.571610e+14     165.91     283.51      77.41     160.91     284.97      77.66    -336.23     139.71      35.82           38
      1828161  7.030889e+13     434.63     287.57     254.48     438.45     295.29     251.65     263.99     490.98    -180.90           17
       577417  6.617307e+13     140.62     123.54      38.09     135.66     128.12      43.75    -379.17     307.89     415.56           16
      1685030  8.271634e+13     401.17     423.63     147.85     395.80     421.08     151.98    -361.28    -185.99     279.31           20
      2038532  6.617307e+13     485.60     211.43      17.33     484.29     207.81      24.25    -101.45    -263.98     479.50           16
      1692712  2.357416e+14     406.22     158.34     157.11     412.77     154.79     154.13     407.25    -205.70    -182.02           57
      1684278  1.447536e+14     396.60     404.52     210.66     394.96     400.48     211.56     -87.24    -223.00      97.79           35
      1955848  1.075312e+14     467.25     186.30      31.85     470.97     188.42      38.26     250.22     157.07     370.95           26
       634890  1.943834e+14     149.06     378.20      43.09     144.11     379.57      45.51    -308.84      67.76     148.51           47
      1032558  5.790144e+13     245.81       7.53     429.41     242.48      11.10     427.43    -168.68     218.84    -115.40           14
      1322829  7.444470e+13     313.15     369.79     300.78     309.32     367.63     295.86    -247.82    -176.02    -256.30           18
       903499  9.098798e+13     218.22      68.54     296.88     218.43      72.76     299.33     -13.86     288.47     188.06           22
      1080868  7.030889e+13     258.85     488.17     140.05     260.50     490.03     132.12      96.54     125.86    -532.51           17
        69668  7.444470e+13      18.88     127.39     143.01      21.56     125.72     139.93     161.45    -103.83    -182.46           18
      2027278  1.116671e+14     487.92     367.69      55.77     489.31     367.65      56.62      83.16      -1.78      38.12           27
       400713  4.135817e+13      94.14     228.52     289.45      95.62     233.84     292.16     143.19     335.42     179.78           10
       215507  7.444470e+13      51.65      77.47     329.43      58.64      74.15     321.50     436.98    -297.22    -494.00           18
      1942198  5.376562e+13     463.79     271.78     215.90     461.88     278.50     219.73     -89.07     487.68     304.97           13
      1606177  4.962980e+13     380.86      16.93     130.86     381.48      18.31     134.49      51.11     108.58     207.13           12
       298593  1.612969e+14      74.37     113.43     381.76      84.36     117.33     383.07     660.43     245.86      92.73           39
       104171  1.737043e+14      25.48     175.78     420.94      32.17     178.26     419.52     409.69     131.55    -112.72           42
       502299  9.512379e+13     119.65     332.12     105.04     122.52     332.95     100.40     191.15      27.19    -275.64           23
      2065874  5.790144e+13     492.75      50.50     321.71     486.25      48.91     314.61    -408.26     -94.62    -439.08           14
      1278437  1.447536e+14     306.31      10.77     398.16     307.81      14.54     398.58     121.98     217.82      15.87           35
       611421  6.203725e+13     144.92     160.03     364.97     144.05     158.19     364.61     -80.53    -156.18     -71.27           15
      2019431  7.444470e+13     479.82     127.82     401.26     475.44     130.85     408.54    -303.53     201.01     406.43           18
      1672942  4.549399e+13     401.46      51.67     433.06     393.71      51.03     437.17    -465.52     -24.63     232.41           11
      1580969  4.962980e+13     375.98     247.40     160.48     382.07     249.06     163.14     423.77     128.40     207.04           12
      1316243  4.549399e+13     313.39     168.86      78.30     314.00     169.96      77.93      72.37      63.17     -56.64           11
      1869651  1.240745e+14     441.80      56.90     326.56     437.76      55.37     317.40    -235.39     -77.47    -601.46           30
       864993  6.203725e+13     201.95     397.27     381.64     197.69     392.53     376.84    -265.90    -343.03    -314.25           15
      1543034  4.549399e+13     368.08      88.25     476.03     370.14      85.70     479.47     175.55    -130.96     240.50           11
      1980966  1.282103e+14     471.84     456.72     150.01     469.26     455.16     150.62    -146.64     -97.92      30.04           31
      1878207  7.444470e+13     446.61     317.49     245.44     449.13     317.72     246.22     177.51     -16.55      66.82           18
      1178344  2.398774e+14     278.89     452.25     406.59     275.10     458.23     410.83    -217.68     375.79     305.01           58
        54882  7.444470e+13      13.45     173.39     385.63      22.99     179.20     388.34     576.40     329.55     150.13           18
      1403304  4.549399e+13     335.05     326.88     156.43     332.74     329.50     153.64    -143.84     125.05    -160.34           11
      1617356  4.962980e+13     388.67     357.42     299.80     391.69     357.73     296.49     170.20      32.82    -224.22           12
        91061  5.376562e+13      20.28     276.59     211.09      17.74     280.39     210.20    -179.82     283.05     -87.15           13
      1725183  5.376562e+13     411.21     145.58     498.65     413.67     136.54       4.32     180.95    -559.77     332.17           13
       386251  5.376562e+13      91.80     287.11     296.72      84.63     282.19     300.95    -456.95    -309.52     260.11           13
       592641  9.098798e+13     142.22      89.67       4.79     151.22      93.30       3.29     565.96     204.63     -98.47           22
       120741  6.203725e+13      29.56     185.81     145.18      24.87     182.81     143.52    -248.16    -157.72     -73.74           15
       831937  3.019146e+14     200.26     393.06     253.24     201.75     393.82     260.36      53.18      34.15     463.23           73
       103483  1.282103e+14      24.00     160.47     235.19      26.59     157.84     228.87     158.67    -143.75    -377.99           31
      1130372  5.790144e+13     268.97     496.93      17.02     268.30     496.64      22.27     -31.83     -12.78     344.84           14
      1435671  7.858052e+13     338.71     313.63      90.77     338.65     321.86      89.85      25.48     551.01     -86.68           19
      1852076  5.790144e+13     443.08      22.88     172.71     441.51      27.32     175.00    -110.57     300.09     159.74           14
      1755463  6.203725e+13     420.96      73.31     279.04     425.41      65.92     274.90     296.66    -462.82    -268.58           15
        70470  6.617307e+13      17.09     152.34     275.88      16.68     144.83     266.89    -101.53    -543.49    -527.86           16
       836846  7.858052e+13     200.56      40.19     433.08     202.10      39.03     442.44      97.32     -34.13     582.95           19
      1672163  1.033954e+14     399.45      29.14     387.27     388.94      29.31     387.95    -663.65      -4.07      47.27           25
      2045798  4.962980e+13     486.00     431.64     401.37     483.81     426.71     403.03    -130.98    -311.16      83.67           12
      1315430  9.512379e+13     315.47     144.45     398.18     322.03     144.63     400.69     403.03      -3.42     153.69           23
       741315  1.033954e+14     178.52     122.42     263.98     173.12     118.10     261.98    -361.51    -231.88    -158.83           25
       170995  2.357416e+14      42.59     215.56     453.30      47.38     214.13     445.76     313.72    -128.04    -497.66           57
       622192  7.030889e+13     144.88     486.56     440.14     147.84     485.00     436.03     195.55    -174.72    -337.37           17
       484734  5.376562e+13     115.84     291.92     492.64     120.95     290.03     486.81     319.35    -103.23    -368.71           13
       433672  1.488894e+14     103.62     235.68      30.38     105.42     238.92      35.26     128.32     213.92     330.54           36
        60316  5.376562e+13      13.07     342.10     112.53      13.57     347.42     114.04      55.95     346.13      88.96           13
       903771  2.109267e+14     215.65      80.84     356.89     215.46      83.56     356.10      -8.47     181.90     -31.87           51
      1939408  4.549399e+13     462.18     185.55     314.10     464.77     186.92     316.29     161.60      62.06     108.80           11
      1132382  2.398774e+14     268.66      56.30     367.66     270.35      56.19     368.03      93.71     -20.70       6.00           58
       435356  1.323461e+14     108.76     285.77     112.67     113.72     287.88     107.95     330.36     160.45    -267.94           32
      1860794  1.033954e+14     446.02     287.27     229.61     451.22     292.86     229.46     374.83     344.68      -7.23           25
       285249  8.685216e+13      65.57     208.61     258.65      68.62     206.37     252.52     199.43    -175.25    -408.71           21
      1240548  1.737043e+14     293.34     357.14     389.79     283.86     354.21     381.81    -619.12    -173.58    -555.45           42
      1406838  4.135817e+13     333.59     433.59     463.28     336.24     437.61     463.66     171.72     228.15      59.48           10
      1944598  6.617307e+13     462.65     346.92      85.94     463.15     347.26      90.56      28.84       4.30     273.51           16
      1980547  1.240745e+14     469.40     445.83      14.32     468.28     451.14      18.86     -74.83     334.84     273.66           30
      1651721  1.116671e+14     390.55     409.07      39.86     390.65     406.64      44.77      -9.87    -133.30     317.72           27
       509224  5.790144e+13     121.09      42.13     158.76     117.10      44.96     155.88    -259.16     160.79    -175.53           14
      1644284  4.962980e+13     390.62     178.39     482.42     383.53     178.48     484.52    -394.74      -3.37     137.25           12
      1904545  6.617307e+13     455.08     124.27     131.59     452.99     126.66     133.24    -160.81     162.32     116.49           16
      1863622  9.925961e+13     441.57     374.67     275.23     445.63     376.70     277.78     298.17     189.18     190.26           24
      1706106  4.135817e+13     408.59      62.50     480.08     403.69      69.28     480.23    -283.88     449.99     -29.94           10
      1750200  2.564207e+14     416.83     415.89     218.62     412.89     408.63     220.96    -251.12    -453.40     161.27           62
       272603  7.444470e+13      64.67     318.58     357.42      63.91     313.03     356.52     -41.97    -326.94     -60.80           18
      1342695  4.135817e+13     319.14     473.44     404.30     313.89     477.30     399.53    -325.97     232.71    -354.95           10
      1140575  4.135817e+13     273.05     305.86     372.66     266.82     309.71     376.85    -396.67     251.16     269.88           10
       449006  1.033954e+14     109.92     198.67     429.92     115.00     200.87     436.48     335.51     133.42     483.68           25
      1711002  7.858052e+13     411.70     218.24     107.63     407.58     216.96     107.12    -298.76     -47.66       9.03           19
      1429276  8.685216e+13     342.17     118.77     113.19     340.84     114.61     115.35    -105.26    -258.11     126.69           21
       433237  8.271634e+13     100.98     220.31     331.64     107.78     222.43     335.20     463.29     144.36     203.43           20
       865314  7.030889e+13     207.38     407.51     131.78     207.28     408.62     128.94      -8.80      62.39    -157.73           17
       226251  6.203725e+13      51.17     407.68     294.40      48.66     401.00     297.33    -205.37    -409.55     166.04           15
       319948  1.033954e+14      76.48     268.05     298.05      78.33     269.57     303.46     104.83      79.71     364.57           25
       762590  1.406178e+14     184.86     274.01     371.55     186.84     267.65     373.95     108.22    -410.23     117.90           34
      1796358  7.030889e+13     429.34     320.89      25.16     429.29     321.69      26.33     -16.78      48.55      80.98           17
        32058  7.858052e+13       5.24     477.69     228.52       3.67     481.53     226.92     -95.28     223.88     -65.96           19
      1674854  7.030889e+13     400.16     111.10     403.84     391.58     119.27     410.28    -470.10     578.56     451.76           17
      1679773  4.549399e+13     401.81     263.67     117.72     401.41     258.51     115.39     -22.27    -318.99    -191.90           11
       352818  4.962980e+13      85.61     265.95     197.59      82.34     264.42     202.45    -178.90     -63.72     304.55           12
      1028482  8.271634e+13     241.80     391.60      11.72     240.66     393.68      15.18     -74.49     115.81     207.58           20
      1272116  9.925961e+13     304.04     321.61     204.92     306.78     327.33     206.63     160.31     360.51     104.85           24
        40614  5.376562e+13      12.47     238.73     149.79      11.49     237.58     148.14     -53.33    -105.66    -154.40           13
      1668279  5.376562e+13     395.28     411.81     216.50     394.99     404.74     215.84     -19.20    -448.54     -47.26           13
      1060139  7.030889e+13     253.56     353.06     169.46     262.77     357.74     167.34     522.38     281.60    -126.27           17
       596951  5.376562e+13     144.08     215.90     339.99     139.83     212.77     342.08    -267.49    -194.37     155.97           13
      1839723  7.444470e+13     441.41     139.97     424.48     429.10     142.06     427.67    -823.08     148.81     212.89           18
       456675  1.282103e+14     107.80     436.30     390.18     115.96     440.96     389.94     484.79     322.21      -6.18           31
      1666132  8.271634e+13     396.09     341.21     326.76     398.14     347.10     322.68      86.44     389.96    -271.88           20
      1243067  4.549399e+13     297.05     433.42     232.42     286.53     432.55     225.36    -730.92     -31.12    -436.87           11
       596174  1.158029e+14     143.83     189.31     309.71     148.61     190.26     310.17     317.19      38.83       6.96           28
       928245  8.685216e+13     221.08     326.17     459.36     221.52     325.52     450.17      40.56     -27.70    -618.02           21
      1471403  5.376562e+13     350.81     400.99     171.72     350.36     399.36     174.92     -26.21    -115.40     213.58           13
      1347337  6.203725e+13     326.43     118.88      36.59     319.56     117.58      29.00    -427.66     -67.56    -490.31           15
       894794  4.135817e+13     212.50     307.81     292.19     218.33     306.71     292.30     384.75     -76.41     -58.32           10
      1279953  9.925961e+13     310.87      60.71     319.99     308.68      64.65     324.55    -143.68     249.71     279.31           24
       949716  1.323461e+14     226.44     483.76     326.29     226.79     490.23     331.65      26.22     462.15     381.85           32
      1230537  4.549399e+13     292.79      52.38     284.27     286.48      55.37     288.81    -424.05     219.18     245.69           11
        19091  5.376562e+13       7.36      84.59      69.86       8.16      80.76      75.84      68.88    -252.44     392.26           13
       947030  4.549399e+13     224.96     397.90     337.89     221.91     398.24     338.57    -197.05      57.72      -7.69           11
      1798515  1.199387e+14     430.97     384.36     448.88     427.74     386.40     451.07    -180.73     132.75     114.56           29
       344119  1.943834e+14      84.73     498.55     212.56      84.61     499.35     203.22     -39.28      46.04    -650.27           47
      1512250  4.549399e+13     360.97     150.04     228.52     363.20     147.26     222.26     145.63    -194.99    -366.13           11
      1410143  1.199387e+14     336.14      36.30     372.51     334.67      43.03     373.41     -47.69     487.66     -14.61           29
       593307  4.135817e+13     144.92     107.81     105.08     140.52     108.28     103.79    -281.03      36.71     -33.49           10
       338889  4.135817e+13      81.64     344.53     284.77      75.00     345.35     285.60    -465.05      43.49      40.23           10
      1140491  1.447536e+14     266.24     306.08      41.91     264.83     301.53      44.21     -67.12    -287.42     110.85           35
      1461094  4.549399e+13     351.03      87.54     398.26     351.03      85.53     397.29      11.37    -217.78     -13.33           11
      1948941  4.549399e+13     460.05     475.32      52.73     459.54     479.51      50.58     -24.85     262.38    -172.78           11
      1172890  4.135817e+13     276.95     293.36     105.47     277.04     294.60     106.51       8.56      68.59      37.71           10
       871894  5.211129e+14     208.77     115.70     339.72     211.03     111.97     335.05     166.27    -240.17    -341.51          126
       208107  2.109267e+14      52.27     353.44     416.78      51.67     348.32     419.42     -36.55    -314.39     228.95           51
       443461  6.617307e+13     110.60      31.25     272.95     114.48      36.02     266.20     237.36     328.69    -402.60           16
       908338  7.030889e+13     213.35     220.93     196.12     216.37     217.35     194.46     203.62    -182.59     -96.26           17
      2078626  4.135817e+13     499.22     432.81     134.77     493.80     429.39     136.15    -329.77    -211.61      41.63           10
      1921673  4.962980e+13     457.68     145.83      35.48     454.66     146.08      42.49    -177.50      39.74     421.57           12
      1025210  9.098798e+13     246.63     287.82     228.52     249.18     282.46     234.66     110.21    -325.69     347.42           22
       164255  6.203725e+13      42.58      17.58     122.79      49.67      15.16     121.90     450.29    -221.28     -76.49           15
       353815  5.376562e+13      85.19     301.23      88.49      82.19     304.44      87.03    -217.57     193.13     -76.27           13
       540097  4.549399e+13     126.24     484.55     254.79     127.73     492.01     250.92     109.25     471.62    -151.57           11
      1083748  7.444470e+13     257.81      73.57     392.36     263.62      63.55     392.51     392.34    -666.22     -49.96           18
       965769  4.135817e+13     227.34     477.34      36.72     230.44     475.91      35.94     311.63    -143.56     -96.54           10
       710417  5.376562e+13     169.62     182.84      66.86     163.52     173.91      69.92    -354.27    -585.41     201.93           13
       991328  4.962980e+13     236.00     251.95     376.30     232.21     252.60     376.37    -273.04      56.37       7.94           12
        74978  4.962980e+13      20.18     285.81     382.81      28.31     286.89     380.33     475.72     104.68    -166.99           12
      1099241  1.075312e+14     261.72      46.12     411.21     260.79      49.47     412.60     -44.09     260.58      44.67           26
       613420  8.271634e+13     144.73     222.27     173.63     150.69     218.99     169.34     360.96    -181.55    -260.25           20
      1820879  1.447536e+14     433.98      69.14     314.45     431.13      62.14     308.38    -132.67    -433.84    -386.06           35
       270136  5.790144e+13      62.22     244.98     220.42      62.94     240.50     223.74      70.49    -325.27     225.69           14
       441660  4.962980e+13     102.86     476.56     235.68      98.02     484.86     230.18    -314.11     554.89    -290.65           12
       535822  1.571610e+14     128.91     355.26      55.10     129.27     357.75      53.76      44.83     147.26     -99.59           38
      1720246  6.617307e+13     406.49     497.07     211.67     408.85       3.48     210.11     154.61     416.07    -121.10           16
      1019771  1.323461e+14     242.31     119.63     479.98     241.56     115.60     479.75     -58.31    -247.74     -22.16           32
       654568  7.444470e+13     154.73     475.91     408.42     155.69     474.55     414.24      46.07    -129.20     391.61           18
       905736  4.135817e+13     217.97     141.02      32.03     222.02     140.55      33.12     248.32      -6.43      72.40           10
          925  4.549399e+13       2.66      28.23     113.46       1.21      30.70     110.43    -116.30     162.33    -174.71           11
      1508107  4.962980e+13     361.33      27.34      43.95     363.33      28.61      45.77     154.10      47.54     177.43           12
       715438  4.135817e+13     169.92     332.42     183.20     164.17     334.08     182.74    -315.34     119.17     -59.03           10
       945523  2.191983e+14     222.55     356.83     447.34     223.25     347.93     443.75      77.91    -656.85    -252.53           53
      1965640  1.530252e+14     462.57     483.79     283.41     459.96     484.19     278.41    -184.34      13.71    -251.20           37
      1265900  8.685216e+13     303.29     128.44     420.48     302.28     127.15     425.00     -78.03     -78.71     257.82           21
      1592156  7.030889e+13     381.55      88.81     361.10     376.13      89.16     363.78    -284.91      34.58     174.38           17
        25771  9.512379e+13       4.33     284.05     168.56     498.93     284.51     164.84    -380.95      38.83    -243.88           23
      1642397  4.962980e+13     393.88     125.33     115.56     392.79     126.17     114.04     -85.06      22.05    -120.98           12
       533070  6.203725e+13     126.95     269.14     307.94     121.22     259.69     309.58    -339.53    -614.46      87.81           15
       201884  8.685216e+13      50.87     158.58     113.37      55.07     148.47     110.02     315.96    -660.31    -192.65           21
      1479789  1.364820e+14     352.45     155.01     430.22     353.43     156.46     424.98      99.15     101.77    -341.73           33
      1454228  1.323461e+14     340.94     378.30      85.57     340.67     380.01      87.50     -23.61     111.73     108.92           32
       602561  4.135817e+13     140.62     391.02     256.64     137.96     387.19     257.07    -215.67    -304.33     -33.12           10
      1636498  4.135817e+13     386.33     444.53      74.22     388.36     439.17      77.25     133.76    -391.27     165.38           10
      1869088  4.962980e+13     443.03      39.71     125.98     443.29      42.97     126.94      31.31     264.51      57.93           12
       406225  4.135817e+13      96.88     394.92     317.58      93.27     398.84     316.47    -270.97     219.68     -79.72           10
      1671659  5.376562e+13     398.59      12.17     420.82     389.96      11.76     420.84    -530.82     -45.49     -10.27           13
       647143  1.530252e+14     153.56     250.05     400.29     150.35     243.19     403.37    -243.03    -446.31     183.93           37
      1251151  4.135817e+13     300.00     180.86     310.16     295.64     182.71     309.49    -273.18     123.50     -58.42           10
      1049022  1.033954e+14     250.55      14.77     243.36     247.53      12.08     239.11    -188.16    -161.12    -264.74           25
      1731012  7.858052e+13     410.05     325.56     267.37     414.55     330.40     262.53     274.14     313.96    -292.42           19
      1217718  8.685216e+13     290.46     164.53     212.70     288.22     162.94     208.66    -216.72    -145.42    -273.23           21
      1492526  5.376562e+13     356.52      47.93     183.14     362.02      48.79     177.97     401.79      60.15    -328.54           13
      1347589  6.203725e+13     320.96     127.99      22.27     317.47     124.66      22.08    -203.54    -248.07     -10.10           15
      1569970  4.549399e+13     371.27     408.56     195.49     370.15     402.30     190.88     -46.09    -405.26    -302.35           11
      1110671  5.376562e+13     265.47     397.39      63.55     261.50     399.12      63.80    -329.84     173.05     -43.45           13
      1563605  5.376562e+13     373.65     218.00     336.09     372.49     220.07     339.14     -72.92     106.96     201.55           13
       445210  8.271634e+13     110.94      90.43      99.02     110.32      90.80     100.11     -43.12     -16.96      89.79           20
       744251  4.135817e+13     174.61     212.11     232.03     180.01     210.97     229.64     362.22     -66.61    -200.58           10
       428963  1.282103e+14     105.78      90.16     134.26     104.83      87.44     128.79     -61.63    -173.83    -341.43           31
       529550  1.778401e+14     126.04     159.66      57.64     124.02     152.92      61.54    -131.29    -410.08     262.10           43
       293373  7.444470e+13      69.01     454.21     489.15      74.76     459.40     494.74     329.48     334.80     360.60           18
       433618  9.512379e+13     103.52     235.14     318.19     106.57     235.50     321.35     240.23      26.69     190.26           23
      1373037  5.376562e+13     329.48     400.69     425.93     330.34     405.23     424.56       4.47     244.44     -42.67           13
      1595343  6.203725e+13     380.86     185.29     310.81     378.50     185.88     311.91    -131.53      24.83      51.33           15
      1633649  1.033954e+14     389.30     351.48     443.67     393.15     353.06     444.75     230.57     124.26      79.64           25
        49676  1.282103e+14      11.03      17.45      48.83      11.76      20.38      52.10      29.22     159.66     204.85           31
       826042  4.135817e+13     196.09     209.77     230.86     198.68     206.81     226.50     185.51    -233.70    -328.56           10
      1623278  1.861118e+14     390.41      38.59     433.98     385.76      38.25     434.33    -274.37     -46.36      24.74           45
      1475608  4.135817e+13     353.52      33.98      93.36     349.25      34.48      89.64    -244.83      -3.50    -228.08           10
       914290  4.962980e+13     217.12     402.34     444.99     213.61     407.55     441.40    -255.85     351.56    -264.75           12
       912718  4.549399e+13     217.86     354.23     308.77     214.40     356.99     308.88    -255.55     189.19     -34.29           11
       268739  1.158029e+14      65.85     197.82     257.53      67.43     200.66     253.33      92.69     233.33    -249.13           28
       681364  1.447536e+14     164.34     294.59      77.96     159.59     294.07      77.96    -274.91     -52.48      -1.62           35
      1431523  9.925961e+13     344.24     184.73     386.72     342.47     177.03     390.27     -89.71    -500.99     228.13           24
       400988  9.512379e+13      96.55     235.14     360.31      96.79     229.57     360.16      23.59    -379.78      17.84           23
       941595  1.364820e+14     226.15     233.72     105.53     228.19     235.33     112.93      98.73     130.32     539.74           33
       757322  1.530252e+14     186.60     113.44     291.65     188.46     109.65     288.79      80.72    -236.26    -180.24           37
      1590828  2.150625e+14     378.16      52.88     171.80     376.42      52.37     171.47    -135.42     -19.35       3.58           52
      1818427  8.685216e+13     432.57     493.95     229.82     431.84     499.83     229.68     -76.42     379.27     -14.65           21
      1436053  4.549399e+13     343.22     325.46      83.27     341.67     329.77      83.22    -148.16     279.41     -30.49           11
       385778  5.376562e+13      92.40     270.88     446.97      95.44     266.07     448.46     182.49    -272.26      77.82           13
       597734  4.714831e+14     139.29     239.48     399.05     139.26     236.42     403.12      29.39    -189.65     263.85          114
       303135  4.135817e+13      74.22     251.17     125.39      71.76     247.28     118.75    -168.54    -237.82    -387.65           10
      1748449  8.271634e+13     415.82     357.62     381.05     409.23     356.59     375.89    -429.29     -94.27    -329.40           20
       953135  4.549399e+13     228.16      87.54     184.13     223.83      83.77     182.22    -257.09    -206.80     -77.40           11
      1691685  4.135817e+13     405.08     128.12     147.66     409.75     130.40     146.04     284.41     153.91    -124.57           10
       380098  6.203725e+13      89.71     100.65     259.51      99.09      93.54     253.34     667.00    -417.49    -434.28           15
      1019595  4.549399e+13     244.50     118.08     293.50     245.91     110.93     298.66     107.04    -514.89     339.11           11
        28311  6.741381e+14       7.15     365.16      99.27       9.67     365.46     102.09     168.41      21.14     171.09          163
      1666467  4.135817e+13     395.70     358.98     140.62     390.84     358.04     140.86    -280.19    -110.02     -43.44           10
      1748470  7.030889e+13     414.41     358.57     463.81     413.19     361.56     466.36     -81.39     204.71     146.48           17
       640480  1.199387e+14     155.64      47.21     377.09     157.66      49.54     383.70     110.90     171.42     444.89           29
       567357  6.617307e+13     133.54     317.87     240.97     133.06     317.76     246.02     -19.45      -5.21     326.35           16
       135261  2.233341e+14      35.81     127.75     367.12      44.20     130.49     374.28     491.21     158.06     449.01           54
       269544  6.617307e+13      63.23     225.10     408.20      66.01     222.85     403.70     151.70    -136.40    -302.32           16
       512594  5.790144e+13     125.00     146.21     322.82     120.44     148.05     328.45    -298.10      99.10     338.41           14
      1063104  1.488894e+14     254.56     445.64     249.67     261.42     443.45     244.50     447.12    -171.66    -341.18           36
       422940  7.030889e+13      99.38     407.28     109.95     100.41     410.36     107.91      96.68     203.43    -145.32           17
      2037665  9.098798e+13     485.26     185.55     136.36     483.83     179.59     134.35     -49.47    -410.54    -128.90           22
       152456  7.858052e+13      36.08     154.50      34.44      36.37     146.71      41.75      41.51    -528.13     462.93           19
       994677  4.962980e+13     236.98     350.91     461.59     232.32     345.95     453.14    -319.09    -344.23    -606.79           12
      1477113  6.203725e+13     355.08      72.53     470.44     352.08      70.49     471.95    -190.74    -130.40     126.09           15
       249880  7.444470e+13      60.33     129.12      95.70      62.69     132.49      96.18     129.70     237.37      25.91           18
       850059  7.030889e+13     205.08     441.75      46.99     203.59     446.67      45.54     -98.95     337.95     -87.97           17
       576792  6.203725e+13     141.54     106.64      95.44     137.65     108.47      94.76    -240.48      98.59     -47.95           15
       364506  4.135817e+13      89.06     123.83     355.86      91.08     126.87     355.69      91.05     176.03     -49.61           10
       220303  6.203725e+13      50.91     222.53      59.77      50.21     217.07      61.36     -21.63    -329.39      85.07           15
      1580018  6.203725e+13     374.35     216.02     447.01     368.30     210.79     449.32    -374.64    -325.99     150.62           15
      1837084  9.098798e+13     442.47      63.03     111.68     446.10      63.58     114.45     253.03      54.10     144.41           22
      1859072  9.512379e+13     441.32     237.18       3.14     443.10     233.98       5.24      80.60    -242.97     144.40           23
      1477913  7.444470e+13     352.43     104.60     100.04     348.17     105.09     100.92    -274.61      43.43      62.47           18
      1431431  1.488894e+14     339.52     183.16      28.86     340.03     178.22      29.03       4.69    -324.73      34.94           36
       135885  9.512379e+13      34.39     148.18     302.73      44.17     150.79     298.29     578.43     145.72    -243.27           23
      1083784  5.790144e+13     260.04      73.38      31.25     264.54      77.64      33.28     327.55     293.88     176.97           14
       517241  4.962980e+13     121.42     280.92     474.28     122.33     283.38     470.99      51.94     210.14    -233.90           12
       585753  4.962980e+13     139.65     377.28      99.93     139.43     376.62     100.37      -4.63     -85.47      64.91           12
      1579283  7.030889e+13     375.80     196.58      73.41     379.52     187.58      73.28     275.20    -596.74     -24.85           17
       248145  2.150625e+14      56.57      71.66     317.46      59.94      73.08     311.91     185.65      87.64    -329.12           52
       802980  4.549399e+13     193.00       6.92     141.51     192.43       8.75     137.35     -50.57      26.18    -307.62           11
       517108  6.617307e+13     122.31     281.25     456.54     122.94     278.92     458.17      35.22    -145.25     105.16           16
        65029  9.098798e+13      15.45     486.33      24.68      16.30     491.15      30.65      47.06     333.00     367.42           22
       797107  4.135817e+13     189.45     329.69     202.34     185.14     327.83     205.43    -240.11    -124.24     158.63           10
      2062847  1.447536e+14     492.13     450.39     495.93     489.85     453.88       0.89    -138.73     227.50     282.41           35
       363069  4.135817e+13      87.89      82.03     238.67      89.76      78.25     240.52      94.30    -196.66     145.80           10
      1307278  4.962980e+13     310.87     394.21      58.27     311.97     396.38      68.48      23.46     167.20     573.97           12
      1008133  7.858052e+13     239.41     267.17      20.05     239.36     266.04      22.62      -2.39     -50.37     165.96           19
      1346360  4.549399e+13     322.62      87.89     222.48     324.91      84.49     225.00     151.13    -197.98     157.08           11
      1280045  1.778401e+14     302.83      63.91     177.73     297.13      62.77     173.24    -401.89     -49.34    -265.42           43
      1069537  4.549399e+13     254.44     140.45     381.92     255.03     142.49     379.61      69.03     113.77    -178.30           11
       306860  6.617307e+13      73.24     365.23     176.27      75.02     363.93     168.25     120.12    -129.97    -523.80           16
      1152098  4.135817e+13     274.22     159.38     383.20     274.31     164.05     382.82      18.10     272.26     -16.96           10
      1289622  1.943834e+14     303.48     361.83      88.72     301.29     362.47      88.38    -192.96      30.53     -97.85           47
      2009403  4.549399e+13     481.36     324.40     232.42     481.31     323.53     236.30      71.89     -94.54     229.21           11
      1319535  5.376562e+13     315.35     267.58     434.04     311.89     261.50     429.05    -225.26    -382.47    -355.29           13
       606579  4.135817e+13     147.66      12.11     451.17     153.99      11.05     448.61     395.74     -43.82    -201.08           10
       611599  5.790144e+13     145.93     165.46      61.94     139.97     156.87      67.63    -390.57    -566.38     382.27           14
      1267239  4.549399e+13     300.96     173.47     156.43     304.48     172.59     154.20     229.20     -28.63    -127.48           11
      1556225  4.962980e+13     367.51     493.82       6.51     368.49     495.97       7.49      35.86     141.62      18.18           12
       733495  1.695685e+14     175.64     383.43     219.37     177.76     386.81     226.22     138.92     195.31     444.08           41
       950976  5.790144e+13     226.56      21.21     252.23     226.56      21.31     247.70      21.14      -5.46    -282.46           14
       809699  7.858052e+13     192.33     208.16     384.56     187.48     211.19     385.61    -275.02     218.77      96.39           19
       984329  7.444470e+13     237.63      42.53      36.68     238.04      46.86      40.18      70.32     245.54     292.65           18
       978521  8.271634e+13     233.98     362.89     350.39     232.26     357.69     351.96    -119.83    -352.30     105.29           20
      1103609  1.861118e+14     267.23     174.78     474.44     268.45     169.14     471.67      81.72    -349.44    -203.62           45
      1676827  4.962980e+13     401.04     174.80     105.47     404.04     171.04     100.02     177.33    -283.11    -328.34           12
      1173131  5.376562e+13     281.70     302.13      43.42     275.20     298.46      46.85    -424.52    -222.71     187.34           13
       127910  6.203725e+13      31.38     401.95     148.31      33.19     399.30     147.90     146.66    -116.28     -67.16           15
      1011027  7.030889e+13     239.77     350.53     324.33     239.91     348.57     329.57      23.12    -107.54     340.47           17
      1409070  7.444470e+13     337.67       2.60     181.21     337.00       0.65     183.69     -59.25     -78.98     220.27           18
      1662872  7.444470e+13     394.97     248.26      97.22     397.54     240.90      96.05     148.68    -483.02     -81.67           18
      1599338  7.858052e+13     376.13     305.41     418.28     379.94     310.00     412.84     233.33     337.88    -352.09           19
      1983635  7.030889e+13     471.39      37.34      79.85     475.35      38.96      77.88     268.99     118.10    -156.97           17
      1370289  5.790144e+13     325.06     320.31     190.01     329.53     326.02     193.53     329.60     338.17     215.24           14
      1777127  9.512379e+13     425.87     232.08     401.92     417.32     231.04     401.30    -516.78     -33.65     -68.41           23
      1418851  5.790144e+13     339.01     298.27     385.04     345.54     298.03     386.46     420.79      28.77      92.22           14
       699631  4.549399e+13     166.02     349.61     434.48     166.04     345.36     434.79     -29.10    -280.89      25.88           11
      1429034  4.135817e+13     342.58     112.50     166.80     346.69     110.97     158.20     293.65    -146.57    -602.41           10
      1933165  4.962980e+13     460.29     494.47     428.06     451.36     494.34     430.17    -569.37     -10.84     134.18           12
      1653163  6.203725e+13     391.80     454.30     169.66     388.91     446.88     166.96    -172.15    -492.33    -169.63           15
      1313449  9.512379e+13     313.94      84.66     163.47     309.23      81.44     161.79    -358.69    -170.88     -56.50           23
       489005  4.135817e+13     116.41     423.83     176.56     111.86     428.04     170.95    -323.95     250.24    -333.64           10
      1345405  7.030889e+13     322.27      56.18     489.55     318.58      59.90     489.65    -226.45     214.30      13.87           17
       351827  5.376562e+13      82.18     236.63     324.97      84.98     242.34     327.35     147.36     353.99     133.65           13
      1277484  1.116671e+14     306.06     490.38     174.26     308.24     489.14     174.13     132.22     -65.98     -16.29           27
      1902536  4.962980e+13     455.73      61.52     285.48     453.66      55.96     280.17    -134.30    -339.33    -311.27           12
      1860093  4.549399e+13     445.85     263.32     493.43     444.81     262.86     494.31     -70.40     -35.36      28.57           11
      1014258  4.135817e+13     242.19     452.34     448.05     238.57     451.30     447.48    -207.06    -104.83     -27.33           10
      1351037  1.364820e+14     320.73     227.69     487.87     322.93     219.31     484.80     144.01    -498.07    -189.34           33
       410491  8.685216e+13     101.47      22.79     478.89     105.92      19.53     478.27     270.08    -143.75     -86.32           21
       660845  1.116671e+14     157.91     165.87     427.88     155.40     165.20     429.46    -134.35     -44.96      73.56           27
        57529  4.962980e+13      14.00     256.51     223.96      15.36     258.69     223.29      83.19     154.31     -23.91           12
      1730925  5.376562e+13     412.41     323.47     427.13     410.16     323.73     430.90     -83.63      62.91     293.05           13
      1346637  7.030889e+13     321.81      94.55     305.26     320.99      87.03     312.31      47.32    -507.43     411.08           17
       429824  1.075312e+14     100.81     121.54       4.96     108.68     125.05       7.79     475.94     220.57     149.53           26
      1507303  7.444470e+13     353.08       0.43     406.90     351.39       9.89     408.45    -116.34     623.50     110.39           18
      1015605  4.962980e+13     240.89     495.12     207.68     243.88       0.62     207.36     136.95     366.91     -43.17           12
       933236  1.571610e+14     221.22     475.53     452.41     217.78     480.69     452.37    -212.79     355.10      26.18           38
       385161  7.858052e+13      89.54     256.48      37.73      90.38     254.06      35.31      42.45    -152.68    -183.80           19
        27101  4.549399e+13       4.08     325.82     365.59      12.62     327.46     364.27     524.73      92.24     -80.14           11
      1165510  9.925961e+13     276.04      67.38     274.25     272.32      68.62     278.06    -223.24     130.18     204.59           24
       445578  4.549399e+13     109.20     100.32      42.08     108.28     109.34      52.46    -109.95     576.68     695.72           11
       836260  1.488894e+14     199.22      21.05     143.23     198.74      21.57     142.54     -18.83      17.01     -50.66           36
      1763407  4.135817e+13     419.14     313.28     308.98     423.18     317.44     305.74     245.47     277.98    -208.16           10
       463244  4.962980e+13     114.58     137.37      50.78     115.51     135.73      51.52      34.61    -109.47     -14.33           12
      1132797  6.203725e+13     272.27      68.88     488.93     270.37      74.86     486.76    -117.73     352.05    -130.98           15
      1125240  1.240745e+14     266.93     339.58     470.83     260.27     340.56     466.80    -388.48      75.03    -237.29           30
      1513325  4.135817e+13     363.67     179.69     426.56     360.73     176.02     425.33    -189.59    -212.72     -75.55           10
       409790  6.203725e+13      97.27       8.20     246.74      97.60       6.38     236.77      15.63    -175.67    -635.36           15
      1519054  4.549399e+13     362.04     358.49     307.71     368.94     360.21     301.90     409.40      65.17    -357.01           11
      1654694  7.030889e+13     393.96       2.64     149.47     394.97       3.45     148.07      52.17      35.48    -106.12           17
      1039928  1.612969e+14     244.64     241.34     223.91     245.07     241.86     226.30      31.95      15.61     170.75           39
       696468  6.203725e+13     168.36     252.47      81.12     166.01     252.77      78.60    -154.52      32.10    -181.21           15
      1789927  1.406178e+14     427.73     126.61     399.93     417.46     132.34     408.82    -644.23     377.11     575.62           34
      1004492  5.376562e+13     235.73     155.80     296.42     238.95     153.99     294.76     223.09    -138.90    -121.92           13
        34572  5.376562e+13      10.07      57.84      50.93       6.53      55.32      55.42    -240.13    -162.11     243.31           13
      1743672  6.617307e+13     415.77     213.38     221.68     416.09     213.96     215.31      37.08      13.63    -395.47           16
      1353364  8.271634e+13     321.68     301.76      79.49     324.67     308.79      81.82     200.76     452.39     106.14           20
      1384882  1.323461e+14     326.78     260.13     199.83     324.99     262.68     194.62    -126.88     178.44    -318.89           32
      1102431  4.962980e+13     263.02     143.88     375.00     259.33     143.58     373.47    -273.69    -102.04    -100.12           12
       210443  5.748786e+14      48.46     423.58      38.49      52.09     428.32      43.80     241.07     272.77     327.38          139
      2039215  4.135817e+13     484.77     233.59     185.94     479.93     229.31     181.12    -302.41    -290.61    -285.78           10
      1527500  6.203725e+13     364.19     110.81     298.83     363.59     102.10     306.28     -24.26    -493.23     453.42           15
      1226043  1.571610e+14     289.27     414.27     230.98     286.69     415.53     225.58    -186.18      84.50    -340.50           38
       644500  1.199387e+14     153.76     172.75      78.33     147.35     161.68      78.77    -401.83    -701.52      39.48           29
       218222  4.549399e+13      53.09     160.33     430.58      57.66     162.16     432.16     246.56     102.51     112.36           11
       769296  8.685216e+13     180.34     480.38      68.17     179.96     483.93      68.62     -25.77     220.53      17.86           21
       441044  8.271634e+13     104.69     456.84     333.40     108.42     456.60     337.69     177.37      -3.73     288.80           20
      1106966  8.271634e+13     263.67     283.20      86.72     265.29     288.83      90.04      79.51     371.52     206.43           20
       312313  7.444470e+13      78.99      30.16     475.48      84.60      26.33     479.41     315.15    -267.57     211.37           18
      1455209  1.199387e+14     347.05     409.68     407.53     353.36     407.95     413.73     374.34    -127.49     387.69           29
       985378  7.858052e+13     239.62      71.44     133.74     240.23      69.23     129.26      30.75    -131.68    -285.50           19
       996783  9.098798e+13     241.30     424.72     184.48     249.49     423.89     186.18     490.28     -84.39     114.56           22
      1649545  8.685216e+13     392.21     338.26      33.02     391.33     344.89      32.23     -33.83     468.14    -103.07           21
       969873  1.075312e+14     229.27     100.96      66.86     234.69     101.44      67.53     338.88      22.75      22.47           26
      1633059  4.135817e+13     386.72     340.23     140.23     383.87     348.16     142.91    -202.35     523.97     159.74           10
      1994293  4.549399e+13     476.03     360.26     207.56     473.36     360.81     211.97    -172.83      15.81     267.06           11
      2028344  5.790144e+13     485.49     400.95     219.03     478.65     400.99     218.75    -460.63       2.35     -10.33           14
       381228  4.549398e+14      90.87     133.13     176.78      89.91     131.73     172.04     -43.04     -77.06    -292.37          110
      1913968  1.985192e+14     458.74     412.03     438.88     458.27     409.10     441.07      -1.41    -195.73     132.96           48
      1316206  1.943834e+14     319.52     168.18     432.14     324.20     164.48     430.37     301.20    -282.80    -140.36           47
      1151668  1.282103e+14     275.14     150.14     206.34     274.96     156.54     205.00      21.17     410.22     -42.94           31
       313566  4.962980e+13      77.80      70.31     369.79      82.42      69.26     367.48     253.54    -109.45    -169.76           12
       687691  7.444470e+13     162.11     484.59     294.27     164.64     486.45     294.18     199.08     119.40      23.07           18
      1159147  4.135817e+13     274.61     373.05     423.05     270.90     371.71     423.08    -217.83     -76.87     -20.33           10
      1708299  4.135817e+13     408.59     133.20      42.97     410.51     130.51      42.21     106.56    -213.98     -28.71           10
      1101674  7.444470e+13     267.58     115.89     414.50     269.68     109.36     427.09     128.92    -446.41     785.08           18
      1960863  4.135817e+13     465.62     339.06     124.61     468.33     339.38     120.04     135.03      25.64    -324.95           10
      1367005  7.444470e+13     324.22     217.23     365.67     318.74     212.39     368.53    -310.87    -308.19     191.17           18
      1687956  5.790144e+13     407.37      13.11      76.17     413.27      11.95      69.89     369.09     -64.25    -395.75           14
      1672304  4.549399e+13     398.26      32.49     440.16     390.19      35.93     436.65    -520.34     255.62    -250.63           11
       322093  1.199387e+14      74.56     335.06     178.41      72.34     339.14     172.26    -130.65     256.90    -384.86           29
      1064753  5.790144e+13     250.56     493.30     194.20     252.12     493.46     192.77     119.64      -2.54    -154.17           14
      1758050  6.203725e+13     423.05     151.69     386.59     413.88     147.18     394.50    -543.45    -305.61     499.88           15
       614404  4.135817e+13     147.66     249.61      17.97     146.53     251.63      14.75     -55.51     154.49    -218.37           10
      1389681  5.376562e+13     326.47     405.80     443.06     324.16     410.61     436.69    -201.06     276.35    -408.41           13
      1535429  9.512379e+13     366.08     357.76     269.96     365.16     359.49     262.81     -90.53      82.08    -462.25           23
      1453249  1.612969e+14     346.80     352.31     256.46     346.03     356.83     253.69     -41.33     271.07    -157.08           39
       201376  7.858052e+13      49.03     141.76     123.46      56.63     140.20     117.40     544.08     -44.73    -468.20           19
      1629699  8.685216e+13     387.93     236.33      14.97     387.48     234.33      11.55     -42.81    -117.35    -233.22           21
      1598641  1.488894e+14     377.93     285.48     197.16     377.71     290.44     198.30      -9.54     350.89     100.29           36
      1934429  1.033954e+14     464.77      37.89     370.08     459.42      33.34     367.00    -292.46    -299.65    -181.12           25
       871317  1.323461e+14     208.62      94.12      88.13     209.54      95.83      91.99      24.82     108.71     257.84           32
      1649565  4.962980e+13     394.53     341.80     117.19     392.36     348.05     119.74    -108.57     374.61     119.42           12
      1583908  6.203725e+13     380.08     336.59     143.10     380.35     343.68     144.90      49.76     464.28      88.44           15
       996628  4.135817e+13     237.11     415.62      78.12     237.15     420.33      76.99       3.11     297.17     -53.81           10
      1093515  6.203725e+13     258.72     374.09      43.36     258.67     377.55      50.58     -11.79     194.37     464.00           15
      1947575  7.030889e+13     460.13     437.61     218.64     461.63     435.56     222.68      85.59    -110.72     270.01           17
      2064720  5.376562e+13     492.04      10.97     314.75     488.35      11.91     310.03    -174.54      66.25    -281.74           13
      1457452  5.376562e+13     343.30     479.72     175.63     341.02     478.15     174.46    -125.19     -94.81     -95.48           13
      1285577  6.203725e+13     304.82     232.16     287.63     303.87     231.94     285.18     -47.66     -12.81    -145.83           15
        90695  5.376562e+13      22.69     268.48     279.30      23.14     276.81     277.93      35.16     508.39     -39.88           13
      1165147  6.203725e+13     278.26      56.64     358.46     275.17      59.11     360.64    -237.29     145.96     156.77           15
       771154  1.737043e+14     182.20      33.48     321.43     183.83      35.06     321.06     114.14      96.48     -50.26           42
      1726523  1.075312e+14     410.91     190.50     232.27     414.27     188.60     225.73     253.63    -174.10    -411.98           26
      1737097  1.158029e+14     417.97      12.28      38.36     418.31      11.73      44.69      34.64     -43.92     386.96           28
      1319874  4.549399e+13     313.74     277.17     261.19     311.70     280.72     261.58    -120.26     222.77      25.49           11
       218800  7.858052e+13      52.94     178.15     189.45      50.58     170.61     190.71    -118.61    -472.92      62.57           19
      1598469  5.376562e+13     383.56     285.31      19.68     383.44     280.63      19.62      -4.59    -320.03      -0.09           13
       164531  5.376562e+13      43.72      22.09     204.48      51.23      27.81     203.38     477.92     389.35     -54.85           13
      1393629  5.376562e+13     333.98      31.10     363.73     331.38      40.68     371.23    -121.94     671.78     532.24           13
       426829  7.444470e+13     106.34      26.26     301.87     111.52      26.31     302.79     291.71      -3.17     150.20           18
       335954  8.685216e+13      79.33     251.95     323.38      80.25     252.45     327.36      34.74      -5.62     275.60           21
      1952046  4.135817e+13     466.41      75.00     179.69     463.01      74.98     177.96    -196.79       9.53     -95.38           10
       101144  1.778401e+14      31.11      87.89      96.52      34.45      89.10      97.28     248.35      85.87      60.18           43
      1684445  6.203725e+13     399.35     402.21     361.07     402.65     397.47     360.82     212.40    -294.23     -22.47           15
        37764  1.612969e+14       7.76     157.10      14.57       6.84     159.86      19.14     -40.24     199.74     269.59           39
       403413  8.271634e+13      96.09     312.89     332.03      95.74     306.32     330.00      35.28    -418.33    -164.72           20
      1530813  8.685216e+13     361.33     217.35     236.14     364.06     224.03     233.18     167.27     433.91    -161.82           21
      1149656  4.962980e+13     277.67      82.03     347.66     280.76      76.91     350.34     196.48    -334.52     200.20           12
      1587299  9.925961e+13     379.23     441.57     391.28     383.80     440.92     395.77     332.21     -51.86     298.69           24
      1285148  9.925961e+13     309.41     222.66     111.49     314.08     217.23     105.97     340.76    -352.84    -355.12           24
      2036875  1.323461e+14     487.06     157.23      48.34     482.68     155.87      53.46    -274.21    -104.61     292.73           32
       202321  4.549399e+13      48.83     174.54     320.13      56.01     174.16     319.60     410.69     -31.23     -38.01           11
       221051  7.858052e+13      55.82     244.55     481.19      57.36     244.94     482.05     103.13      12.58      47.76           19
      1774963  4.135817e+13     425.39     165.62     453.52     423.42     167.33     451.20    -143.54     149.40    -149.05           10
      1967677  5.790144e+13     471.54      48.83     240.79     474.48      49.23     239.58     192.06     -15.88     -41.52           14
       423083  4.962980e+13      97.66     412.11     171.88     101.59     413.11     169.29     297.46      31.28    -166.14           12
      1640434  7.858052e+13     394.22      62.19     447.47     390.04      62.46     449.48    -238.40      13.22     135.42           19
      1091078  1.323461e+14     260.50     297.12      23.19     257.99     292.45      28.53    -128.07    -278.41     339.65           32
       567124  6.203725e+13     137.37     308.98     330.60     138.35     312.61     330.68      91.66     201.90     -32.99           15
       448625  4.962980e+13     107.75     187.17     441.73     114.73     192.16     441.73     442.40     412.97      -4.60           12
       356936  1.861118e+14      81.03     392.58     281.03      81.35     392.99     285.95      14.81      54.40     305.49           45
       458197  6.617307e+13     105.71     484.13     333.50     108.97     478.49     335.14     189.96    -392.89      81.88           16
      1169554  1.571610e+14     278.47     196.44      74.84     279.09     193.13      75.26      48.72    -181.34      56.02           38
        51410  4.962980e+13      12.37      68.03     319.01      15.45      66.66     310.83     184.83     -38.47    -479.83           12
      1737902  4.135817e+13     413.28      39.45     180.08     421.79      38.34     181.21     561.20    -111.04     123.32           10
       158245  5.790144e+13      37.67     331.75     148.44      33.26     336.17     146.55    -288.25     282.48    -125.91           14
      1534501  6.203725e+13     365.76     329.82     147.53     367.26     334.50     147.95      94.18     292.41      24.98           15
      1769789  6.617307e+13     424.80       7.32     239.99     428.32       8.40     235.82     217.89      50.51    -245.56           16
       897552  5.376562e+13     212.89     390.47      67.46     214.79     399.15      68.23     125.34     530.84      48.28           13
       166872  4.962980e+13      41.02      93.10     346.35      48.90      93.11     342.76     434.66     -29.46    -203.03           12
      1965565  8.685216e+13     471.26     485.77     487.44     471.65     483.47     493.70      13.14    -140.74     376.70           21
      2049877  4.962980e+13     488.61      60.55     330.73     485.79      55.35     324.10    -143.73    -292.07    -385.89           12
       435703  4.962980e+13     101.24     295.57     468.10     108.29     291.72     468.33     467.14    -255.00      34.42           12
       812106  4.962980e+13     196.94     284.51     288.41     205.48     283.35     287.54     518.62     -97.33     -75.63           12
       948602  4.549399e+13     226.03     447.62     477.10     221.83     450.87     471.37    -259.90     211.40    -350.59           11
      1361242  8.271634e+13     326.95      38.28     351.95     326.66      46.34     359.29      10.39     570.35     445.39           20
       612278  4.135817e+13     147.27     184.38     214.45     146.92     180.81     214.60     -34.36    -204.29     -19.14           10
       680469  4.962980e+13     161.78     264.97      84.96     160.83     265.02      84.53     -43.26      -0.12      11.05           12
      1666142  4.962980e+13     396.48     344.40     369.14     399.72     351.77     364.47     218.58     489.58    -342.39           12
       998364  4.135817e+13     236.72     466.41     363.67     237.13     471.96     368.40      79.63     377.79     302.03           10
       535279  6.203725e+13     123.57     336.33     435.55     125.30     336.49     441.26     111.60      17.05     374.44           15
       320911  6.203725e+13      75.65     293.88      60.55      75.54     296.47      57.26      25.59     205.91    -212.32           15
       266575  1.902476e+14      66.75     133.58     308.76      70.98     134.64     309.55     237.71      26.29      77.00           46
       956560  6.203725e+13     227.99     194.66      62.11     229.37     188.34      56.82      35.83    -415.22    -349.12           15
       126403  5.376562e+13      25.99     356.22     262.17      18.68     357.40     264.20    -458.12     104.38     125.77           13
       558448  7.858052e+13     134.97      39.99     439.66     146.40      32.36     437.60     709.67    -468.37    -120.60           19
       271576  1.240745e+14      66.28     286.98     345.96      68.21     286.32     342.42     136.39     -39.53    -230.03           30
      1730274  2.274699e+14     413.60     302.73     391.87     411.07     305.11     392.95    -136.19     133.94      55.04           55
      2001490  5.376562e+13     477.31      79.48     320.46     469.62      70.12     310.76    -479.38    -535.70    -579.27           13
      1351252  5.790144e+13     322.54     234.65     330.92     315.17     233.27     333.72    -467.12     -95.60     181.14           14
      1665114  5.790144e+13     398.16     311.66     354.07     400.53     313.71     357.08     109.79      57.01     214.09           14
       104931  6.617307e+13      25.63     201.42     389.16      37.81     206.74     387.03     762.51     402.40    -156.51           16
       245860  4.962980e+13      58.92       1.63     393.23      64.65       2.25     391.09     351.51      48.94     -93.59           12
      1897524  8.271634e+13     450.39     406.05     207.62     448.90     400.62     209.22     -83.31    -332.27      97.19           20
      1103635  7.444470e+13     264.97     183.16      74.87     263.14     177.63      72.28    -140.97    -333.36    -145.16           18
      1421287  4.962980e+13     336.59     370.12     406.90     338.71     370.73     404.37      88.80       6.86    -178.64           12
       803182  1.199387e+14     190.40       8.42     430.56     191.17       7.56     432.30      89.01     -79.41      90.94           29
      1795919  6.203725e+13     429.82     306.90     310.29     435.34     305.39     303.69     392.18    -188.49    -432.37           15
      1430117  1.116671e+14     342.95     145.76     396.20     349.63     144.82     399.33     503.84     -64.10     203.83           27
       562456  7.858052e+13     132.50     164.17      93.65     129.32     157.14      93.90    -182.83    -427.78      44.85           19
      1398857  3.515444e+14     335.23     190.33     287.98     326.20     192.79     291.75    -580.62     119.44     263.57           85
      1394739  4.549399e+13     334.34      63.39     202.59     334.96      60.74     203.58      39.86    -162.38      64.05           11
       266681  7.858052e+13      64.25     139.08     221.94      61.48     141.24     217.94    -195.63     125.34    -225.26           19
      1384013  5.376562e+13     330.68     235.43     304.54     325.72     236.19     302.66    -286.05      54.08    -124.62           13
       104793  4.135817e+13      23.83     199.22     350.39      24.31     199.13     354.63      13.50     -36.84     217.82           10
      1667292  1.116671e+14     395.76     384.91     359.01     399.60     380.22     356.37     222.79    -338.50    -197.65           27
      1442614  4.135817e+13     345.70      27.34     214.45     345.89      28.07     211.20      -2.87      52.50    -178.83           10
       692291  6.617307e+13     165.28     128.91     263.43     164.97     121.63     258.64       2.49    -453.96    -320.74           16
      1237228  4.962980e+13     296.55     255.53     425.46     295.69     254.97     421.16     -51.59     -12.55    -273.81           12
       807922  6.617307e+13     191.89     155.27     445.80     187.14     152.77     445.81    -269.51    -142.18      -3.85           16
       835820  1.199387e+14     199.82       5.86     427.87     195.34       7.96     431.57    -373.68     130.36     223.64           29
       367709  5.790144e+13      86.77     220.15     364.96      89.80     216.98     367.45     207.45    -254.09     168.31           14
      1530782  5.790144e+13     364.96     215.68     120.54     366.62     215.32     116.24      97.82      -2.38    -267.72           14
      1613029  9.925961e+13     381.84     222.01     396.65     382.99     217.41     401.47      86.70    -291.80     324.34           24
       870151  4.962980e+13     209.31      53.71      28.32     212.33      53.25      24.10     179.22     -15.66    -252.78           12
      2002540  7.444470e+13     478.73     109.59     423.39     476.26     111.20     422.75    -166.85     120.84    -118.44           18
       342160  5.790144e+13      81.47     445.31      66.69      83.40     448.53      62.37     127.83     198.46    -346.86           14
       753984  6.203725e+13     180.86      10.29     250.91     181.11      15.41     248.81      54.69     301.19    -104.25           15
      1985013  8.271634e+13     474.61      76.76     462.30     474.67      73.63     469.04      33.94    -214.19     390.19           20
      1167996  6.203725e+13     278.52     141.02     482.16     276.56     142.34     485.63     -73.73     164.85     194.51           15
      1048285  6.203725e+13     248.83     491.02     366.02     244.67     493.52     373.65    -283.30     140.14     527.98           15
       150426  6.203725e+13      37.63      90.76     103.52      36.35      90.25     101.76    -150.12     -74.02    -158.06           15
      1893063  6.203725e+13     449.09     268.36     279.56     447.38     278.72     275.26     -68.75     640.86    -247.99           15
      1175519  7.858052e+13     280.53     372.02     372.43     276.64     362.90     370.22    -218.58    -633.35     -90.34           19
      1647968  4.135817e+13     389.45     288.67     375.39     390.48     286.86     380.79      44.16    -122.03     353.02           10
      1301050  5.376562e+13     311.75     206.88     227.31     313.39     205.83     225.42     122.78     -75.60    -103.74           13
        10673  9.925961e+13       1.63     324.54     192.06     496.89     325.04     191.58    -277.48       2.18     -20.29           24
       298710  7.030889e+13      70.20     116.15     340.42      72.13     118.09     338.56      67.29      76.56     -97.15           17
      1273621  1.033954e+14     302.27     368.05      82.58     299.11     364.11      85.40    -279.99    -353.66     152.82           25
       616268  4.549399e+13     145.06     304.87     299.54     148.01     308.21     303.44     211.09     199.43     215.75           11
      1132623  1.158029e+14     270.37      65.01     306.22     271.45      67.37     306.88      61.08     158.91      47.14           28
       870298  7.444470e+13     208.77      64.02     105.03     211.24      67.46     105.84     126.47     197.93      54.93           18
      1582897  9.512379e+13     376.95     307.66     192.00     378.71     306.11     193.76     101.19    -128.80     114.28           23
       318520  1.116671e+14      72.84     224.46     221.14      71.53     225.43     227.54     -84.27      83.28     432.78           27
       599678  5.376562e+13     140.47     298.23     493.84     136.75     295.88     487.54    -257.79    -157.28    -417.72           13
       277143  4.135817e+13      62.11     460.16      91.02      67.44     463.37      89.15     315.21     196.23     -84.00           10
      1783251  4.135817e+13     422.66     421.09     326.56     424.46     413.94     326.88     114.92    -437.97      18.30           10
      1934484  6.617307e+13     462.89      40.04      83.74     470.27      40.89      79.39     499.63      51.59    -328.44           16
        47201  6.617307e+13      10.01     437.50     381.10       6.43     430.43     385.54    -210.64    -481.31     285.05           16
       748301  7.030889e+13     178.88     337.66      50.90     167.66     340.66      51.91    -733.76     175.37      80.98           17
      1678959  9.098798e+13     400.04     236.51     436.79     398.69     232.81     436.99     -63.04    -246.52       5.34           22
       988089  4.962980e+13     234.70     152.34     223.63     233.68     154.22     218.49     -46.78      93.01    -307.65           12
       660027  5.790144e+13     161.83     139.23     231.03     160.59     138.79     234.61    -142.80     -40.91     231.96           14
      1319707  4.135817e+13     312.89     274.22     106.25     311.36     278.21     108.63     -54.18     239.98     146.38           10
       380783  1.612969e+14      92.10     123.15     437.45     100.23     126.63     444.08     498.46     228.22     454.68           39
       560571  8.685216e+13     138.30     106.12     237.07     138.64      97.26     241.30     -10.23    -545.79     249.74           21
       286419  1.488894e+14      69.66     242.73     327.58      75.43     246.34     329.79     340.31     216.52     118.15           36
       753168  4.135817e+13     178.52     487.50      63.28     177.43     487.46      65.94     -89.25     -55.98     176.91           10
       546833  1.447536e+14     127.85     193.92      69.14     127.20     183.64      70.92     -26.32    -659.54     121.72           35
      1886284  7.444470e+13     450.52      64.24     298.18     447.37      59.51     292.14    -183.43    -266.12    -355.32           18
      1800397  4.135817e+13     425.78     441.02     305.47     426.26     438.58     303.63      27.78     -89.42    -124.91           10
      1095791  9.512379e+13     263.67     436.40     436.91     260.05     436.94     432.67    -186.13      -9.36    -271.08           23
      1182653  9.925961e+13     284.67      93.26     239.26     285.10      85.50     242.07      20.20    -465.70     145.10           24
       813408  7.444470e+13     194.66     324.65     378.69     200.97     334.25     376.82     360.23     608.80    -114.35           18
      1195184  6.617307e+13     283.45     474.37     192.14     282.14     471.34     194.00     -88.96    -190.22      92.14           16
      2067218  6.203725e+13     494.92      88.15      72.27     495.35      84.04      74.98      37.44    -273.09     167.38           15
      1063865  1.116671e+14     252.10     466.80     225.91     259.92     472.69     227.64     471.00     439.72     133.19           27
      1301974  8.271634e+13     312.11     231.84     334.96     307.52     230.73     336.82    -299.51     -62.58     116.05           20
      1324468  8.271634e+13     316.41     422.07     206.25     315.57     414.15     201.63     -34.01    -540.82    -293.89           20
       698367  7.444470e+13     163.85     311.63     498.26     161.49     311.78     496.34    -133.42       3.67    -123.02           18
       253525  4.135817e+13      63.67     235.94     334.77      70.89     240.94     333.71     422.07     323.64    -146.66           10
       265194  9.512379e+13      63.77      91.46     417.37      68.97      91.76     421.00     287.97       2.92     200.99           23
      1304217  7.858052e+13     309.11     303.97     101.25     309.00     308.21     107.72      -9.61     277.85     417.28           19
      1467795  7.858052e+13     348.79     296.98      75.76     346.70     304.24      76.71    -139.98     440.45      69.56           19
       663502  4.549399e+13     157.49     248.76     307.00     161.21     242.86     305.89     283.04    -352.60     -89.42           11
       626162  8.271634e+13     146.29     105.27     448.83     147.11     111.32     451.18      12.46     412.04     137.75           20
      1958816  4.962980e+13     467.12     280.60     128.58     472.83     280.62     129.37     330.62     -19.87      30.05           12
      1769744  4.135817e+13     421.48      10.55      60.16     423.81       8.22      60.08     121.97    -203.38     -15.96           10
       781541  6.203725e+13     184.77     352.99     397.53     188.15     353.37     392.98     181.46      16.72    -309.05           15
       695713  4.962980e+13     166.34     232.10     131.18     166.94     230.30     130.54      22.45     -51.65     -34.47           12
      1693264  5.790144e+13     403.74     172.43     312.50     400.33     170.48     315.25    -234.37     -98.38     163.64           14
       334410  5.376562e+13      82.78     205.68     288.91      78.41     205.50     285.60    -286.62     -19.31    -177.80           13
      1329389  4.135817e+13     319.14      68.75     429.30     318.28      66.40     431.54     -51.40    -148.22     140.18           10
      1562301  4.135817e+13     374.61     180.08     240.23     375.15     180.45     232.11      -5.68       7.96    -442.17           10
       824230  6.203725e+13     196.74     153.26     150.91     196.42     151.40     152.52      -8.30     -90.99     103.14           15
      1683841  4.962980e+13     400.72     387.70       6.84     400.11     386.05      12.44     -33.49     -83.61     371.09           12
      2091325  8.271634e+13     499.22     323.83     236.91     489.94     326.12     243.39    -606.75     157.69     464.17           20
      1240396  9.098798e+13     293.86     358.84     297.76     291.06     357.37     294.19    -168.82     -97.94    -205.17           22
      1212828  9.098798e+13     291.19      10.30     110.44     288.74      11.22     110.47    -148.07      51.81       6.67           22
      1999553  4.549399e+13     480.29      24.33     256.21     483.40      28.07     253.45     212.54     227.08    -139.58           11
      1531754  7.444470e+13     367.40     244.79     414.50     371.84     239.47     417.52     291.93    -354.39     200.41           18
       147724  7.030889e+13      34.81      12.29      48.14      34.39      13.79      49.01      -3.81      64.43      38.75           17
       844806  5.790144e+13     202.85     283.48      25.39     200.69     278.63      25.41    -155.00    -302.61       7.11           14
      1298130  8.685216e+13     309.06     113.75     322.27     305.05     108.19     327.42    -243.59    -337.41     319.45           21
       252992  1.819760e+14      66.05     217.06     249.47      68.54     214.38     244.43     166.05    -174.76    -351.07           44
       979290  8.685216e+13     232.79     386.07     351.10     229.82     381.01     353.81    -184.20    -306.26     152.12           21
       914580  1.778401e+14     220.79     407.93      76.72     222.10     410.99      72.19      54.36     184.66    -306.17           43
      1096337  6.203725e+13     263.41     463.41      67.06     259.91     469.19      72.55    -219.55     335.42     349.34           15
      1874922  4.962980e+13     447.92     218.42     416.67     445.24     214.75     423.07    -130.50    -256.15     373.10           12
        44541  5.790144e+13      11.44     355.19     490.23      14.66     353.86     491.09     220.24     -84.70      52.85           14
      1047735  5.790144e+13     248.88     471.82     214.56     259.65     475.48     219.17     696.42     213.84     312.84           14
        45411  7.030889e+13       7.01     385.91     385.45       3.54     381.71     380.78    -204.80    -258.57    -287.38           17
      1512288  1.488894e+14     362.52     147.89     378.80     362.16     140.58     390.35      66.23    -486.40     765.58           36
       543303  1.364820e+14     135.00      76.17     281.55     134.90      75.71     275.78     -21.68      -9.28    -311.87           33
      1728227  1.364820e+14     414.24     241.18     389.38     408.35     236.56     390.55    -336.41    -297.36      61.56           33
      2001043  9.512379e+13     481.57      66.66      73.28     484.91      64.50      72.57     223.66    -121.65     -63.22           23
      1689329  5.790144e+13     404.58      53.01     443.92     394.83      53.58     444.89    -613.09      24.22      38.12           14
      1465240  4.135817e+13     347.27     216.41      94.14     344.23     214.29      96.47    -206.12     -69.84     166.02           10
       717584  7.444470e+13     170.14     401.04      64.45     166.66     403.59      62.99    -238.77     173.78     -82.28           18
      1153157  5.790144e+13     274.00     192.24      21.48     275.39     183.16      23.22      74.30    -544.94     113.06           14
       248171  4.962980e+13      59.90      73.24     420.57      66.48      79.98     422.58     379.88     432.12     109.01           12
       943641  9.098798e+13     226.92     293.15     101.03     234.26     292.58      99.00     485.17      -6.26    -154.56           22
       253554  4.549399e+13      58.42     237.04     447.62      62.83     234.97     442.76     293.07    -127.82    -313.71           11
      1642240  8.271634e+13     394.34     117.77       1.95     401.03     110.76       5.31     500.72    -477.85     178.02           20
      1483693  4.962980e+13     351.56     279.30     175.78     354.02     283.23     179.74     138.71     266.79     229.74           12
      1715647  6.203725e+13     406.90     360.55     245.44     407.55     359.01     241.08      42.84    -111.08    -277.51           15
       247594  1.199387e+14      65.13      56.78     162.24      66.06      55.75     162.73      68.55     -65.37      54.59           29
      1887028  1.654327e+14     452.05      87.70     208.30     455.85      88.25     208.04     245.81      61.50      19.15           40
      1902618  6.203725e+13     453.78      62.63     102.73     455.27      62.10     106.08      46.42      -5.78     244.00           15
      1753599  6.617307e+13     418.70      10.99     496.83     416.36      10.07     499.66    -119.72     -43.59     171.67           16
       473233  1.199387e+14     112.94     443.90      68.22     108.70     450.00      65.77    -278.76     385.36    -188.64           29
      2078738  4.962980e+13     490.89     435.22      74.54     489.47     434.49      78.00     -58.06     -16.63     254.75           12
       870746  5.376562e+13     207.48      73.77     356.22     210.42      76.30     356.57     227.64     165.91      35.06           13
      1440429  5.790144e+13     339.01     455.36     179.69     337.65     454.07     180.04     -58.85     -88.87      29.51           14
      1345265  4.135817e+13     319.14      52.73     442.58     314.28      55.80     440.27    -333.58     147.87    -155.49           10
       315916  2.233341e+14      78.85     138.09      41.88      87.14     134.78      47.46     530.65    -206.01     334.83           54
       311089  4.011742e+14      76.90     491.20     188.45      79.46     497.99     190.86     179.60     453.42     190.84           97
      1271736  6.617307e+13     304.44     307.37     223.14     304.68     314.47     223.29      12.71     466.59       8.80           16
      1602597  1.033954e+14     378.83     410.23     143.83     377.80     411.41     148.03     -29.07     124.12     279.72           25
      2066843  5.790144e+13     493.58      75.06     105.47     492.26      71.89     103.85    -124.28    -205.74     -78.20           14
      1738771  6.203725e+13     418.10      65.76      75.65     418.08      69.24      72.34     -33.52     225.66    -190.38           15
      1134543  7.030889e+13     270.57     123.28     310.09     265.79     119.12     310.83    -334.01    -266.80      11.50           17
       928675  4.135817e+13     220.70     340.23     140.23     227.83     338.66     137.36     418.11    -117.04    -144.74           10
       179765  1.199387e+14      39.40     487.68     210.47      44.11     489.65     206.12     318.94     112.00    -290.96           29
      1166426  5.790144e+13     279.02      95.70     356.03     281.56      86.51     353.21     159.10    -589.00    -185.49           14
       426233  4.135817e+13     101.56       7.81     474.61     108.42       3.90     478.44     431.26    -250.81     260.06           10
       317273  3.267295e+14      75.92     186.19     352.72      80.72     190.26     355.72     287.25     254.46     199.65           79
       189779  4.135817e+13      44.14     291.02     326.95      50.01     291.70     322.50     377.61      32.22    -315.13           10
      1103989  4.549399e+13     262.61     191.23     458.27     262.71     185.95     463.36      -3.16    -387.09     344.40           11
      1908665  5.376562e+13     458.98     246.24     225.51     455.76     251.53     218.66    -193.92     295.60    -416.55           13
       871861  7.858052e+13     209.60     108.45     208.37     208.52     103.10     208.49     -53.29    -330.59      28.68           19
      1023851  6.203725e+13     245.96     245.96     418.88     243.11     242.91     423.40    -197.69    -218.77     307.55           15
      1990774  7.444470e+13     475.69     252.60     462.24     469.46     255.82     464.77    -459.91     211.57     130.34           18
       600752  9.098798e+13     142.40     334.52     189.28     137.10     334.28     191.17    -313.67     -52.88     128.96           22
      2072959  7.858052e+13     496.40     256.48     495.99     495.39     254.13     498.55     -64.77    -108.15     140.64           19
      1397592  4.549399e+13     335.76     151.81     345.70     332.05     151.50     354.23    -210.61      23.41     494.23           11
      2073093  4.962980e+13     491.54     264.00      20.51     485.32     259.11      22.08    -398.10    -282.71     113.09           12
      1969527  4.549399e+13     470.70     102.45     465.02     467.65     100.95     470.70    -166.59     -75.97     346.40           11
        63623  4.962980e+13      11.72     443.03      31.90      13.37     442.89      37.51     104.10     -30.52     346.35           12
       847906  4.962980e+13     202.80     377.60     135.42     201.49     381.87     131.13     -73.88     240.10    -272.39           12
        47975  4.962980e+13      11.72     461.59     402.34       7.98     460.41     404.91    -221.16     -58.68     131.27           12
       592856  2.564207e+14     141.82      90.91     343.94     144.56      91.57     347.29     162.13      71.39     195.24           62
       540613  1.364820e+14     128.73     495.92     276.22     133.50       0.61     269.35     312.98     325.12    -439.68           33
       368062  1.116671e+14      88.04     230.69     240.38      82.36     227.89     237.30    -391.89    -193.18    -218.08           27
        21311  9.925961e+13       8.46     148.27     248.21      13.36     143.03     239.90     326.88    -310.80    -497.57           24
      1561709  2.026550e+14     374.48     154.93     434.59     370.88     153.48     428.43    -208.48     -88.83    -381.57           49
       898291  8.685216e+13     214.01     409.88     448.20     213.82     410.59     444.86     -38.15      22.82    -251.08           21
      1151889  4.135817e+13     275.78     154.69      67.19     270.61     145.59      64.86    -318.43    -576.07    -100.48           10
      1770951  1.447536e+14     422.71      45.03     282.20     427.48      44.08     279.63     298.15     -87.32    -148.51           35
       853815  4.549399e+13     205.79      55.93     213.96     201.42      51.53     214.04    -273.09    -262.63      27.45           11
      1137614  5.790144e+13     271.48     217.08     306.92     267.87     215.68     303.17    -256.17     -92.33    -249.70           14
       872781  4.549399e+13     210.05     133.35     301.31     211.10     132.28     302.58      77.30     -34.93     100.46           11
       582653  1.199387e+14     138.00     281.72     490.37     136.97     282.20     485.58     -70.93      30.97    -308.81           29
       807270  6.203725e+13     194.92     135.29     402.73     193.48     136.17     411.77     -77.17      58.93     599.69           15
      1091814  4.135817e+13     261.72     317.58     402.73     251.29     319.65     400.75    -693.37     152.01    -132.49           10
      1408046  4.549399e+13     331.85     472.83     181.29     331.41     471.20     178.96      -1.93    -130.58    -143.43           11
      1311891  1.819760e+14     312.06      35.51      75.46     309.63      37.81      73.36    -126.02     116.32    -157.78           44
      1896750  4.549399e+13     453.66     383.70     183.42     444.53     383.04     188.76    -594.87     -58.53     366.65           11
      1256747  7.030889e+13     296.53     353.06     170.38     301.66     363.80     172.86     322.71     734.45     195.75           17
      1626412  4.962980e+13     390.62     135.42     172.53     394.54     132.38     174.09     209.38    -207.45     150.73           12
      1692404  4.135817e+13     403.52     145.31     455.86     401.49     143.54     452.08    -136.79    -105.37    -234.58           10
      1107656  9.925961e+13     261.07     302.25     283.85     264.53     308.60     282.03     287.67     521.60    -163.99           24
      1778252  4.135817e+13     421.88     266.02     301.95     423.53     278.22     295.50     140.58     775.05    -424.46           10
      1979245  4.135817e+13     471.48     403.12     425.39     467.74     406.50     427.04    -253.79     213.64      81.58           10
        83314  5.376562e+13      22.69      41.92     447.27      25.81      46.73     450.04     172.65     279.37     164.22           13
       853548  6.617307e+13     205.32      47.12     170.65     202.58      49.15     170.28    -164.12     133.69      -6.82           16
      1248012  1.116671e+14     301.14      86.15      48.83     291.86      90.67      47.30    -637.09     374.63     -78.64           27
      1083972  4.135817e+13     257.81      79.69     269.53     261.01      74.64     271.87     246.92    -313.03      92.01           10
       322853  8.271634e+13      78.32     355.08     148.83      73.68     357.31     152.99    -279.87     111.66     346.73           20
         5587  4.962980e+13       0.00     172.85     325.52       5.39     179.64     331.65     313.28     397.89     390.78           12
       756606  6.617307e+13     183.59      90.58     497.07     182.96      92.53     494.55     -73.81     121.91    -153.36           16
       613489  4.135817e+13     145.70     220.31     444.92     142.06     210.54     443.48    -200.94    -650.86    -101.76           10
       767872  5.376562e+13     181.34     436.15       4.36     177.66     438.52       4.62    -230.31     140.07       0.38           13
       504368  4.549399e+13     119.14     392.93     193.71     112.70     393.20     188.21    -427.78       4.75    -321.06           11
       246191  8.271634e+13      63.48      13.87     185.16      69.67      11.25     189.11     431.10    -241.66     283.71           20
       569792  1.406178e+14     134.31     385.80     252.53     133.80     384.63     256.34     -49.55     -86.85     221.83           34
      1311200  9.512379e+13     319.04      11.63     380.35     317.76      16.31     380.96     -84.40     288.78       7.81           23
       263877  4.962980e+13      66.41      53.39     272.79      69.35      58.94     265.03     162.33     347.39    -468.71           12
      1895142  4.549399e+13     451.17     335.76     398.97     448.28     337.61     396.37    -181.08     102.77    -140.19           11
      1143157  7.858052e+13     272.31     383.33     462.48     264.05     381.44     461.27    -503.41    -159.70     -60.08           19
      1732543  6.203725e+13     408.72     371.22     244.92     409.13     366.13     241.51      38.02    -320.51    -184.25           15
      1547266  1.199387e+14     366.04     223.40       7.61     366.93     217.21       5.71      92.77    -355.11     -95.89           29
      1175943  7.444470e+13     279.51     388.89      28.21     276.65     389.42      33.07    -147.21       5.19     309.45           18
        74563  1.737043e+14      23.25     277.62     260.32      21.81     280.88     261.82     -91.03     192.14     109.97           42
      1640522  5.790144e+13     392.02      61.38     293.81     398.70      64.94     298.45     450.71     205.62     317.71           14
       966578  4.962980e+13     230.79     497.07     198.24     238.03       3.22     198.24     428.79     385.70     -17.84           12
      1166456  1.571610e+14     275.60      93.65     467.52     276.41      90.33     472.76      93.99    -200.79     354.38           38
      1744282  7.858052e+13     414.78     232.42     103.52     412.43     230.08     102.14    -142.98    -119.39     -61.10           19
      1162670  4.135817e+13     274.22     480.86     182.81     272.52     479.02     184.82     -94.81     -97.41      90.97           10
       574136  4.135817e+13     135.94      24.61     219.14     134.79      26.97     221.96     -51.77     145.64     241.81           10
       415418  4.962980e+13      98.31     178.71     226.56      92.81     179.00     226.66    -315.06      37.48      -7.24           12
         4497  1.406178e+14       2.76     140.51      67.56     499.79     142.61      68.68    -205.61     168.54      62.23           34
       440807  5.790144e+13     102.68     448.94     402.62     113.81     451.46     400.36     665.12     133.83    -155.34           14
      1103812  1.447536e+14     258.65     186.89     271.82     258.51     186.53     276.99     -13.00     -33.63     313.85           35
       840797  9.512379e+13     201.51     157.18     366.76     198.54     158.21     366.65    -192.02      73.39       6.43           23
       286577  5.790144e+13      68.92     244.70     443.64      72.86     240.59     441.15     226.45    -251.25    -131.39           14
      2028023  4.549399e+13     481.36     386.90     467.51     482.29     388.10     468.44      65.60      64.95      53.21           11
      1071176  9.098798e+13     259.94     188.92     282.85     259.21     187.80     283.69     -64.02     -91.78       9.99           22
      1229853  7.858052e+13     298.42      33.41     115.65     295.06      33.01     115.88    -200.65     -42.09      33.67           19
       593241  2.398774e+14     142.58     103.04     354.12     143.73      99.87     354.42      70.90    -229.43     -23.61           58
      1955215  4.962980e+13     465.17     169.60      58.27     465.28     167.80      58.84      30.01    -147.94      33.03           12
       919706  4.549399e+13     219.28      66.23     103.52     221.68      69.15     104.94     172.90     191.06      97.23           11
      1246447  9.512379e+13     298.32      40.00     434.36     298.76      44.99     435.24      49.50     327.65      51.92           23
       263504  4.135817e+13      62.50      39.45     313.67      65.16      44.24     309.32     143.49     279.24    -255.24           10
       940148  4.549399e+13     223.54     190.16     452.24     225.68     187.09     456.64     146.61    -209.58     263.52           11
       724551  8.685216e+13     173.83     111.51     275.76     174.77     106.82     269.99      44.61    -279.33    -366.35           21
      1220984  7.030889e+13     293.77     261.14     471.85     294.50     254.06     469.41      82.42    -475.16    -136.86           17
        39424  4.135817e+13       8.98     205.47       0.39       5.84     208.78       7.40    -160.02     282.53     406.48           10
      1405629  4.549399e+13     335.76     395.77     239.52     335.97     393.40     233.10      24.26    -159.81    -396.56           11
       250149  4.549399e+13      60.90     135.12     145.77      61.21     132.59     139.86      25.24    -145.85    -391.13           11
      1946714  4.962980e+13     461.26     406.58     352.86     462.65     398.65     348.36     128.13    -477.42    -264.20           12
      1804659  6.203725e+13     433.72      73.83     450.91     429.04      74.20     452.64    -292.83      23.40      74.84           15
      1309855  5.376562e+13     308.44     474.91     123.95     307.98     478.43     123.84      15.69     222.29      12.03           13
      2045356  5.376562e+13     485.73     422.93     172.33     488.32     423.74     172.50     168.55      66.37      45.36           13
      1076309  3.350012e+14     261.45     349.61     335.96     257.40     347.13     336.71    -246.16    -180.19      65.24           81
      1265534  9.098798e+13     305.04     119.32     493.79     299.49     111.80     497.89    -371.39    -502.66     249.31           22
      1215021  1.158029e+14     288.36      79.80     172.43     287.86      70.70     169.94     -93.41    -575.69    -105.17           28
      1073739  5.376562e+13     256.46     266.68     293.72     253.48     271.00     290.06    -182.14     284.00    -214.08           13
      1586155  6.203725e+13     376.17     403.78     421.22     377.34     410.50     415.99      89.39     482.68    -369.38           15
       273695  6.203725e+13      64.45     355.86     122.79      61.05     359.78     126.52    -208.59     227.42     241.18           15
      1998223  7.858052e+13     472.14     481.39      58.90     467.76     485.22      58.24    -283.65     215.19     -36.70           19
       599190  4.549399e+13     139.38     288.53      88.25     136.45     291.83      87.47    -190.47     202.74     -46.45           11
       579673  6.203725e+13     135.03     191.80     351.43     131.74     191.82     356.11    -216.48     -28.74     309.31           15
       850815  4.549399e+13     202.24     464.67     498.05     197.30     468.25     498.96    -292.86     213.09      45.94           11
      1285662  4.135817e+13     305.86     235.55     119.92     306.18     230.02     113.96      38.86    -350.21    -395.39           10
      1443824  7.858052e+13     345.70      58.29     440.89     340.03      59.96     435.42    -360.05      75.88    -376.58           19
      1016230  4.962980e+13     242.51      13.02     150.72     244.40      14.03     148.55     127.07      36.75    -126.98           12
      1177454  3.019146e+14     277.75     432.50     435.23     270.84     437.42     432.82    -437.32     299.66    -143.22           73
      1762302  6.617307e+13     420.41     282.23     491.94     424.33     282.70     494.59     263.62      35.24     193.53           16
      1320736  7.030889e+13     313.99     306.87     129.94     313.38     310.53     128.42     -51.10     224.18    -105.41           17
       899877  1.406178e+14     214.38     461.17     148.21     216.91     463.20     146.35     138.63      88.57     -99.19           34
       152201  1.116671e+14      38.12     142.29      33.20      35.65     139.74      42.42    -211.46    -159.00     575.51           27
      1365210  5.376562e+13     325.27     163.31     353.52     322.77     161.15     358.65    -167.62    -143.15     289.58           13
      1083432  4.549399e+13     261.54      64.10     159.98     262.66      58.18     153.98      39.90    -377.22    -394.62           11
       982249  4.135817e+13     233.59     476.56     410.94     236.65     482.31     412.72     208.66     343.58      92.41           10
      1484858  4.549399e+13     353.52     313.74     229.94     355.50     318.25     228.46     129.06     266.37    -105.69           11
      1132585  8.271634e+13     269.73      64.65     160.94     269.74      59.77     156.35       4.67    -296.74    -274.55           20
      1096993  1.612969e+14     260.27     482.42     130.46     261.31     487.79     123.38      51.66     358.12    -497.17           39
      1565634  6.617307e+13     373.78     278.32     259.52     374.73     278.44     254.66      58.51       2.79    -317.89           16
       275573  1.406178e+14      64.68     402.80     455.77      68.02     404.95     461.79     236.05     143.21     390.04           34
      1174883  1.158029e+14     282.65     353.79     387.83     277.65     351.98     380.00    -251.63     -94.77    -559.94           28
      1995171  5.376562e+13     473.71     386.57     139.57     476.41     391.09     138.82     170.19     254.90     -54.66           13
      1615868  7.030889e+13     385.91     312.39     484.03     390.08     312.69     482.23     265.17      22.60    -115.20           17
      2050559  7.858052e+13     490.23      78.64     499.28     487.85      76.84       6.62    -144.48    -135.71     452.88           19
       524528  4.962980e+13     126.95       5.53     441.41     134.72       2.60     442.35     453.11    -187.38      47.41           12
      1886954  6.617307e+13     446.78      84.47     416.99     441.03      82.21     418.76    -324.24    -196.59      82.25           16
      1422257  1.033954e+14     336.33     404.45     194.14     332.68     400.84     192.02    -250.28    -246.26    -117.03           25
      1638061  1.364820e+14     385.95     495.92     175.60     382.23     497.21     175.37    -226.04      48.87      12.10           33
       266849  8.685216e+13      61.85     146.86     379.37      66.02     151.24     378.33     255.42     260.82     -77.38           21
      2027863  5.790144e+13     482.14     383.93     340.96     476.51     386.75     336.71    -371.21     212.65    -243.05           14
      1747002  4.962980e+13     415.36     316.73     231.45     419.20     320.15     227.78     245.85     174.17    -251.44           12
      1126951  9.098798e+13     267.58     390.98     153.41     277.70     389.40     153.09     601.90    -128.77     -34.08           22
       252400  4.549399e+13      59.48     200.11     442.29      59.56     202.71     438.66     -62.45     171.09    -205.09           11
       112859  5.790144e+13      22.88     445.59     361.89      23.70     446.04     364.59      91.04      41.67     145.46           14
       456911  8.685216e+13     107.42     444.10     310.55     109.75     442.47     316.25     107.94     -89.29     357.03           21
       961267  7.030889e+13     228.29     333.98     451.86     225.19     332.77     444.75    -200.40     -57.71    -488.83           17
       343136  9.512379e+13      83.64     472.74     374.58      92.69     471.03     370.75     546.20    -153.69    -264.43           23
       750829  1.571610e+14     175.58     410.16     426.19     176.87     412.86     427.90      60.37     157.60     104.76           38
       122414  4.549399e+13      28.94     236.33     180.58      26.77     238.64     177.80    -101.74     142.92    -198.40           11
      1592811  4.549399e+13     381.21     109.55     414.95     372.24     114.07     412.12    -555.57     298.12    -186.79           11
      1877563  5.790144e+13     448.10     297.71     232.14     450.89     297.49     234.68     171.02     -75.25     205.19           14
        60891  8.271634e+13      13.87     353.12     356.25      14.55     353.34     353.63      42.46       6.22    -165.36           20
       950356  3.308654e+14     227.69     499.90     334.33     228.00     498.64     334.59      31.98    -109.28       6.82           80
       254136  1.199387e+14      57.04     258.01     219.63      58.28     254.86     221.83      90.89    -172.88     169.05           29
       453453  4.962980e+13     103.19     340.49     304.36     102.21     340.08     300.03     -50.86     -15.71    -303.89           12
       281763  4.549399e+13      66.58     104.58     137.61      65.98     102.33     135.71     -39.42    -146.42     -97.93           11
      1929461  4.135817e+13     459.77     380.08     457.42     456.47     381.39     458.54    -213.06      68.98      51.61           10
       655198  9.925961e+13     153.65     493.65     370.28     157.74     490.62     373.66     257.65    -178.88     194.71           24
      1613390  8.685216e+13     384.77     234.84     308.50     379.36     239.51     306.46    -332.04     253.18    -115.06           21
       975363  8.271634e+13     232.03     267.58      13.09     233.24     263.97      16.47     111.37    -216.74     236.72           20
       342286  6.203725e+13      79.82     443.62      54.04      79.76     445.68      53.14     -57.79     125.79    -104.39           15
       608701  6.617307e+13     143.55      73.97     237.30     144.22      74.29     237.41      35.58      67.59       7.70           16
      1853220  5.376562e+13     441.86      54.54     141.68     440.05      58.42     143.59    -119.43     259.69     107.53           13
      1358634  4.549399e+13     321.56     463.96     165.66     322.18     463.61     167.29      54.41     -36.63      98.24           11
      1287596  4.962980e+13     305.01     295.25     175.46     305.78     291.07     175.54      44.17    -301.45     -29.22           12
      1247348  9.098798e+13     297.41      64.28     455.61     295.07      67.18     456.82    -132.06     186.63      83.73           22
       671558  4.135817e+13     159.38     493.75     276.56     156.89     495.82     271.01    -137.81     122.24    -355.79           10
       768286  4.549399e+13     179.87     448.69     118.79     176.96     452.79     117.45    -153.57     240.04     -64.48           11
      1438385  1.033954e+14     339.92     395.08     196.33     336.61     399.15     193.01    -287.83     321.58    -214.16           25
      1551439  1.654327e+14     369.14     345.61     310.35     376.64     351.40     305.96     458.18     338.66    -258.25           40
      1578856  1.737043e+14     373.51     178.29     406.72     368.67     173.26     409.90    -308.67    -315.15     190.23           42
       825273  1.075312e+14     194.71     184.80     224.46     196.69     185.65     219.96     170.98      37.09    -298.13           26
       235879  9.512379e+13      56.64     198.79     405.15      61.29     205.45     400.65     303.91     444.93    -325.82           23
      1732043  5.376562e+13     410.91     357.12     295.52     413.97     358.24     294.10     196.08      65.54     -69.21           13
      1388695  1.033954e+14     330.08     376.48      89.14     331.26     379.07      88.81     114.46     177.86     -26.65           25
      2002872  7.030889e+13     475.99     124.43     219.78     477.59     121.63     218.54     106.22    -159.32     -45.89           17
      1848187  4.549399e+13     439.81     402.52     480.65     436.61     399.68     478.78    -191.71    -194.03    -100.19           11
      1211641  4.135817e+13     286.72     472.27     471.48     287.89     474.21     472.18     107.63     114.19      67.43           10
       797759  7.444470e+13     189.89     343.97     249.57     188.13     343.32     256.86     -97.34     -42.06     413.22           18
      1010247  8.685216e+13     241.72     329.52     274.46     249.26     327.79     280.08     485.09    -100.09     334.43           21
      1902349  6.203725e+13     455.60      54.30      52.47     458.28      56.26      53.78     156.44     151.38      61.76           15
       639099  7.444470e+13     156.68     499.13     481.34     158.57       6.00     478.37     113.23     436.05    -180.33           18
      1927410  9.098798e+13     458.81     319.60     449.04     456.46     316.39     454.38    -129.79    -200.04     339.31           22
      1445049  1.033954e+14     343.52      97.73     222.11     341.35      94.38     220.18    -116.70    -198.38    -136.59           25
      2016536  4.135817e+13     481.25      42.97      97.27     479.50      44.19      88.32    -155.39      49.16    -643.67           10
       148791  6.617307e+13      37.60      42.72     216.55      41.58      42.15     214.55     247.20     -69.26     -95.53           16
      1930653  4.549399e+13     457.56     422.41     115.94     459.02     419.76     113.66     102.25    -202.74    -195.34           11
      1840153  4.549399e+13     438.03     158.91      99.96     437.00     163.81     101.61     -61.63     318.45     107.42           11
       614503  4.549399e+13     146.84     248.40     398.26     145.15     241.33     402.95    -113.65    -473.06     308.66           11
      1545068  5.790144e+13     371.93     149.83     422.71     368.57     148.54     420.17    -199.05     -74.46    -134.95           14
       750404  1.199387e+14     177.33     395.68     267.04     182.64     394.02     267.95     340.96     -88.87      40.83           29
       405383  4.962980e+13      93.75     374.02      29.62      98.41     371.31      31.61     291.59    -204.94     107.50           12
      1796278  1.282103e+14     428.11     318.61     212.13     427.34     324.07     215.40     -49.36     335.25     196.45           31
        10394  6.617307e+13       2.93     320.07     100.10       1.06     323.25     105.14    -106.89     172.38     319.29           16
      1100666  8.685216e+13     262.74      87.52     475.35     266.28      87.00     478.71     249.39     -19.65     231.77           21
      1098002  1.902476e+14     265.54      12.82      74.47     262.62      15.40      76.85    -180.34     177.38     150.09           46
       310177  1.571610e+14      76.07     466.08     131.78      82.63     470.18     128.79     438.45     208.99    -210.22           38
       736263  6.203725e+13     173.83     471.74      30.34     178.00     477.00      27.84     279.20     315.00    -148.16           15
       536178  4.135817e+13     125.39     359.77     449.22     132.21     360.86     450.35     463.99     163.88      43.16           10
      1653031  4.135817e+13     392.58     449.22     156.25     389.49     443.06     157.57    -191.65    -396.95      97.57           10
       268622  5.376562e+13      65.66     197.57     304.54      67.99     194.62     303.39     130.57    -211.36     -55.23           13
      1006070  4.962980e+13     240.56     203.12     462.89     244.80     201.49     461.18     259.87    -104.43    -101.40           12
      1458013  1.033954e+14     345.08     492.89     365.08     338.18     499.48     368.69    -452.88     423.43     225.80           25
      1124451  6.617307e+13     263.43     316.16     388.92     256.28     317.05     392.15    -440.51      23.87     234.37           16
      1111837  7.444470e+13     263.02     433.81     113.50     266.14     432.66     108.45     165.79     -98.98    -325.82           18
      1342843  6.617307e+13     320.07     479.25     482.91     319.99     483.15     486.38      -8.52     240.56     249.63           16
      1399170  4.962980e+13     335.94     199.54      12.04     338.42     196.37      11.02     143.34    -144.70     -77.79           12
      2009898  1.033954e+14     479.77     336.80     168.05     482.29     333.77     166.96     167.87    -179.16     -72.73           25
       965533  5.790144e+13     230.75     468.47     113.28     235.36     475.24     105.36     293.26     419.79    -504.22           14
      2046695  8.271634e+13     489.84     459.38     401.76     490.08     457.63     405.49      43.42     -95.39     216.61           20
       501856  9.098798e+13     120.92     316.76     376.95     118.80     317.70     372.60    -134.87      84.09    -280.96           22
       936791  4.549399e+13     223.90      86.83     340.02     220.58      90.57     338.76    -193.34     246.20     -86.26           11
      1700338  4.962980e+13     405.27     386.39     447.92     408.27     388.61     447.19     182.41     170.54     -73.86           12
      1685649  4.135817e+13     399.22     444.53      67.19     399.76     443.97      72.30      53.07     -56.10     309.80           10
      1159183  5.790144e+13     276.79     376.12      59.99     275.69     375.44      67.14     -92.91     -53.44     452.19           14
      1088634  1.861118e+14     257.51     218.01     480.25     257.34     214.90     479.22      -7.27    -190.91     -45.67           45
      1520683  7.444470e+13     360.46     405.38     169.92     360.46     400.50     172.05      28.49    -311.97     150.44           18
       699151  4.135817e+13     167.58     339.45      58.59     161.20     339.57      55.58    -381.07     -48.72    -164.75           10
       168747  2.067908e+14      37.58     148.59     173.28      41.39     145.34     172.65     245.67    -214.26     -53.29           50
      1598619  4.549399e+13     380.50     287.46     106.71     382.25     289.76     108.42     130.42     173.56      98.51           11
      1164613  4.549399e+13     279.65      37.82     274.68     275.36      39.32     278.82    -261.24     109.00     245.00           11
      1455012  6.203725e+13     341.28     407.68     142.58     344.40     407.12     148.73     211.27     -36.32     381.30           15
      1773190  3.763593e+14     425.89     111.59      27.15     424.37     111.62      27.35    -105.65      -0.07     -22.63           91
       365999  7.030889e+13      92.95     168.31     188.99      91.72     162.06     188.89     -76.55    -366.16     -22.94           17
      1076200  7.858052e+13     256.06     342.41     406.56     250.10     335.87     407.27    -391.33    -401.24      87.10           19
      1815738  5.790144e+13     432.20     413.78     227.40     427.62     408.43     226.04    -353.61    -328.02    -103.64           14
      1266436  4.962980e+13     304.36     151.69      17.25     301.08     148.74      17.29    -244.33    -167.80     -13.52           12
       496465  4.962980e+13     119.47     151.37     318.03     115.61     150.76     323.58    -226.55     -52.25     363.73           12
       669354  8.685216e+13     157.09     422.90     169.74     149.45     427.27     167.54    -508.37     285.28    -148.77           21
      2058406  4.549399e+13     489.88     316.58     149.33     491.86     315.69     151.29     116.59     -54.72     150.49           11
      2031795  4.135817e+13     486.33       7.81     200.39     485.98       6.63     199.24       0.13     -79.72     -72.85           10
      1188616  4.962980e+13     283.20     277.34      32.55     275.30     278.42      40.57    -473.41      60.01     470.57           12
       464537  4.135817e+13     110.94     178.91     100.78     114.92     165.32      93.78     262.40    -920.76    -571.34           10
      1602920  2.440132e+14     379.73     410.06     406.15     379.21     413.86     407.68     -41.65     262.42     106.32           59
       180907  4.962980e+13      44.92      21.48     168.62      46.05      24.86     168.37      18.21     220.78     -21.27           12
       183406  7.444470e+13      48.61      93.97     427.73      53.53      92.92     429.43     277.49     -94.02      91.63           18
      1041162  9.925961e+13     248.70     275.55      40.36     252.13     273.37      42.90     286.30    -114.76     185.17           24
       148393  7.030889e+13      35.73      26.77     162.57      41.11      28.68     165.12     340.30     101.82     127.79           17
      1791669  5.376562e+13     430.44     174.13     208.38     429.63     177.64     204.56     -65.33     257.59    -210.62           13
       137160  4.549399e+13      34.98     185.90     283.91      48.12     183.80     281.88     771.44    -114.20    -136.68           11
      1024460  8.685216e+13     244.14     263.11     300.13     246.39     266.72     296.36     147.24     224.04    -238.67           21
       161576  5.790144e+13      35.99     431.64     157.65      32.37     430.10     158.76    -210.03     -75.37      72.25           14
      1660433  9.098798e+13     397.37     176.67      72.44     395.46     174.66      76.85    -171.71    -131.96     308.34           22
       732514  6.203725e+13     172.53     355.34     387.37     181.26     356.01     385.40     538.16      22.44    -105.21           15
       778505  4.135817e+13     185.94     259.77      39.06     187.59     258.77      39.44     114.80     -46.13       7.84           10
      1254373  4.962980e+13     297.85     279.95     394.86     296.17     273.96     396.89     -55.27    -394.94     170.25           12
       451251  4.135817e+13     105.08     269.53     201.95     100.51     266.40     204.76    -267.37    -236.03     147.75           10
       605338  6.203725e+13     144.40     475.13     101.69     139.08     475.81     102.19    -381.18       4.26      75.56           15
       595565  5.376562e+13     143.18     174.43     426.83     146.28     176.17     429.74     221.22     148.37     171.34           13
       876662  2.233341e+14     210.43     253.62     462.75     213.56     254.75     455.43     193.08      62.71    -497.47           54
       643238  9.098798e+13     157.67     131.75     152.88     153.49     128.05     144.47    -294.42    -230.45    -511.78           22
        90279  7.858052e+13      20.46     256.06     155.53      15.70     255.09     155.28    -306.64     -71.91     -35.92           19
      1297673  1.158029e+14     312.78     100.17      36.55     302.25      98.04      37.22    -688.47    -153.63      69.04           28
       930958  7.858052e+13     219.06     412.93      57.05     216.90     414.48      57.63    -181.35      79.73      48.10           19
      2033691  1.033954e+14     488.52      62.73     106.17     488.59      63.56     103.43       8.94      58.05    -162.38           25
       323114  3.143221e+14      79.98     355.83     160.52      75.58     357.78     159.29    -269.82     114.20     -62.75           76
       877634  4.962980e+13     205.40     284.18     260.42     209.39     279.94     263.65     245.42    -230.12     191.65           12
       159516  7.444470e+13      37.76     367.19     111.55      32.52     366.14     109.11    -386.45     -85.85    -231.72           18
       279198  5.790144e+13      71.99      20.65     118.86      72.41      22.62     124.52       2.02     126.47     381.31           14
      1141717  9.098798e+13     272.90     341.80     334.16     261.90     345.02     333.68    -762.38     241.36      49.43           22
      1121916  1.075312e+14     270.73     235.58     488.28     268.04     229.06     485.01    -164.18    -395.01    -184.39           26
       620456  7.444470e+13     145.18     434.46     158.85     138.95     437.13     158.14    -373.22     129.63     -13.93           18
      1521005  7.858052e+13     362.97     415.81     430.82     367.96     419.59     424.72     340.53     233.39    -411.37           19
       759547  7.858052e+13     177.94     179.17     477.69     177.04     178.04     476.57     -56.93     -69.22     -85.79           19
        15482  4.549399e+13       0.53     471.06     481.00       1.62     471.54     488.22      41.91       7.81     420.55           11
      1201764  8.271634e+13     288.48     173.63     393.55     290.65     178.94     393.70     142.03     357.34       7.40           20
      1617159  4.549399e+13     386.19     351.38      30.72     386.81     350.45      31.19      63.05    -100.56      -3.14           11
      1927734  8.685216e+13     456.75     331.19     215.31     452.44     331.66     216.36    -257.15      30.20      50.36           21
       682860  7.030889e+13     162.34     336.05     424.06     168.14     335.83     425.22     340.56     -18.43      58.80           17
      1021637  4.549399e+13     243.43     177.73     272.55     249.06     178.37     280.12     393.78      44.92     494.99           11
       588323  7.444470e+13     140.41     458.33     142.58     136.95     459.24     140.92    -213.79      57.88     -82.26           18
       986950  5.790144e+13     235.49     116.91     275.67     235.72     112.70     284.72      26.03    -250.60     548.29           14
       938997  5.376562e+13     227.01     152.79     458.38     225.89     149.97     463.70     -71.01    -128.05     311.17           13
       584611  5.376562e+13     137.17     338.19     139.27     133.04     342.51     134.28    -223.96     253.22    -295.02           13
       525118  4.549399e+13     127.31      26.81     244.14     131.48      29.17     236.25     270.98     132.08    -520.24           11
      1304741  4.135817e+13     312.89     317.19     147.66     312.38     322.89     145.08     -64.78     368.74    -145.01           10
      1253328  6.617307e+13     298.58     253.91     314.21     296.05     252.11     311.20    -142.24     -89.30    -206.64           16
      2058559  1.902476e+14     490.49     324.30     247.11     488.45     327.96     248.09    -105.72     288.76      68.94           46
       627462  4.962980e+13     150.39     152.02      28.97     147.82     145.25      29.43    -147.92    -451.90      16.73           12
       643010  3.019146e+14     151.14     122.99     260.89     153.90     116.39     258.03     206.10    -405.41    -172.11           73
      1204563  4.962980e+13     284.51     261.72     329.75     282.96     257.05     328.35     -83.09    -284.17     -98.35           12
       499728  7.444470e+13     119.14     253.04      62.28     114.57     248.91      60.03    -283.23    -288.16    -156.27           18
      1845964  4.135817e+13     438.28     332.81     297.66     441.89     338.05     291.96     268.74     355.83    -347.63           10
       836096  4.549399e+13     200.82      17.58       1.60     200.72      22.11     498.08       3.29     283.21    -227.93           11
       831840  4.135817e+13     195.70     386.33     378.52     193.89     384.43     373.48    -145.54    -107.90    -335.70           10
      1543776  1.158029e+14     368.58     110.63     376.12     362.06     109.67     382.70    -415.00     -46.39     438.83           28
       603415  4.549399e+13     144.00     417.08      95.35     139.59     415.45      93.76    -242.03    -143.31    -119.45           11
       825139  4.135817e+13     198.44     180.08     201.17     198.75     180.55     201.90      15.78      27.84     105.19           10
       766675  4.135817e+13     179.30     396.09     328.52     174.71     396.00     331.68    -363.41      53.46     201.24           10
       153697  1.116671e+14      40.29     190.03     380.57      44.82     196.22     385.35     269.92     411.21     303.56           27
      2094691  4.135817e+13     498.83     426.17     388.28     499.85     421.13     389.31     137.62    -311.08      38.42           10
      1486092  1.033954e+14     355.86     352.11      48.36     357.27     349.74      48.97      80.97    -210.51      -8.20           25
       660547  7.030889e+13     159.58     159.35     263.44     160.82     160.60     261.41      70.84      67.22    -107.05           17
      1304997  8.271634e+13     311.52     324.80     145.31     312.01     327.16     143.12      31.58     111.27    -139.34           20
       989864  8.271634e+13     239.84     204.10     159.38     234.56     204.51     162.12    -406.11       6.86     202.49           20
      1961825  6.617307e+13     467.53     372.07     381.84     467.09     377.26     373.67     -38.56     314.67    -533.86           16
      1349961  1.447536e+14     321.26     197.27     290.68     320.40     195.77     291.93      28.75    -188.23      82.26           35
      1156400  5.790144e+13     276.51     292.13     190.29     283.50     286.72     184.64     465.39    -391.16    -409.51           14
       401261  1.406178e+14      92.83     244.83     427.50      94.66     236.80     428.05     105.13    -512.80      60.37           34
        95298  6.617307e+13      17.33     404.30     260.50      12.47     400.56     262.44    -282.35    -247.47     138.43           16
      1830048  4.135817e+13     435.55     350.39     127.73     432.66     353.12     128.49    -162.27     168.67      61.75           10
        93182  8.685216e+13      20.18     344.59     493.40      20.33     347.30     492.34     -11.83     185.63     -83.62           21
      1342764  4.549399e+13     316.58     480.65     174.54     315.72     477.97     174.06     -57.16    -185.41     -59.60           11
      1815593  4.962980e+13     433.59     406.58     159.18     428.06     405.65     160.27    -353.69     -48.64      76.78           12
      1484593  4.549399e+13     353.16     306.64     195.85     356.34     307.92     192.64     231.56      66.95    -239.32           11
      1334489  4.135817e+13     316.41     222.66     351.95     312.35     223.11     354.13    -247.14      92.59     114.25           10
       718895  6.617307e+13     170.41     438.23     185.79     164.63     439.65     184.12    -339.71      74.92    -110.36           16
       431003  1.695685e+14     102.56     154.30     112.38     108.36     148.17     105.81     412.87    -380.82    -460.76           41
      2065299  4.549399e+13     495.21      31.43      74.40     489.90      35.23      73.01    -368.98     239.00     -57.60           11
      1391390  9.098798e+13     329.72     462.00     117.72     328.75     461.46     118.54     -52.38     -42.04      45.72           22
      1752755  7.858052e+13     417.25     489.62     204.26     416.27     497.98     206.31     -62.33     528.80     124.23           19
       681397  4.135817e+13     161.33     296.48     210.94     160.15     298.10     212.06     -81.68     156.34      20.36           10
      1774190  5.376562e+14     425.00     139.96     430.74     418.10     141.29     429.68    -420.74      75.04     -64.28          130
       948889  9.512379e+13     229.19     462.04      96.72     232.55     466.89      94.52     217.69     303.96    -145.05           23
      1302578  4.962980e+13     311.85     250.65     198.24     309.46     256.50     194.48    -188.33     374.28    -230.53           12
      2013506  4.135817e+13     477.73     445.31     262.11     475.35     442.92     260.47    -134.62    -118.11     -19.29           10
      1719824  8.685216e+13     404.85     487.63      64.64     408.92     489.12      65.56     282.75     113.52      56.69           21
      1008441  5.376562e+13     244.44     277.19     223.71     250.35     276.37     231.93     363.05      27.73     495.57           13
      1773930  9.925961e+13     422.85     135.42     411.95     414.35     137.36     415.15    -508.71     131.71     180.89           24
       508363  5.790144e+13     120.54      12.56     294.36     121.84      16.38     293.62      74.76     248.67      12.57           14
      1578870  1.323461e+14     373.41     181.76     464.97     364.99     186.02     465.80    -494.73     299.77      89.49           32
       353794  8.271634e+13      83.40     300.78       9.96      82.27     303.20      16.03     -70.39     167.94     405.41           20
       303111  4.962980e+13      69.34     251.30      27.67      73.06     254.17      30.95     251.70     180.27     218.88           12
      1754768  4.135817e+13     418.75      51.17      65.23     422.31      50.69      63.70     243.68      -1.40     -98.95           10
      1518915  5.790144e+13     359.93     356.58     265.07     360.51     357.36     260.53      68.81      18.41    -239.10           14
      1386771  1.116671e+14     331.81     321.69      77.18     337.45     328.21      80.91     416.35     448.51     203.12           27
       287443  1.240745e+14      72.92     272.40     326.56      72.53     273.76     327.85     -52.97     116.30      85.44           30
      1117299  6.203725e+13     270.70      97.27     449.35     271.87      92.56     451.24      93.00    -314.87      89.40           15
       570024  4.962980e+13     131.18     396.48     158.53     127.86     400.74     154.00    -192.69     251.23    -280.02           12
       592699  8.271634e+13     141.41      84.96     232.81     140.99      82.02     236.53     -28.50    -141.86     270.86           20
        69922  4.135817e+13      17.58     135.94     135.16      18.86     131.39     133.98      63.77    -307.27     -43.46           10
       277332  7.030889e+13      63.53     461.51     332.15      73.88     457.64     330.49     618.52    -228.29     -71.72           17
       966335  6.617307e+13     226.07     489.26     249.27     229.84     490.94     242.07     267.63      77.25    -507.15           16
       230920  6.203725e+13      54.82      49.35      31.64      56.56      44.36      33.47     122.87    -285.33      74.29           15
       141962  9.512379e+13      32.35     333.98      42.03      38.65     333.66      47.56     432.66     -47.50     385.20           23
       381492  4.135817e+13      92.19     143.75     206.25      89.48     143.59     198.98    -143.17      20.00    -512.89           10
       618130  5.376562e+13     144.68     364.63      72.27     140.03     369.28      71.23    -289.17     309.30     -17.41           13
      2016347  4.962980e+13     481.77      30.92     358.40     474.10      30.80     358.62    -454.79     -10.71      39.47           12
      1413799  1.654327e+14     336.33     147.66     154.98     336.36     146.94     152.99       0.82     -47.65    -107.88           40
      1909838  1.240745e+14     453.26     278.52     304.82     450.27     287.87     301.09    -195.27     584.08    -218.66           30
      1005709  4.135817e+13     239.06     194.92      53.12     238.85     189.74      51.40     -24.65    -300.27    -100.49           10
      1630164  9.925961e+13     387.04     248.37     332.68     384.21     252.64     331.79    -181.55     290.25     -65.91           24
       443513  7.444470e+13     103.52      32.34     476.56     106.01      23.90     478.46     150.72    -537.26     110.42           18
       831177  5.790144e+13     194.48     368.30     291.29     199.57     370.81     295.39     387.00     170.57     260.71           14
      1984087  4.962980e+13     471.68      49.80     342.77     466.65      44.95     337.99    -280.74    -296.51    -294.43           12
      1862160  4.962980e+13     445.31     330.08      66.41     444.84     331.75      67.41       0.56     123.41      67.43           12
      1149976  1.282103e+14     276.52      97.72      94.44     274.73     101.35      89.51    -117.34     289.45    -301.82           31
      1212507  6.617307e+13     290.28       0.98     358.64     296.33       8.09     362.87     396.69     443.83     272.16           16
       269157  1.819760e+14      64.19     208.10     395.60      66.83     210.66     392.81     147.83     150.15    -227.26           44
       194836  1.033954e+14      46.80     448.05      80.55      53.85     448.53      74.14     444.83       0.67    -393.19           25
        29700  1.778401e+14       9.86     408.29      10.67       9.08     409.19      13.61     -50.96      31.56     157.67           43
      1614949  1.902476e+14     382.30     283.97     399.46     380.41     288.11     400.15    -167.15     286.72      55.53           46
      1132276  6.617307e+13     271.73      47.85     455.81     265.66      53.25     454.98    -380.03     326.32     -63.23           16
        95725  4.962980e+13      21.48     420.57     429.69      21.75     418.00     434.87      11.27    -142.23     312.33           12
       378409  4.549399e+13      90.73      47.41     161.04      93.70      45.43     158.81     265.77    -140.15    -145.98           11
      2070493  1.488894e+14     494.90     191.41     364.26       1.58     194.33     361.88     439.16     157.39    -192.25           36
      2062780  6.617307e+13     487.55     453.61     238.53     483.13     452.09     235.14    -277.99    -107.96    -197.83           16
       417752  5.376562e+13      96.30     248.05     347.21      93.76     244.44     345.09    -157.11    -221.82    -148.92           13
       108120  1.323461e+14      25.27     297.85     344.48      28.52     298.62     343.45     171.46      35.08     -31.59           32
       641986  4.962980e+13     155.60      93.75     256.51     154.83      92.32     253.94     -34.65     -73.02    -173.17           12
       703791  5.790144e+13     167.69     478.79     185.55     159.78     481.31     185.00    -480.24     138.02     -43.06           14
       320480  7.030889e+13      77.09     273.09     375.11      73.55     271.22     373.97    -235.15     -95.31     -54.83           17
       511169  4.921622e+14     123.87     102.56     257.63     124.69      96.49     254.49      24.28    -387.71    -190.03          119
       959878  4.962980e+13     229.49     296.55      28.32     232.49     292.48      27.83     202.75    -245.08     -36.31           12
      1014274  4.549399e+13     236.68     451.53       8.35     233.42     457.04      12.46    -174.36     351.58     261.73           11
      1742997  1.240745e+14     416.02     190.89      84.77     412.77     182.72      85.41    -241.34    -539.26      26.62           30
       367988  7.858052e+13      88.51     227.08     451.99      95.41     227.40     442.50     427.66      48.87    -574.34           19
       957012  5.790144e+13     228.52     205.08     332.03     228.34     205.65     331.50     -18.70      18.47     -39.09           14
      1872481  7.858052e+13     448.70     139.29     379.01     438.39     139.75     388.05    -646.93       7.68     528.31           19
      1634328  5.790144e+13     390.07     379.74      93.47     390.13     381.88      93.20      16.81     133.69     -21.64           14
      1829593  4.962980e+13     434.24     331.05     353.19     426.02     337.15     350.25    -473.09     397.81    -166.14           12
      1589767  6.617307e+13     379.88      16.85      31.98     377.47      19.74      34.43    -155.28     209.11     131.66           16
       483780  8.685216e+13     113.56     267.76     267.76     109.16     263.85     267.68    -264.55    -228.66     -23.29           21
       135647  5.376562e+13      29.90     139.57     371.84      43.66     141.16     375.25     857.20      58.16     177.58           13
      1291219  4.549399e+13     307.00     401.10     325.46     305.87     396.89     322.41     -56.73    -226.39    -156.04           11
      1559117  6.617307e+13     373.54      76.17     302.00     373.90      76.60     312.03      23.04      61.48     647.65           16
       935812  8.271634e+13     221.48      62.30      17.97     223.27      60.57      14.65     121.20    -133.68    -187.99           20
       982460  1.488894e+14     231.55     483.29     239.47     235.70     487.92     238.05     231.00     282.95     -82.56           36
      1427117  7.030889e+13     339.50      52.27     174.29     339.90      50.31     170.47      30.59    -120.27    -207.62           17
       615148  4.962980e+13     143.55     270.51     423.83     144.63     265.11     424.10      75.61    -327.42      10.75           12
       939918  1.158029e+14     220.84     189.59      57.20     226.39     187.71      54.17     362.45     -71.47    -168.75           28
       530797  6.203725e+13     127.21     194.40     430.08     128.49     191.94     438.10      78.30    -187.82     585.15           15
      1507467  7.444470e+13     361.98       4.12      44.70     363.49      10.49      44.86      71.97     446.99      -2.98           18
        45713  6.203725e+13      10.03     396.22      66.54      11.49     396.45      72.30      92.13       5.06     337.94           15
      1822628  9.512379e+13     435.38     121.86     143.43     439.16     122.12     140.72     252.84      22.72    -197.91           23
      1823776  1.654327e+14     437.40     163.67     128.03     439.85     160.05     125.75     169.51    -236.38    -110.02           40
      1569675  7.444470e+13     373.48     405.16      44.70     376.98     406.29      47.04     251.61      83.78     135.61           18
      1685501  4.135817e+13     399.22     437.11     488.67     396.22     436.67     487.80    -172.69     -18.95     -23.30           10
       213149  9.098798e+13      56.29       6.21     112.39      58.49       9.94     116.42     106.43     240.98     279.44           22
       659823  4.549399e+13     156.43     136.19     436.97     151.05     135.02     439.46    -388.16     -92.24     160.23           11
      1798426  6.203725e+13     429.04     385.55     100.91     427.41     388.67     100.18     -70.48     186.50     -53.48           15
      1689384  5.376562e+13     403.09      56.64     158.20     407.45      56.19     157.54     280.24     -31.13     -26.28           13
      1752609  5.376562e+13     414.21     482.72     127.25     418.97     487.20     131.17     360.03     312.86     254.27           13
      1274407  4.962980e+13     302.73     392.25     153.32     305.12     391.89     159.70     128.08     -20.60     423.92           12
       353147  6.617307e+13      82.76     273.19     481.69      87.21     269.11     479.59     265.10    -253.44    -137.96           16
       368257  4.135817e+13      89.84     239.45       4.30      91.99     242.53       8.87      94.97     185.40     285.89           10
      1635899  9.098798e+13     391.34     422.76     232.24     394.36     414.44     228.34     220.12    -540.29    -248.96           22
      1949451  1.116671e+14     464.34     495.30      43.48     464.26     498.23      45.51      25.87     225.70      90.39           27
      1614731  1.075312e+14     382.96     278.25      46.72     385.26     278.92      43.61     139.29      45.34    -175.67           26
      1148088  4.549399e+13     276.46      37.82     219.99     270.56      38.12     215.93    -407.23      39.17    -243.98           11
      1304486  4.135817e+13     311.72     310.55     150.39     312.75     318.50     146.20      65.29     553.82    -271.16           10
      1039771  5.376562e+13     246.54     232.12     108.02     243.40     232.39     111.17    -244.83      48.62     187.64           13
       994137  6.617307e+13     233.64     338.62     351.81     233.19     343.37     350.90     -13.33     326.05     -79.67           16
      1973718  4.549399e+13     469.28     230.65     336.83     464.84     231.10     338.32    -279.71      24.92      98.30           11
      1189696  9.512379e+13     284.90     307.66     250.76     284.66     315.33     255.86     -25.76     527.20     331.64           23
      1945696  1.406178e+14     462.09     377.87     374.89     462.91     380.92     369.13      81.71     179.00    -350.04           34
       284129  6.203725e+13      69.14     169.66     380.86      70.42     174.12     382.24      66.93     290.51      98.22           15
       273279  9.098798e+13      66.58     338.60     496.27      65.11     336.72     498.00    -105.89    -133.04      82.46           22
      1581822  9.098798e+13     379.97     269.89     493.79     382.89     268.09     495.66     165.05     -81.65     117.16           22
       485012  4.962980e+13     117.84     301.43      78.78     125.67     305.23      79.15     559.10     284.54      35.58           12
      1352322  1.943834e+14     318.03     267.00      11.68     319.90     262.50      11.55     101.47    -274.91     -22.41           47
      1108920  1.199387e+14     264.88     342.87     219.89     270.42     346.38     219.02     288.44     219.27     -86.42           29
      1240084  4.962980e+13     294.27     346.35      77.80     297.54     356.42      83.63     237.37     729.94     374.11           12
       103096  5.790144e+13      29.58     150.11     219.59      29.29     148.04     217.38       4.39    -154.84    -135.99           14
       203700  4.135817e+13      49.61     214.84     202.73      49.15     207.90     206.79     -12.87    -472.40     211.82           10
       242352  5.790144e+13      57.20     398.16     188.62      57.11     398.87     183.65     -11.34      12.90    -297.56           14
      2029624  8.685216e+13     481.68     442.43     222.94     478.87     439.32     226.19    -188.53    -261.57     230.35           21
      1444705  2.067908e+14     341.09      89.92     377.97     343.06      87.07     379.86     153.48    -202.24     113.77           50
      1847119  5.790144e+13     437.50     370.26     310.55     444.94     373.13     303.88     593.27     246.26    -495.00           14
      1765679  5.376562e+13     423.83     381.76     183.14     421.31     380.46     188.34    -129.10     -76.18     350.56           13
      1143841  6.617307e+13     272.46     406.49     131.10     279.09     403.94     131.40     396.42    -167.61      38.92           16
      2066706  4.135817e+13     496.09      73.83      71.48     494.48      72.96      72.56    -134.15     -61.53      51.40           10
      1037971  5.376562e+13     247.45     177.73      77.07     251.71     174.88      72.54     280.21    -163.29    -273.85           13
       957599  5.376562e+13     224.91     221.30     123.05     228.67     223.77     126.31     247.59     142.01     174.66           13
      1399825  9.512379e+13     333.14     225.97      70.74     334.83     221.10      74.30      91.54    -283.14     215.32           23
      1610147  4.135817e+13     382.81     138.67     140.23     388.18     136.93     137.35     394.94     -88.57    -177.74           10
      1599508  4.962980e+13     380.21     315.43      79.10     378.96     321.84      78.87     -55.12     403.81     -13.44           12
      2011859  4.135817e+13     477.73     394.92     325.78     471.68     390.73     321.62    -371.81    -236.32    -259.98           10
      1297342  5.790144e+13     309.43      90.40     241.91     309.80      83.25     239.87      64.36    -394.83    -122.42           14
       598271  4.135817e+13     144.53     255.08       0.39     141.25     255.02     498.27    -237.46       1.37    -141.89           10
      1889417  5.376562e+13     452.07     162.71      35.91     452.90     158.77      42.66      53.45    -273.75     403.74           13
      2062259  7.444470e+13     489.58     434.68     200.74     491.16     433.57     198.85     122.78     -71.61    -139.19           18
      1747520  7.858052e+13     418.28     326.99     252.78     420.38     331.17     252.87     131.27     252.26      29.30           19
       844608  7.444470e+13     201.39     280.60     249.35     206.82     275.97     252.80     358.04    -277.73     198.58           18
      1822263  7.444470e+13     438.15     115.67     213.11     445.64     113.01     210.61     475.85    -157.79    -123.78           18
       432874  9.512379e+13      99.44     208.47     419.24     101.88     212.83     422.09     141.39     300.20     178.26           23
       273489  4.135817e+13      63.67     343.75     317.58      56.23     344.00     316.32    -459.16      44.21     -59.72           10
       552936  4.549399e+13     130.15     372.69     409.62     131.91     373.30     404.41     121.06      36.68    -309.12           11
       738766  1.240745e+14     177.86      45.18     306.77     179.09      46.57     305.27      65.49      76.01     -96.83           30
      2028313  6.617307e+13     482.91     400.15     100.59     480.18     401.55     101.04    -210.96      85.29     -36.08           16
      2041092  4.962980e+13     488.28     290.69      16.93     485.71     288.30      18.41    -148.29    -116.42     117.66           12
       595481  8.271634e+13     142.97     173.05      97.66     135.01     160.49      94.56    -533.44    -814.59    -212.15           20
      1480369  2.233341e+14     356.84     182.80     191.91     357.92     183.04     189.64      73.06      18.64    -121.61           54
      1213432  7.444470e+13     291.88      31.25     470.70     290.72      37.98     468.59     -51.69     393.56    -145.23           18
      1782798  1.654327e+14     423.44     401.76      53.52     419.52     402.59      57.36    -233.22      55.28     247.17           40
       573244  6.617307e+13     134.77     494.63     238.77     131.46       0.49     234.97    -229.67     335.38    -240.08           16
      1852872  5.790144e+13     442.52      40.74     282.65     440.08      42.52     277.89    -195.21     136.16    -271.84           14
       261372  1.116671e+14      64.02     471.28     487.34      69.41     470.03     493.31     327.82     -80.79     363.50           27
      1829767  4.549399e+13     434.84     341.44      31.07     431.98     342.42      31.82    -152.94      83.16      43.96           11
      1004361  9.925961e+13     239.10     149.41     289.71     239.12     151.42     292.37      -6.11     166.51     147.64           24
      1848502  1.033954e+14     435.86     410.23     210.55     433.84     405.65     212.81    -127.16    -270.08     115.24           25
       262162  4.549399e+13      65.52     498.76      70.13      64.90     499.61      78.89    -114.41      26.47     640.05           11
      1062061  1.819760e+14     254.79     414.77     180.49     261.98     416.81     183.47     426.09     117.97     177.94           44
       668240  8.271634e+13     153.12     393.36     312.50     156.45     391.97     318.25     214.94     -79.02     403.25           20
      1013187  9.098798e+13     238.46     422.05     262.78     243.52     420.73     261.33     312.03     -80.52    -104.28           22
       533221  8.685216e+13     129.19     272.60     398.90     126.38     265.63     399.91    -206.87    -439.19      15.99           21
      1169813  6.203725e+13     281.64     197.27      84.77     283.50     193.35      78.20      86.92    -244.95    -474.67           15
       192709  4.135817e+13      46.48     382.03     270.31      42.64     375.61     275.12    -216.62    -404.44     323.75           10
      1833651  4.549399e+13     438.03     457.21     201.53     440.74     451.68     201.81     122.34    -375.43      25.78           11
       572572  1.654327e+14     131.93     472.46     106.15     129.59     473.61     104.50    -138.49      63.71     -91.77           40
      2058176  6.203725e+13     493.62     308.98     250.13     492.08     313.49     249.66     -63.06     285.79     -14.19           15
      1715515  8.271634e+13     407.03     354.69     234.77     408.20     354.93     232.58      85.87       1.59    -134.40           20
       398718  4.962980e+13      96.03     168.62     495.44     110.10     162.93     491.67     884.39    -351.06    -272.12           12
      1654691  6.617307e+13     394.04     495.36     139.16     394.77     496.86     141.41      34.02     115.14     130.24           16
       471896  9.925961e+13     107.10     403.16     342.29     109.90     400.67     341.76     154.64    -171.40     -22.92           24
      1968380  7.444470e+13     470.49      68.58     487.20     472.60      67.74     488.36     114.35     -61.66      30.75           18
      1378775  8.271634e+13     331.25      81.25     343.36     326.84      80.37     346.06    -322.90     -46.44     166.42           20
      1282986  8.271634e+13     306.05     153.91     166.60     308.45     156.03     161.60     151.55     163.84    -308.47           20
       876219  5.790144e+13     208.98     241.35     235.49     210.20     239.06     236.62      99.25    -112.73      69.93           14
      1749094  4.135817e+13     416.02     378.91     398.05     413.78     378.66     390.90    -122.17     -43.47    -486.46           10
       170350  1.861118e+14      40.23     195.18     438.15      46.73     201.24     435.74     416.76     429.27    -150.46           45
      1772668  8.271634e+13     421.68      97.27     483.59     419.45     100.06     494.93    -112.07     192.50     750.96           20
      1673857  6.617307e+13     401.12      84.47       3.91     404.69      94.01       6.07     296.24     714.52     120.54           16
       183463  4.962980e+13      43.62     100.59     153.97      48.39      98.73     150.44     309.65     -94.64    -225.74           12
      1705974  1.364820e+14     409.98      59.48     464.90     403.54      63.03     467.40    -393.66     201.66     151.83           33
       867800  4.549399e+13     202.59     484.20     343.57     199.68     488.93     349.41    -204.06     287.24     396.83           11
       917628  4.549399e+13     221.77       2.66     484.55     218.41      10.45     478.16    -173.70     471.78    -411.72           11
       550943  7.858052e+13     127.36     314.04     120.79     126.29     315.91     111.46     -65.56     122.36    -595.12           19
       451763  1.488894e+14     106.66     288.52     199.65     102.62     289.15     199.27    -257.18      52.64     -50.60           36
      1520153  7.858052e+13     360.09     393.19      99.81     358.55     393.94     100.97    -103.95      30.23      56.29           19
      1686646  4.135817e+13     398.05     469.92     464.84     396.12     470.31     457.28    -107.43      30.71    -529.03           10
        76620  1.199387e+14      18.66     341.12     300.04      19.60     343.80     296.96     102.78     150.52    -167.98           29
       550127  5.376562e+13     129.36     287.41     436.45     129.31     284.55     436.75      -8.86    -157.07       6.75           13
      1367257  4.549399e+13     326.88     227.45     347.83     319.24     226.04     349.54    -474.21     -96.18      99.63           11
      2080432  4.549399e+13     495.21     490.94     187.32     490.69     492.49     188.16    -294.16      81.72      81.04           11
      1280522  8.685216e+13     306.64      79.33      41.20     296.22      85.37      42.72    -676.87     451.98     114.16           21
       927056  7.858052e+13     223.99     291.02     315.69     228.21     290.88     309.08     249.45     -24.20    -436.89           19
       922542  1.199387e+14     216.26     155.78     183.39     213.23     159.37     182.26    -187.69     217.67     -39.26           29
       513033  9.098798e+13     120.56     156.61      37.64     120.91     148.44      42.90      16.28    -529.74     367.45           22
      1328607  6.203725e+13     320.70      45.44     373.05     326.03      45.48     372.71     348.33      -0.02     -59.02           15
       863049  1.819760e+14     200.11     335.85     286.13     201.47     337.19     291.26      75.95      83.36     302.17           44
      1829814  1.240745e+14     435.81     339.97     206.25     430.76     342.54     209.95    -341.02     169.88     253.27           30
       277959  6.617307e+13      63.48     481.93     277.59      63.35     477.15     270.51      -2.19    -310.49    -428.78           16
      1079989  6.617307e+13     261.72     460.94     211.67     265.94     465.10     216.08     195.49     323.08     316.02           16
       250546  7.030889e+13      59.63     147.63     197.27      57.47     148.38     194.81    -161.37      63.06    -162.73           17
       492709  2.977788e+14     117.24      34.78     144.64     113.72      37.92     148.31    -222.59     193.42     237.19           72
       756020  4.549399e+13     183.06      74.04     205.08     183.19      67.88     208.65      33.34    -363.13     220.66           11
      1052692  6.617307e+13     249.51     127.69      80.32     256.83     120.69      72.22     508.23    -456.21    -562.40           16
       127069  7.030889e+13      27.92     375.80     365.23      21.93     371.84     359.22    -347.27    -204.73    -377.78           17
      1457863  4.962980e+13     347.66     490.23     277.34     344.73     492.13     280.11    -194.60     107.57     145.68           12
      1139246  6.203725e+13     272.01     266.80     182.68     275.65     265.87     184.75     250.59     -18.06     168.00           15
      1887484  4.962980e+13     448.89     102.54     487.96     438.21     105.32     494.52    -696.68     169.62     398.32           12
      1050103  9.512379e+13     249.41      45.60     462.38     247.33      48.05     461.90    -103.55     136.49     -22.13           23
      1319604  5.376562e+13     314.75     269.38     200.87     314.85     269.75     196.59      34.70       2.32    -246.61           13
       444617  7.858052e+13     106.81      68.98     287.31     110.33      68.87     277.57     220.66     -24.84    -607.14           19
       226830  6.617307e+13      53.22     422.36      59.57      58.13     430.85      56.91     342.91     557.45    -198.81           16
      1607218  5.376562e+13     385.37      49.13     195.16     383.94      46.63     191.52    -120.80    -154.90    -253.73           13
      1476227  4.549399e+13     351.38      51.67      16.87     354.01      53.57      18.14     219.13     159.91      59.41           11
       974638  4.549399e+13     234.20     245.92     181.29     242.23     237.06     179.80     517.77    -522.74    -134.24           11
      1653621  4.549399e+13     391.87     461.47     458.98     392.45     463.71     456.19      97.82     178.13    -174.95           11
      1055021  2.150625e+14     253.16     193.73     179.09     246.07     192.82     175.49    -464.85     -72.93    -211.70           52
       919328  5.376562e+13     222.21      57.24     126.65     225.52      60.32     125.24     191.98     189.47     -93.69           13
      1834228  6.617307e+13     431.88     477.05     457.03     432.95     481.12     461.20     118.44     253.82     252.43           16
       431167  5.376562e+13     103.52     157.30     248.35     105.44     157.68     243.43     149.16      -8.54    -306.72           13
      1393901  6.617307e+13     332.76      36.13     428.47     327.34      42.62     426.56    -350.35     426.42     -93.05           16
       456492  9.925961e+13     108.89     431.32     178.06     110.28     434.50     173.76      96.79     174.13    -270.59           24
      1742392  8.271634e+13     415.04     174.02     222.27     417.46     177.15     219.41     157.79     217.00    -123.10           20
      1259834  7.444470e+13     298.18     450.52     228.95     293.10     447.06     224.37    -274.31    -233.91    -298.16           18
      1462918  7.444470e+13     347.01     145.18      24.74     343.23     148.37      24.57    -229.51     231.57      -0.39           18
       144845  5.376562e+13      35.91     421.42     302.13      34.46     415.13     299.49    -109.51    -341.84    -126.09           13
       267055  5.376562e+13      63.25     150.09     186.15      60.30     147.86     185.71    -201.15    -105.47      -4.37           13
        78576  4.549399e+13      20.42     396.48     440.52      23.94     391.46     445.95     265.55    -352.91     351.60           11
      1247762  6.617307e+13     301.51      80.81      73.97     293.40      84.22      69.17    -502.36     253.97    -300.31           16
       837595  9.512379e+13     198.62      62.92     355.04     197.79      63.15     356.59     -72.11     -24.56     107.05           23
       853952  6.203725e+13     203.26      60.29     250.39     197.98      54.56     249.13    -342.21    -374.13     -92.52           15
       763884  5.376562e+13     183.44     311.45     423.53     189.67     312.88     427.72     386.54      75.52     239.98           13
      1836770  6.203725e+13     443.10      51.95     382.42     435.20      46.91     384.20    -487.87    -290.05     103.94           15
       433423  4.549399e+13     102.10     227.81      61.26     104.64     228.55      61.09     158.66      80.53     -21.93           11
      1537647  7.030889e+13     365.23     422.45     436.70     368.95     424.24     428.84     257.50      71.80    -557.19           17
        15599  4.135817e+13     498.44     476.56     434.77     498.97     470.51     435.21      53.13    -403.27      13.75           10
       393523  7.030889e+13      95.01       9.54     202.78      89.59       7.25     199.34    -428.56    -209.49    -246.14           17
       605242  5.790144e+13     145.93     470.42     227.96     147.59     473.68     225.06     120.24     155.16    -154.04           14
       263732  6.617307e+13      67.63      49.07     206.05      64.78      47.81     205.26    -196.69     -77.31     -20.19           16
      1081056  4.135817e+13     256.25     485.55     377.34     250.82     489.98     384.32    -342.16     284.50     425.39           10
       160562  5.376562e+13      36.51     401.29     197.27      31.40     404.14     192.52    -308.45     145.63    -295.76           13
       672811  8.685216e+13     161.37      34.88     171.97     160.43      36.59     172.09     -45.94     102.65     -12.74           21
      1832642  4.549399e+13     433.06     427.73     260.12     434.57     418.30     257.39     105.29    -621.62    -153.44           11
      1031739  8.685216e+13     240.79     488.56     231.86     246.55     490.25     232.42     402.10      73.36      37.88           21
      1548476  1.654327e+14     366.41     255.47     239.26     368.03     257.44     235.69      95.28     137.80    -265.51           40
      1826417  4.549399e+13     433.77     238.10     443.00     433.76     236.55     447.88      40.86    -127.02     264.54           11
       381353  1.033954e+14      92.73     136.64     161.64      91.54     132.20     161.21     -86.82    -276.99      32.29           25
       220646  5.376562e+13      53.64     230.02     400.99      57.11     224.85     397.99     180.51    -364.36    -210.84           13
      1216276  6.617307e+13     291.75     118.90      77.15     279.83     114.50      69.98    -803.33    -263.02    -506.28           16
      1733161  6.617307e+13     414.79     392.82     161.87     412.04     396.98     165.99    -174.79     284.24     224.92           16
        98821  7.030889e+13      25.85      16.66      17.81      25.11      22.37      25.40     -63.58     384.70     466.56           17
       885394  5.376562e+13     211.09      21.78      72.27     213.21      23.07      74.29     153.42      70.19     101.60           13
      1284357  6.617307e+13     308.59     198.24      19.04     310.09     192.72      18.41      70.37    -335.01     -45.97           16
       726855  1.199387e+14     172.48     182.31     282.13     170.50     184.05     281.07    -142.48      95.92     -67.61           29
       328229  1.488894e+14      78.56      14.87     144.21      78.15      15.53     142.67     -43.84       5.67    -119.09           36
      1568774  6.617307e+13     373.54     378.91      24.90     373.21     379.69      24.18     -41.67      78.73     -56.69           16
      1924548  5.790144e+13     457.59     232.14     266.46     458.62     240.74     261.33      74.74     521.41    -283.97           14
       513145  4.135817e+13     123.83     156.25     476.56     125.92     155.37     477.46      97.35     -32.59      71.93           10
      1704424  5.376562e+13     407.90      13.67     408.80     398.26      11.85     410.04    -576.96    -112.94      78.21           13
      1661802  4.135817e+13     398.05     214.45     414.45     391.67     208.27     412.65    -432.81    -481.40    -131.96           10
       377384  4.549399e+13      91.44      17.93     160.33      90.86      19.33     160.67     -34.12      86.79      34.03           11
      1088680  4.549399e+13     257.99     222.83     162.46     249.38     221.75     158.91    -591.05    -121.69    -266.79           11
      1574961  5.376562e+13     379.66      65.96     197.27     379.05      63.15     194.24     -43.31    -149.68    -195.17           13
      1091784  5.211129e+14     263.05     316.69     277.87     267.01     317.57     279.67     262.79      60.45     116.83          126
       533044  4.962980e+13     128.26     269.21     207.03     124.64     270.00     212.87    -209.47      51.13     334.95           12
       778202  4.135817e+13     187.11     248.44     354.69     189.08     246.67     358.46     112.68     -96.91     211.41           10
      1810799  6.617307e+13     432.37     260.25     434.57     431.00     264.42     439.99     -91.67     255.02     316.66           16
      1519257  6.617307e+13     362.55     364.75     101.32     363.79     365.36     100.87      81.48      22.93     -39.77           16
       594559  5.376562e+13     142.28     140.78     499.85     144.28     142.52     498.76     166.11     126.46    -119.16           13
      1017227  6.203725e+13     241.80      42.58      45.44     239.00      48.02      43.48    -242.23     347.36    -182.80           15
       801298  1.075312e+14     190.81     451.02      69.56     191.96     458.47      67.82      66.17     459.28     -90.65           26
       898190  8.271634e+13     211.33     412.70      58.40     213.41     412.31      56.28     158.26     -62.07    -131.52           20
      1653733  1.406178e+14     390.28     467.72     398.21     387.10     466.02     400.13    -208.25    -104.35     127.49           34
       169660  5.376562e+13      42.52     179.54     235.73      44.36     179.26     231.16     104.86      17.57    -278.38           13
       619148  8.271634e+13     146.68     395.90      50.59     145.20     394.63      52.34     -88.37    -110.77     125.50           20
       611167  5.790144e+13     145.93     149.55     371.09     145.51     152.71     368.92     -47.67     206.14    -172.76           14
      1325977  6.617307e+13     317.63     471.19     100.10     313.69     470.62     102.75    -285.39     -54.07     128.00           16
       562526  6.203725e+13     133.72     164.19     369.40     137.25     163.46     369.80     234.40    -110.97      17.96           15
      1552445  4.962980e+13     367.19     377.60     240.23     366.65     377.00     234.92     -41.06     -27.35    -321.59           12
       442620  8.685216e+13     107.42       3.63     487.44     111.24       0.19     486.77     221.66    -216.05     -52.29           21
      2000630  7.444470e+13     480.69      55.34     464.84     475.55      61.37     470.01    -332.70     389.82     264.35           18
      2075341  5.376562e+13     493.54     335.49     301.23     493.46     341.66     294.12      36.29     391.70    -443.29           13
       258218  9.925961e+13      60.06     382.49     161.95      57.82     381.20     156.44    -144.95    -108.04    -356.36           24
       442920  9.098798e+13     110.09      19.89     160.51     107.83      23.68     159.68    -114.56     216.82     -51.30           22
       541245  4.549399e+13     134.06      16.87     238.10     134.97      24.58     232.92      48.26     554.09    -312.11           11
      1363717  4.962980e+13     325.20     120.44      22.46     319.73     121.90      22.57    -321.67     133.02      13.46           12
       860500  5.790144e+13     206.75     258.93     327.85     205.87     254.75     328.00     -63.68    -298.02      15.59           14
      1682642  4.135817e+13     398.44     346.48     319.92     402.10     349.29     319.56     234.31     157.43      27.20           10
       414730  1.323461e+14      99.00     160.77      37.96     103.11     152.09      46.82     227.58    -553.27     611.18           32
       218188  8.685216e+13      53.66     159.51     297.71      63.59     160.55     298.12     647.56      43.16      78.86           21
      1218497  9.512379e+13     290.00     186.40     254.50     286.69     188.40     256.20    -190.50     110.05      94.76           23
       702459  5.790144e+13     166.02     436.10     483.54     161.71     438.13     484.24    -287.55     119.71      61.93           14
      1424634  4.549399e+13     335.05     471.77     479.23     330.70     475.35     482.72    -296.28     215.79     240.23           11
      1298768  6.203725e+13     308.72     133.98     312.11     302.97     127.97     316.32    -319.23    -382.37     246.35           15
      2050917  4.962980e+13     492.19      87.24     396.81     494.61      88.17     401.62     176.42      65.67     260.45           12
      1461672  1.737043e+14     348.49     109.00     159.60     349.65     108.80     155.92      72.03     -21.68    -187.99           42
       476859  9.925961e+13     115.56      53.22     233.89     117.02      50.33     231.20     104.56    -201.41    -180.34           24
      1549449  5.376562e+13     367.94     285.61      37.11     371.62     287.56      36.75     218.29     119.97     -25.17           13
       904691  4.962980e+13     217.45     108.07     457.03     212.71     103.73     463.96    -366.94    -296.50     453.13           12
      1254301  5.790144e+13     298.83     282.37     119.14     293.15     284.58     116.92    -450.22      67.61    -155.03           14
      1653088  8.271634e+13     389.06     446.88     376.76     389.59     444.72     384.62      26.71    -155.85     549.21           20
      1702121  4.962980e+13     404.62     442.38     410.81     397.36     441.25     408.36    -439.48     -77.08    -125.44           12
       728513  4.962980e+13     175.78     232.42     254.56     178.00     228.82     254.93     137.03    -241.64      53.37           12
       635278  5.790144e+13     149.27     387.28      56.36     145.00     386.57      53.98    -287.87     -64.89    -150.34           14
      1986207  1.530252e+14     474.61     114.81     120.09     472.85     119.97     120.62     -95.88     327.90      24.41           37
      1531932  8.685216e+13     365.61     251.95     114.12     366.07     245.78     114.06      30.99    -391.68     -20.96           21
      1483600  1.033954e+14     352.42     275.08     316.64     354.46     272.37     312.25     140.26    -167.06    -228.38           25
      1770125  9.098798e+13     420.99      20.24      53.80     422.82      18.26      56.36     115.34    -137.58     153.87           22
       784352  4.135817e+13     183.20     438.28     371.88     176.11     441.47     373.78    -431.42     280.68     164.58           10
      1870414  4.135817e+13     448.83      79.30     303.91     445.12      67.48     296.06    -206.35    -733.94    -503.54           10
       751054  5.790144e+13     179.69     417.97     306.64     179.70     419.56     312.94      -4.64     122.49     400.97           14
       605425  4.135817e+13     144.53     476.17     442.58     146.99     482.13     438.13     164.62     432.96    -336.29           10
       501295  4.962980e+13     119.47     297.53     185.55     112.06     300.88     187.72    -469.21     222.51     105.87           12
      2027401  6.617307e+13     483.64     372.07      37.35     484.50     371.08      40.42      42.14     -36.34     200.86           16
       517907  6.203725e+13     126.17     303.78      74.61     128.02     306.57      79.56     113.87     188.94     384.59           15
      1495683  5.376562e+13     356.82     144.98      13.37     352.85     147.31      15.13    -212.04     185.00      35.67           13
      1189165  1.612969e+14     284.10     291.32     181.54     286.80     287.73     179.67     128.57    -234.68    -139.02           39
       111535  2.522848e+14      25.77     413.39     180.55      21.44     412.28     178.82    -275.18     -76.16     -96.28           61
      1298510  8.685216e+13     312.03     124.72     309.24     305.79     119.40     316.70    -352.07    -329.01     460.39           21
      1309039  5.376562e+13     311.45     445.46     436.15     313.26     446.53     435.24     105.29      66.02     -58.35           13
       247570  4.135817e+13      60.94      57.03      74.22      66.10      55.15      80.78     329.96    -132.15     379.25           10
       487397  4.135817e+13     116.02     374.61     396.48     117.25     375.39     393.82      45.23      21.80    -150.75           10
      1112726  6.617307e+13     259.28     457.03      90.82     257.35     463.67      92.48    -120.33     441.21      86.56           16
      1649541  9.098798e+13     393.82     343.39      17.93     394.33     347.76      24.32      59.85     272.33     447.68           22
       396610  5.790144e+13      95.98      99.61     256.42     103.11      94.28     250.85     472.52    -310.51    -380.74           14
       612549  4.135817e+13     143.75     192.19     271.88     150.46     194.56     272.67     426.97     165.85      51.35           10
      1562864  4.962980e+13     372.07     192.38     440.76     365.97     188.52     441.34    -345.84    -267.39      52.15           12
       247374  7.030889e+13      63.99      51.82     306.18      67.15      58.69     299.07     192.71     419.91    -458.78           17
      1293368  6.203725e+13     306.38     470.44     221.22     302.54     469.18     214.39    -187.78     -56.69    -470.62           15
       939017  6.203725e+13     224.35     158.98      35.29     228.78     152.29      36.82     278.10    -425.35     120.05           15
      2021591  4.549399e+13     480.65     193.00     342.51     488.21     195.51     346.29     524.24     116.35     253.39           11
      2083180  1.282103e+14       0.69      74.79     422.57     499.54      78.77     425.24     -89.86     221.83     136.89           31
      1753929  7.444470e+13     417.10      29.73     284.72     424.47      35.30     279.87     460.81     363.80    -315.01           18
      1896904  1.199387e+14     451.58     388.27     285.63     453.02     387.08     285.95     122.15     -41.02      55.81           29
      1546724  7.444470e+13     365.02     199.00     391.49     364.66     189.96     398.78      18.09    -609.48     436.54           18
       418961  5.790144e+13      99.05     290.18      66.41      99.49     286.89      66.69      26.98    -208.16      17.02           14
       498923  4.549399e+13     117.37     225.67     421.70     117.64     221.95     421.64      11.31    -240.42     -58.20           11
        65986  6.203725e+13      13.93      11.33     258.20       6.38      17.44     253.77    -522.64     428.71    -223.62           15
      1073012  5.376562e+13     253.16     243.24     455.98     245.47     245.87     453.34    -497.45     202.77    -187.03           13
      1111733  7.030889e+13     262.06     426.36     208.75     272.00     426.44     213.25     651.07      29.01     352.09           17
       275705  6.203725e+13      63.67     411.07     473.83      68.19     411.13     470.69     294.19       6.46    -206.50           15
       573340  7.858052e+13     136.82     497.64     111.53     135.51     497.60     105.79     -55.81      11.71    -362.54           19
      1773194  1.282103e+14     419.54     110.19      40.76     423.44     111.40      34.30     258.05      69.75    -481.46           31
       833785  4.549399e+13     196.91     442.29     472.48     196.22     447.56     470.49     -34.83     364.37    -121.34           11
      1680967  4.962980e+13     401.69     296.88     279.62     405.65     299.71     275.15     239.15     191.69    -266.02           12
       606446  2.191983e+14     148.25       8.59     424.79     152.31       6.63     430.99     256.54    -132.25     420.50           53
      1826059  5.376562e+13     434.95     229.72      45.22     434.88     227.74      46.26     -29.47    -160.24      27.39           13
      1782758  6.617307e+13     421.63     408.20     400.15     418.24     405.60     397.67    -185.11    -167.14    -154.45           16
      1327972  4.962980e+13     319.99      25.07     391.93     322.06      27.60     392.01     153.40     165.88       0.89           12
       343345  4.549399e+13      80.43     477.45     190.52      82.33     488.63     194.26     139.12     783.31     284.91           11
       665016  6.617307e+13     158.20     298.83     219.73     161.57     298.53     217.54     230.72       0.77    -186.20           16
       188102  6.203725e+13      44.66     242.06     275.13      49.39     240.78     269.84     284.43     -99.16    -324.95           15
       442323  4.549399e+13     103.52     499.47     325.82     106.53       0.85     326.65     163.30     135.74      39.80           11
       631148  4.549399e+13     147.55     260.12     425.60     148.20     256.26     423.04      61.37    -218.24    -189.19           11
      1974587  1.985192e+14     468.10     258.30     237.14     465.72     268.55     230.52    -115.85     656.95    -422.59           48
       726867  4.135817e+13     175.39     180.86     328.12     174.23     179.77     324.51     -94.93     -79.86    -343.62           10
       237442  4.135817e+13      55.47     248.44      11.33      57.86     250.15      13.24     181.73     109.83      88.76           10
      2037399  5.376562e+13     486.93     175.93      90.90     489.18     176.45      88.13     168.99      61.70    -179.28           13
       523884  4.135817e+13     124.61     486.72     420.70     136.73     488.62     426.67     745.90     135.93     386.63           10
      1774220  5.790144e+13     423.27     146.21      49.11     424.36     143.81      48.19      59.65    -160.89     -84.16           14
      1380126  4.549399e+13     333.27     117.01     118.43     336.15     114.25     118.66     198.18    -165.36      25.43           11
       899669  4.135817e+13     213.28     452.73     331.64     208.78     451.18     329.11    -322.88    -110.36    -149.85           10
       525745  1.033954e+14     129.30      42.89     189.92     127.45      42.88     190.10    -111.63      -3.54      21.46           25
       576279  9.512379e+13     141.39      84.32      88.91     135.82      91.34      92.77    -348.03     445.02     232.10           23
       269883  4.962980e+13      67.06     237.63     231.12      69.62     233.41     230.02     185.40    -294.88     -86.77           12
      2037427  7.030889e+13     487.48     177.50     200.94     488.73     176.05     196.55      74.29     -68.84    -272.12           17
       476008  6.203725e+13     114.97      27.73     412.37     127.14      24.94     418.76     764.33    -229.13     415.11           15
       754024  1.323461e+14     186.65       4.88     407.84     182.60       3.01     414.02    -277.49    -147.07     364.62           32
      1801636  5.376562e+13     428.34     480.92     144.08     430.18     488.23     140.83     127.16     502.86    -245.53           13
       461094  4.962980e+13     112.96      69.99     149.74     115.48      66.45     148.56     190.97    -221.50     -52.84           12
       974580  2.109267e+14     230.66     242.38     457.53     232.95     246.54     455.50     177.05     301.30    -114.03           51
      1815440  4.135817e+13     428.12     405.08      66.02     422.39     405.08      64.76    -365.95     -30.07    -104.78           10
      1443283  7.444470e+13     343.75      47.53     326.17     341.28      57.01     333.15    -104.93     601.85     449.31           18
       285410  1.571610e+14      72.47     208.98     389.19      73.41     211.10     388.69       7.90     121.71     -41.80           38
       287950  2.067908e+14      67.50     287.50     305.78      66.70     288.81     308.42     -65.14     131.05     141.15           50
      1241267  7.858052e+13     295.95     380.45     203.02     303.10     390.21     197.11     449.37     710.59    -481.13           19
       738598  4.962980e+13     179.69      41.02     154.30     179.80      40.03     158.03      32.33     -57.31     216.73           12
      1586098  4.962980e+13     378.58     403.65     195.96     373.24     400.47     191.93    -403.23    -166.79    -294.47           12
      2094756  1.033954e+14     497.11     432.11     141.80     493.16     430.00     140.87    -239.28    -133.66    -123.20           25
       364477  4.549399e+13      88.60     122.69     239.88      92.67     118.98     233.57     221.92    -242.90    -403.46           11
      2054411  1.075312e+14     488.58     196.97      44.77     486.83     197.37      44.72     -97.26      49.98     -29.78           26
       278580  1.447536e+14      70.48       5.86     204.63      75.05       4.98     198.29     355.88    -103.81    -440.54           35
       980333  1.116671e+14     229.82     420.93     424.99     227.60     421.62     428.04    -152.84       9.01     176.18           27
       526893  9.098798e+13     125.53      78.30     177.73     122.49      74.04     172.79    -194.69    -250.26    -304.69           22
      1414073  7.030889e+13     339.73     153.61     222.08     340.78     152.65     219.05      20.10     -64.33    -167.72           17
       280512  5.376562e+13      66.26      56.04     250.15      67.84      56.22     242.76     124.37      -5.57    -480.15           13
       209578  7.444470e+13      49.05     394.97     166.02      47.44     392.21     158.39     -96.19    -195.09    -496.46           18
      1990154  5.376562e+13     475.81     238.73      41.32     473.42     233.35      39.09    -152.48    -354.16    -153.71           13
       181343  4.549399e+13      45.63      34.27     372.34      47.69      34.81     373.51      83.12      25.42      64.21           11
      1948493  1.571610e+14     464.54     462.38     304.89     463.21     462.10     300.44     -78.33     -10.07    -233.31           38
      1633115  8.685216e+13     386.25     340.87     355.75     395.27     347.37     355.96     564.62     400.78      31.75           21
      2028642  5.376562e+13     483.02     406.40     386.57     484.88     402.55     381.73     147.93    -235.62    -332.61           13
       126051  4.549399e+13      29.65     344.28     388.32      29.91     344.84     386.26      22.20      91.35    -140.97           11
       825083  4.549399e+13     196.20     178.80     480.65     191.32     174.82     481.84    -317.98    -226.17     136.78           11
      1058839  3.722235e+14     248.48     312.46      98.31     254.17     310.83     100.12     352.20     -97.96     125.80           90
       424951  1.282103e+14     101.37     471.08     469.44     111.63     471.55     473.99     670.29      28.69     302.23           31
       894537  4.135817e+13     214.45     296.09     286.33     219.68     295.52     292.32     338.71     -49.87     411.30           10
      1172527  4.549399e+13     276.81     283.91     183.42     283.38     282.03     183.83     434.69     -66.22      26.29           11
       706819  4.135817e+13     172.27      70.31      10.55     176.09      75.36       6.21     230.26     414.36    -274.11           10
       265739  4.962980e+13      63.15     109.38      45.57      70.90     112.27      52.38     503.52     186.37     397.45           12
      1247576  7.858052e+13     300.27      69.39     345.50     299.79      72.15     345.78     -25.06     182.28      13.60           19
       897991  6.617307e+13     213.38     403.81     278.81     215.31     401.58     276.85      99.27    -131.81    -141.50           16
      1918559  5.376562e+13     455.98      47.63     373.65     451.48      40.98     371.47    -234.25    -402.32    -127.83           13
       166597  4.135817e+13      42.58      85.16     275.39      45.79      79.98     270.81     211.15    -315.79    -273.21           10
      1203705  5.376562e+13     285.01     230.02     474.61     284.05     223.16     476.44     -37.95    -413.37     109.92           13
      1650906  6.203725e+13     392.06     380.08     352.99     397.10     377.96     353.47     328.10     -83.41     108.29           15
      1415288  1.199387e+14     334.39     192.28     470.57     336.51     191.97     470.73     139.97      -7.61       3.27           29
       154211  6.203725e+13      33.20     207.16     388.93      42.85     210.43     388.01     607.00     237.67     -71.60           15
       654773  6.617307e+13     153.81     482.42     212.16     149.68     488.01     209.69    -263.90     342.57    -176.04           16
       288721  4.962980e+13      67.38     310.55     317.06      63.84     305.98     319.34    -222.31    -289.66     160.13           12
       247211  9.925961e+13      57.94      44.27     169.76      60.63      47.78     169.30     168.44     230.67     -29.68           24
      1909427  4.135817e+13     455.47     271.48     203.12     456.52     273.30     209.11      74.75     129.03     405.22           10
       160803  1.406178e+14      34.35     407.86     140.51      34.63     402.95     145.24      10.08    -312.14     293.99           34
      1773880  5.790144e+13     425.22     129.46     219.87     438.11     123.49     218.69     920.01    -412.77      19.53           14
       299874  4.549399e+13      68.71     151.46     382.99      69.67     154.40     381.83      16.95     157.79     -74.33           11
      1292900  5.790144e+13     305.25     452.85     393.97     300.98     465.23     397.18    -231.52     772.67     205.35           14
      1083619  9.925961e+13     264.49      65.43     388.83     266.05      61.63     389.52     103.78    -221.16      20.77           24
      1423663  4.135817e+13     336.72     445.70     188.28     335.76     445.46     186.94     -43.52      35.44    -102.73           10
      1010666  8.685216e+13     239.30     339.75     415.46     236.74     332.87     415.08    -109.51    -426.47     -21.75           21
      1089333  4.135817e+13     258.98     244.53     208.98     257.16     246.67     209.46    -107.82     110.84      30.51           10
       746981  4.135817e+13     178.91     292.97     396.09     179.68     290.96     396.98      30.75    -114.12      55.16           10
       911433  4.549399e+13     217.51     313.03     289.60     220.43     309.84     291.65     157.78    -234.78     105.69           11
      1215573  1.199387e+14     287.78      92.34     332.91     289.89      87.24     335.83     138.24    -309.88     214.55           29
      1579829  5.790144e+13     376.40     212.89     209.82     376.88     216.96     210.91      43.12     242.64      90.05           14
       713994  5.790144e+13     169.64     291.02      40.74     169.74     289.86      42.02      22.40     -75.03      94.20           14
       787393  6.203725e+13     188.67      27.99     259.77     187.67      33.26     250.79     -47.17     394.75    -587.41           15
       135902  5.790144e+13      34.88     149.00     369.70      46.93     153.61     376.06     746.81     274.30     390.30           14
       473598  2.067908e+14     114.45     450.78     493.28     116.67     452.38     495.23     123.35      61.70     153.68           50
       678254  5.790144e+13     160.16     199.50     434.15     154.44     196.98     435.35    -371.87    -134.22      76.08           14
      1283241  5.790144e+13     305.25     161.83     162.11     308.99     162.01     158.74     238.31      11.50    -173.16           14
      1605577  4.135817e+13     381.25     496.88     288.67     382.81       1.30     285.99     124.59     316.34    -161.17           10
      1208399  4.549399e+13     285.69     375.18     311.97     284.66     370.31     309.50     -70.48    -275.15    -124.22           11
      1799408  5.376562e+13     425.63     410.01     440.96     424.70     406.40     443.86     -38.31    -214.96     171.69           13
        81555  9.098798e+13      19.71     492.19      75.11      23.28     495.14      70.09     235.98     155.65    -334.90           22
      1707836  6.203725e+13     408.20     120.70     238.67     412.73     115.50     230.97     271.18    -369.85    -449.75           15
       363039  9.098798e+13      82.92      78.48     126.42      86.01      80.83     126.78     207.01     187.26      28.94           22
      1099533  1.240745e+14     263.41      56.90      50.52     262.70      60.07      50.58     -37.78     168.95       2.19           30
      1330238  4.549399e+13     318.36      96.06     244.14     315.45      86.54     238.04    -224.51    -549.51    -415.37           11
      1662893  4.549399e+13     395.06     245.21     178.80     394.76     245.57     174.13     -63.11      41.66    -347.94           11
      1874787  6.617307e+13     446.78     211.43     387.70     441.65     210.35     386.35    -307.01     -60.03     -65.47           16
       577302  1.654327e+14     136.04     119.82      85.06     132.93     121.43      85.01    -177.26      96.29     -24.09           40
      1863124  5.790144e+13     448.10     357.42     332.03     444.23     363.28     318.29    -219.41     378.40    -905.96           14
      1570669  7.444470e+13     370.88     430.56     428.60     373.15     428.55     426.41     149.30    -145.01    -140.07           18
      1175818  6.203725e+13     280.60     388.15      39.19     276.50     386.25      42.45    -221.82    -139.41     179.95           15
       750128  4.549399e+13     177.02     393.64     190.87     174.16     399.87     191.92    -199.31     392.23     112.01           11
      1328012  9.512379e+13     322.10      30.49      48.83     318.32      36.68      52.26    -223.94     363.37     218.89           23
       725314  6.617307e+13     175.78     132.57     260.50     169.70     122.65     260.25    -443.28    -669.64      -8.22           16
       400601  7.444470e+13      95.92     222.01     352.65      98.19     221.07     357.10     135.69     -63.65     298.46           18
      1504618  5.376562e+13     359.83     415.41     414.21     367.13     414.25     414.96     520.57    -105.25      50.65           13
       848776  5.790144e+13     200.89     402.90      32.92     197.71     409.53      37.44    -229.11     412.15     290.23           14
       444696  2.522848e+14     110.56      76.62      91.86     108.97      81.56      96.99     -88.80     322.76     330.29           61
       465756  7.444470e+13     110.68     210.72     362.20     105.79     210.95     362.24    -340.37      10.15      -2.91           18
       988931  5.376562e+13     233.62     178.94      15.17     237.84     172.97      17.63     281.18    -374.39     147.53           13
        39807  1.075312e+14      10.67     214.39     496.84       6.29     212.16       5.36    -261.06    -172.87     546.05           26
       180383  7.858052e+13      45.13       8.94     120.79      52.24      13.16     120.20     435.50     280.42     -44.43           19
      2059415  4.549399e+13     490.23     351.74      91.44     493.57     354.06      98.42     227.60     148.95     439.87           11
      2076366  9.098798e+13     494.32     364.52     307.17     493.58     363.51     300.28     -33.05     -89.51    -444.32           22
      1530086  6.617307e+13     364.01     190.92     402.10     364.04     185.18     405.58       9.42    -346.86     198.55           16
       699954  8.271634e+13     164.65     362.50     197.27     158.03     363.42     197.77    -386.68      27.07      39.57           20
      1607141  1.695685e+14     384.48      45.68     390.96     378.82      47.32     388.64    -329.17     110.28    -162.53           41
       554288  4.549399e+13     130.86     416.73     190.87     128.97     425.11     184.23     -97.06     514.04    -396.21           11
       909243  9.925961e+13     218.10     244.47     237.63     218.38     242.94     238.10       2.96     -83.17      21.42           24
      1267553  8.685216e+13     303.66     180.15     382.72     301.84     179.77     386.23    -135.10      -8.48     219.34           21
      1744566  4.962980e+13     416.02     239.26     210.61     415.34     237.92     211.25     -78.62     -89.76      61.88           12
       791460  6.617307e+13     189.45     157.23     140.14     189.07     151.53     142.31       2.05    -325.34     141.00           16
       367763  1.282103e+14      85.24     225.87      75.92      88.44     225.27      77.90     174.30     -15.50     150.77           31
      1337036  4.135817e+13     319.53     303.52     298.05     316.76     306.55     289.59    -142.19     175.18    -490.15           10
       880843  9.925961e+13     211.26     379.56     294.27     205.87     376.91     292.59    -434.96    -189.31    -119.51           24
      1400834  6.203725e+13     337.37     250.39      10.29     335.04     243.58      11.12    -128.03    -394.37      44.79           15
      1609691  4.962980e+13     382.81     125.00     361.33     374.22     122.77     367.90    -527.24     -92.02     403.00           12
      1653284  4.962980e+13     392.25     453.45     143.23     389.93     447.35     142.24    -132.63    -368.77     -96.93           12
       907784  6.203725e+13     212.63     205.86      36.85     215.30     203.75      37.37     146.83    -126.34      22.80           15
       508751  1.943834e+14     118.81      22.81     311.21     119.07      24.81     308.34       3.62     146.64    -163.18           47
      1587869  7.444470e+13     378.04     457.90     114.15     375.65     452.34     119.81    -149.21    -359.58     364.77           18
       652695  8.685216e+13     151.88     415.64      91.80     147.52     412.71      91.57    -260.97    -185.39     -10.20           21
       393669  1.116671e+14      93.68      13.24     269.60      97.56      14.44     258.84     217.24      21.81    -662.99           27
      1067629  8.685216e+13     252.51      77.47     427.92     249.62      72.81     432.25    -222.15    -291.86     259.86           21
      1419910  5.790144e+13     336.22     334.26      28.18     346.88     335.98      32.37     627.64      90.59     255.94           14
       382195  4.135817e+13      91.02     163.67     449.22      99.35     162.70     449.81     516.11     -93.04      67.94           10
       937430  6.617307e+13     224.61     106.20     337.16     219.93     104.94     334.15    -357.83     -55.08    -211.74           16
      1197998  7.858052e+13     289.58      60.75     180.82     290.31      62.46     175.56      78.60     182.45    -331.17           19
      1561271  6.203725e+13     370.44     149.61     216.54     371.44     149.68     212.72      68.68      -6.03    -209.01           15
      1966741  6.203725e+13     473.83      20.44      85.29     473.05      26.78      81.13     -40.02     451.80    -330.68           15
       827114  4.962980e+13     195.96     239.91     414.39     195.54     239.78     415.62      33.11     -32.40      50.94           12
       886773  8.685216e+13     212.52      59.62     461.96     211.28      58.50     465.11    -120.05     -91.31     198.31           21
      1466426  7.030889e+13     350.07     251.72     226.91     358.69     251.42     225.39     562.99     -19.75    -107.64           17
       891310  4.549399e+13     209.69     203.30     180.22     213.75     198.23     179.23     267.70    -395.95     -70.01           11
      1089779  4.135817e+13     258.20     255.86     449.22     251.40     251.46     449.38    -425.08    -304.55      15.68           10
      1696935  4.962980e+13     404.62     287.43     154.95     402.89     280.99     158.40     -88.68    -408.99     194.04           12
      1617376  1.075312e+14     380.26     361.33     375.30     385.12     358.82     375.60     265.00    -176.01      43.33           26
      1645581  6.617307e+13     395.75     223.63      54.44     397.22     220.45      56.71     111.95    -170.90     148.75           16
       993797  1.116671e+14     232.71     332.68      17.87     230.44     332.20      16.48    -151.03     -47.27     -87.53           27
       378933  4.962980e+13      92.77      64.13     207.68      91.01      60.42     206.19    -122.05    -226.92     -62.94           12
       905329  4.962980e+13     216.47     126.30     445.64     213.08     119.60     449.67    -224.74    -407.79     181.63           12
      1106890  4.135817e+13     265.23     281.25     293.75     260.46     284.24     288.54    -280.47     142.61    -319.99           10
        39688  4.135817e+13       7.42     214.84      36.33       0.99     209.04      37.54    -402.53    -403.07      73.32           10
      1733175  5.790144e+13     413.78     393.42     218.75     411.01     389.46     217.68    -160.61    -268.66     -60.46           14
      2089201  1.943834e+14     495.72     255.94     443.86     496.40     258.17     440.46      25.61     143.93    -244.30           47
       949657  8.685216e+13     224.24     485.58      99.42     229.88     488.77     100.94     363.70     222.39     125.65           21
      1529729  5.790144e+13     366.35     187.50       5.86     357.73     187.72       7.67    -537.20      24.80     112.07           14
       342815  1.240745e+14      79.04     465.62     118.88      84.39     467.77     120.14     331.56     112.80     115.84           30
       915143  9.925961e+13     215.66     427.57     281.74     220.65     424.47     284.99     297.91    -199.57     215.84           24
       804106  5.790144e+13     195.87      41.02      43.53     198.17      43.24      35.46     122.14     161.27    -513.94           14
       435158  4.549399e+13     101.03     276.46     338.25      97.37     275.79     338.69    -213.86     -21.41      27.78           11
      2024042  4.549399e+13     484.55     268.64     419.57     491.81     270.41     424.75     484.98      91.23     294.47           11
      1886512  9.098798e+13     451.88      73.33     189.28     454.49      74.97     191.37     174.37     102.74     206.65           22
      1948149  5.376562e+13     463.19     449.67     461.09     461.32     447.10     463.38     -90.38    -192.37     101.48           13
       107101  4.135817e+13      22.66     265.62     364.84      29.89     266.91     366.01     438.88      80.11      65.37           10
       683092  1.695685e+14     159.16     343.80     323.98     163.82     345.81     326.43     291.56     131.89     158.70           41
       832608  8.271634e+13     189.84     408.59     377.93     189.39     408.29     371.41     -26.80      19.98    -475.10           20
      1266952  4.549399e+13     301.31     164.95      30.01     296.02     156.80      27.05    -360.25    -508.25    -157.18           11
      1209031  5.790144e+13     286.27     395.93     277.62     288.59     391.82     271.82     155.70    -274.97    -346.64           14
      1849743  5.790144e+13     441.41     454.24      58.59     443.62     458.19      57.07     154.88     235.92     -87.73           14
       509889  1.116671e+14     118.42      62.28     259.19     120.83      64.12     254.04     157.59     128.19    -322.74           27
       378415  9.925961e+13      90.98      50.94     183.11      89.65      47.71     180.03     -94.25    -203.83    -193.05           24
       619786  4.135817e+13     146.48     414.45      42.97     144.86     417.71      44.50    -116.28     228.92     104.62           10
       978291  8.271634e+13     236.33     350.98     450.00     228.30     344.63     446.82    -551.22    -436.86    -237.13           20
       154817  4.962980e+13      34.83     224.93     254.88      40.65     228.30     248.57     311.93     219.01    -398.70           12
      1722767  4.549399e+13     413.88      75.82      62.68     413.44      78.07      60.68     -82.51     127.41    -139.92           11
      2082367  4.962980e+13     496.74      49.80     249.02     495.71      49.37     239.00     -65.23      24.27    -710.85           12
       254694  1.033954e+14      58.98     270.70     400.08      63.10     265.44     392.57     289.98    -290.74    -490.75           25
       480184  5.376562e+13     116.74     153.09     221.00     114.45     151.34     221.16    -114.12    -121.96      12.29           13
      1825945  1.364820e+14     439.10     223.66      94.99     438.33     223.45      93.08     -39.33      28.58    -106.29           33
      1258670  4.135817e+13     302.34     412.89     182.81     304.76     406.69     182.89     112.28    -458.61     -31.18           10
      1704376  1.447536e+14     412.11      13.90     221.48     415.42      14.37     219.58     227.63      -9.92     -76.38           35
       463133  4.549399e+13     110.26     134.06     116.30     113.90     137.63     106.82     299.86     306.84    -651.86           11
      1787218  7.030889e+13     426.13      39.64     321.81     426.10      39.83     311.99       8.64      -3.26    -657.13           17
      1723804  6.203725e+13     411.07     108.46     111.33     411.68     108.01     112.43      22.57     -42.08      52.12           15
      2013114  6.203725e+13     482.94     434.24     224.35     478.37     435.66     225.89    -318.97     141.79     104.57           15
      1083049  4.962980e+13     260.74      54.36     162.11     262.37      51.85     154.73     103.89    -155.61    -491.77           12
       773151  5.376562e+13     184.04      94.20     125.15     181.80      96.69     121.25    -160.42     170.22    -247.32           13
       507362  7.030889e+13     118.45     482.42     384.54     129.95     479.64     385.62     706.89    -173.80      70.42           17
      1666332  4.549399e+13     396.13     351.38     113.10     393.66     356.03     116.85    -133.79     303.57     228.53           11
       197690  1.447536e+14      51.28      35.21     226.06      52.34      36.91     218.00      89.31      83.91    -531.55           35
       691604  7.030889e+13     162.57     109.95      80.31     153.81     110.46      84.03    -570.23      17.96     251.60           17
        62223  5.376562e+13      13.67     398.89      59.04      14.59     400.17      64.93      53.42      53.98     348.55           13
       825536  6.203725e+13     198.05     192.84     253.78     196.06     194.27     252.48    -106.29      76.46     -50.77           15
      1162131  4.135817e+13     275.00     466.41      78.52     270.60     469.90      82.49    -251.48     230.74     229.29           10
      1118795  4.962980e+13     266.93     144.21     295.25     262.83     139.04     301.06    -236.99    -369.43     357.30           12
       247886  7.030889e+13      59.63      60.78     306.41      63.68      64.71     300.50     242.47     226.75    -346.10           17
       813565  4.549399e+13     194.78     327.24     487.75     195.04     324.70     481.59      25.86    -155.65    -375.39           11
      1951252  6.617307e+13     465.33      49.07      82.03     471.58      45.18      80.64     398.74    -295.52     -90.01           16
      1066322  1.902476e+14     254.08      42.03     324.64     258.73      46.17     325.68     303.60     261.22      67.05           46
       497830  9.098798e+13     121.63     190.16     150.21     121.60     182.32     141.65      -3.81    -418.63    -521.20           22
      1999812  4.135817e+13     480.08      30.47     269.53     482.86      32.78     262.26     222.04     140.89    -425.35           10
       703453  7.030889e+13     164.41     464.27     365.00     162.86     462.10     366.94    -108.54    -171.95     111.07           17
      1740327  4.135817e+13     414.45     109.38     153.52     418.93     109.26     153.07     283.38      21.99     -23.33           10
      1007984  9.098798e+13     237.39     259.77     439.99     232.98     259.80     444.33    -288.74      27.04     317.06           22
         6323  6.203725e+13       5.08     193.62     200.65       7.92     191.32     197.21     227.31    -125.02    -187.93           15
      1764087  6.203725e+13     422.27     330.60     466.80     420.77     329.29     467.81     -99.90     -70.26      73.30           15
       611546  9.512379e+13     147.67     161.60     353.52     147.09     160.60     361.44     -38.97     -98.44     509.13           23
       480454  4.135817e+13     116.41     160.94     273.83     116.22     160.77     270.44       0.34      16.67    -219.17           10
      1004615  4.962980e+13     241.86     156.58     281.58     240.45     157.43     288.09     -96.79      35.62     380.82           12
      1463736  1.075312e+14     348.86     166.77     222.66     350.25     163.34     218.81      65.47    -230.97    -213.88           26
      1217566  4.549399e+13     288.88     156.43     118.79     295.43     152.86     114.19     421.07    -174.69    -283.31           11
       893691  4.135817e+13     214.84     269.92     481.64     215.58     266.61     476.23      38.80    -193.48    -314.59           10
       782879  1.075312e+14     182.24     395.73     120.94     179.34     397.27     117.36    -172.47     102.53    -221.24           26
      1893711  7.030889e+13     449.56     292.85     310.09     445.85     297.00     304.85    -256.79     224.21    -320.53           17
      1613847  4.549399e+13     386.54     250.18      90.73     393.69     241.65      91.86     464.17    -549.49      65.69           11
       578462  1.530252e+14     137.83     155.25     118.82     132.03     153.06     112.27    -370.21     -97.06    -444.74           37
      2049349  4.962980e+13     489.58      43.29     272.46     488.42      40.94     265.24     -49.24    -152.67    -408.98           12
      1423996  5.790144e+13     335.38     453.12     486.89     332.77     455.09     486.88    -172.11     124.69      11.95           14
       555751  2.316057e+14     129.88     463.31     400.60     141.82     467.60     402.28     778.91     287.52     105.53           56
      2077721  8.271634e+13     491.60     407.62     102.93     484.91     405.37     106.30    -416.22    -131.09     219.21           20
      1078137  1.158029e+14     255.30     401.23     471.26     250.99     406.46     467.35    -267.00     337.07    -269.23           28
       883660  7.444470e+13     207.68     466.58     296.44     212.63     464.57     295.96     312.22    -138.54     -28.72           18
       201440  4.549399e+13      47.41     145.77     375.53      53.20     150.34     376.77     320.76     297.77      46.47           11
       540726  5.376562e+13     131.16       2.25     213.19     128.33       3.70     209.58    -171.19      62.05    -248.01           13
      1170720  4.135817e+13     279.69     230.86     125.39     275.41     228.46     124.23    -259.08    -139.63     -56.95           10
       728466  7.030889e+13     173.37     232.88      70.89     175.46     235.78      69.57     147.70     220.50    -113.56           17
        64486  7.030889e+13      15.74     465.65     398.55      10.75     462.43     402.06    -325.86    -220.80     241.07           17
      1749690  4.549399e+13     416.73     397.90     229.23     413.60     394.18     223.33    -202.53    -237.53    -387.47           11
       847564  7.858052e+13     200.97     365.65     299.24     202.50     367.91     299.68     116.41     170.03       2.55           19
      2044738  4.135817e+13     487.50     402.73     262.89     479.99     398.37     264.43    -524.31    -292.82     138.26           10
      1143204  1.406178e+14     272.29     388.56     143.38     279.56     385.25     144.19     454.46    -286.17      48.41           34
      1609864  7.858052e+13     387.03     134.35      34.85     389.82     133.18      37.59     186.91     -82.79     186.87           19
       427172  4.135817e+13     101.56      37.89     144.53     100.44      39.35     147.41     -34.16      79.21     186.08           10
       639682  4.962980e+13     154.62      21.81     256.18     154.23      28.64     248.30     -41.96     456.66    -507.01           12
      1670807  7.858052e+13     396.69     488.80      91.80     399.40     484.06      88.09     188.29    -304.03    -259.79           19
       759505  1.488894e+14     175.89     176.65     318.03     175.54     178.83     319.15     -50.13     140.95      85.01           36
      1780320  4.549399e+13     420.63     331.50     380.15     414.77     335.55     376.04    -340.77     250.19    -269.35           11
       527543  4.962980e+13     127.28      99.93     216.15     125.81      91.15     216.91     -98.34    -505.73      32.75           12
      1641476  9.512379e+13     389.86      93.67      14.01     396.81      96.17      11.77     495.21     187.55    -211.03           23
      1129077  6.203725e+13     265.76     455.08     458.46     262.72     456.59     455.51    -160.72     109.35    -158.90           15
      1547086  7.858052e+13     371.40     211.66     303.15     365.36     217.76     301.21    -371.39     346.62    -131.46           19
       449999  5.376562e+13     108.92     236.33     310.55     107.73     235.57     317.27     -98.21     -60.57     499.55           13
      1291688  4.962980e+13     307.62     419.92     156.25     310.00     416.90     165.47     166.54    -208.53     579.96           12
       556720  8.685216e+13     131.05     492.84     190.38     130.10     495.48     194.42     -26.58     157.36     257.62           21
      2088155  9.925961e+13     498.05     227.05     356.28       1.46     224.19     355.59     175.33    -192.85     -57.14           24
      1388298  4.962980e+13     328.45     369.47      41.02     334.89     371.30      46.72     395.13     116.66     327.80           12
       156840  5.376562e+13      37.71     287.41     158.80      34.04     290.74     158.52    -210.91     236.55      -6.95           13
       667454  5.790144e+13     155.13     371.37     242.75     154.51     374.89     249.10     -39.52     232.49     409.77           14
      1907887  5.376562e+13     455.68     222.81     187.35     457.39     223.21     185.12     133.47      24.36    -143.16           13
      1114041  1.406178e+14     266.20     494.94     224.49     261.92     488.16     225.77    -270.14    -489.14     111.31           34
      1984117  6.203725e+13     476.69      52.21     456.38     473.45      57.61     466.86    -172.53     364.04     679.37           15
       299897  1.075312e+14      72.12     156.55     471.30      78.12     154.75     468.84     320.61    -102.94    -136.51           26
      1777299  4.549399e+13     424.54     240.23      77.24     426.22     239.10      78.07     102.17     -65.99      35.84           11
      1806093  1.116671e+14     433.81     121.17      51.58     435.82     120.15      49.89     131.92    -105.06    -110.37           27
      1213477  4.962980e+13     292.97      31.90     147.14     292.66      37.71     144.88       1.36     441.58    -116.65           12
       338919  7.444470e+13      84.20     340.49     408.20      84.61     342.37     408.45      33.91     113.46      24.44           18
        20126  5.790144e+13       4.46     115.23     119.42       6.31     116.99     119.13     123.55     110.38      13.39           14
      1647325  5.790144e+13     396.21     271.76     364.40     396.09     271.80     367.52     -18.84      -9.69     182.38           14
      1708900  5.376562e+13     408.50     148.59     394.08     402.22     142.95     402.38    -358.84    -384.42     548.19           13
      1803745  4.549399e+13     433.42      43.86     380.86     427.35      42.59     381.97    -383.70     -48.05      66.20           11
      1000458  4.135817e+13     239.45      31.64      43.75     239.04      41.74      43.64     -17.28     727.68     -14.08           10
       138587  4.549399e+13      30.36     229.58     355.65      37.18     233.06     360.73     423.47     215.85     305.15           11
      1606196  5.376562e+13     385.67      18.48     208.98     390.66      19.48     208.71     319.91      44.16      15.79           13
      1268267  7.444470e+13     301.22     205.30     169.49     302.85     204.82     164.95      89.38      -0.34    -289.07           18
       991604  5.376562e+13     234.83     259.77     455.08     231.97     256.35     450.90    -182.95    -209.16    -283.78           13
       779277  9.512379e+13     184.87     284.39      51.38     183.50     281.42      49.23     -72.88    -162.96    -144.60           23
      1839904  5.790144e+13     439.73     150.39     129.46     439.60     152.41     129.32     -29.10     146.31      -4.67           14
      1355651  7.858052e+13     321.85     371.61      14.70     328.09     371.54      18.40     380.70     -65.61     206.36           19
        29621  4.549399e+13       8.35     404.30     208.98       3.49     404.78     202.49    -309.01      12.17    -438.58           11
       735438  1.447536e+14     173.83     443.25     310.55     177.39     439.78     315.59     237.09    -210.94     297.83           35
      1051849  7.858052e+13     250.51      99.20     287.93     249.78      97.91     296.35     -59.11     -61.02     564.11           19
      1537388  5.376562e+13     364.93     414.81     421.72     369.36     416.04     418.61     293.81      64.81    -212.90           13
       716828  7.858052e+13     167.87     377.78     114.41     162.36     378.78     110.59    -352.99      29.36    -226.19           19
      1721489  4.962980e+13     414.39      38.74      68.68     419.82      36.26      66.99     356.38    -215.77     -66.06           12
       381024  2.150625e+14      85.64     126.13     377.63      88.37     125.39     379.21     136.38     -87.17     114.35           52
       368112  6.617307e+13      92.77     234.38     437.26      97.49     231.25     434.50     296.59    -178.45    -154.38           16
       211952  4.962980e+13      47.20     466.15     440.43      49.44     468.42     449.30     127.40     175.73     495.61           12
       748351  5.376562e+13     177.43     339.69     248.65     180.53     341.86     255.59     227.48     135.39     390.31           13
       789190  2.026550e+14     184.03      83.67     276.91     186.41      85.44     276.03     161.30     145.37     -29.05           49
       824921  5.790144e+13     197.82     172.15     346.82     197.83     169.08     348.17      20.80    -194.90      76.35           14
      1058766  4.549399e+13     250.18     308.06     309.48     252.93     307.46     307.10     199.74     -63.08    -117.96           11
       191608  1.612969e+14      39.51     347.11     468.70      36.52     345.80     469.25    -194.97     -77.26      30.42           39
      2054161  7.444470e+13     489.80     189.24      69.66     491.21     186.49      67.03     114.15    -133.33    -190.14           18
      1065191  2.274699e+14     254.72       0.39     406.29     250.44       1.46     409.68    -297.56      39.48     219.03           55
      1133808  8.685216e+13     275.02      97.01     436.66     274.68      99.89     443.07       2.18     253.55     380.45           21
      1072883  4.549399e+13     256.57     242.37     449.04     248.92     244.73     449.36    -513.80     186.15      72.30           11
      1110925  5.376562e+13     263.07     403.40      52.43     257.27     399.25      58.49    -375.04    -343.47     389.92           13
      1716871  7.444470e+13     406.47     396.27      31.47     405.01     395.80      32.25     -78.09     -31.70      14.78           18
      1620198  9.512379e+13     386.63     441.83     401.07     385.12     440.58     399.27     -95.49     -73.53    -172.70           23
      1181853  4.549399e+13     287.11      68.71     116.65     285.24      65.95     109.97    -122.07    -184.87    -470.61           11
       640698  4.549399e+13     156.78      50.60     230.29     157.81      48.89     230.60      59.59    -101.37      36.24           11
       375713  8.685216e+13      84.91     461.22     133.28      86.97     466.05     129.73     101.38     303.99    -243.35           21
      1016043  8.271634e+13     247.66       6.45     422.66     243.95       7.84     421.06    -241.62      39.36    -126.72           20
      2047547  7.030889e+13     486.79     485.41     234.49     483.95     489.05     232.08    -202.84     256.22    -135.46           17
      1074895  4.962980e+13     258.46     300.78     309.57     256.49     306.90     306.51    -114.94     418.83    -148.59           12
      1108567  7.030889e+13     263.67     330.08     343.64     258.58     337.33     341.07    -313.28     498.29    -169.33           17
       585652  5.376562e+13     135.67     374.25     207.18     134.54     369.43     205.04     -39.76    -365.85    -139.11           13
      1920531  6.617307e+13     459.47     110.35      73.00     460.10     109.22      68.60      41.32     -90.88    -251.69           16
       651595  7.858052e+13     155.94     382.92     294.31     157.23     383.12     297.43      72.10       0.98     209.25           19
       147676  4.135817e+13      38.67       6.64     359.38      42.96       5.47     361.59     233.99     -58.85     153.37           10
       212410  4.549399e+13      47.41     483.49     231.00      48.42     485.82     222.30      79.18     142.38    -531.38           11
      1225039  4.549399e+13     287.11     386.54     311.61     285.95     378.89     308.83     -97.38    -480.72    -136.48           11
      1606536  4.962980e+13     383.46      29.30      35.81     378.59      28.59      34.81    -301.21     -66.48     -93.67           12
      1575758  5.376562e+13     374.85      88.49     303.64     374.90      82.61     313.13      16.16    -373.07     607.08           13
      1999038  2.150625e+14     479.27       1.35     245.34     480.35       3.52     242.95      84.23     130.09    -131.00           52
      1300969  7.858052e+13     309.93     203.23     415.40     309.16     203.54     413.36     -25.02      97.42    -142.87           19
      1553389  4.135817e+13     367.58     403.12     428.91     371.88     410.30     421.43     287.89     506.41    -486.50           10
       762424  9.098798e+13     179.69     267.40     225.14     183.43     263.47     230.27     265.53    -238.32     316.37           22
      1297073  4.549399e+13     309.84      87.54     194.78     311.28      81.65     187.80      81.36    -339.16    -453.63           11
      1660060  7.858052e+13     401.01     166.63     108.24     406.83     168.58     102.59     381.04     145.88    -375.61           19
      1639149  4.962980e+13     393.23      21.48     427.08     386.58      21.87     429.21    -411.40      42.79     162.85           12
       414282  4.135817e+13      99.22     142.97     289.84      98.44     141.10     287.54     -41.53    -137.04    -171.41           10
      2080275  4.135817e+13     491.80     486.72      73.05     489.79     491.44      73.22    -125.16     283.14      19.51           10
        26066  4.135817e+13       4.30     294.92     322.66      12.91     296.21     316.31     570.65      73.95    -431.65           10
      1636642  1.861118e+14     387.02     443.71     133.81     386.26     438.92     134.86     -36.10    -299.38      58.37           45
       442330  1.323461e+14     102.29     494.02     357.67     108.31     490.96     359.02     344.83    -175.64      90.96           32
      1062134  9.925961e+13     250.49     412.60     465.33     244.78     414.77     461.69    -334.29     134.17    -218.53           24
       425356  1.447536e+14      97.38     481.98      44.36      98.50     480.22      47.76      57.34     -94.32     224.43           35
      1296009  5.790144e+13     310.83      52.18      37.95     302.23      57.31      42.54    -568.83     341.54     306.61           14
      1922080  1.033954e+14     458.98     158.52     128.20     456.75     159.16     127.09    -130.28      58.45     -54.21           25
       951544  9.512379e+13     227.67      35.58     473.25     225.97      39.78     470.22     -80.54     261.05    -189.52           23
       859491  1.447536e+14     204.41     229.07     385.88     199.84     230.00     385.11    -288.49      40.73     -47.96           35
      1590466  4.135817e+13     383.98      37.50     258.59     389.94      41.63     251.74     358.27     238.06    -413.80           10
      1630980  1.158029e+14     385.74     275.95      17.30     386.03     274.95      18.47       7.08     -30.64      83.65           28
       968640  4.549399e+13     231.71      57.00     250.18     228.51      53.63     254.06    -199.16    -175.74     235.00           11
       825184  4.135817e+13     194.92     181.64     375.39     191.44     178.22     375.42    -203.44    -196.87      21.25           10
      2027764  4.549399e+13     480.29     378.37     455.08     483.01     382.49     459.32     173.72     270.76     258.03           11
      1886217  1.488894e+14     449.76      64.24      39.61     449.78      67.00      45.98     -11.27     180.85     375.99           36
      2004144  1.116671e+14     476.78     163.99     191.04     477.28     164.44     191.67      28.12      21.34      21.59           27
       523928  4.962980e+13     123.37     488.28      98.96     120.93     487.19      97.83    -177.75     -92.16     -76.88           12
       869689  5.376562e+13     211.09      42.82     224.61     205.56      40.92     222.27    -383.65     -96.36    -155.53           13
       538264  1.571610e+14     127.57     424.96      93.44     125.35     424.61      94.81    -121.73     -64.64      95.65           38
      2033827  6.617307e+13     485.35      68.85     138.67     484.24      67.57     141.06     -73.50     -88.96     177.07           16
       791504  1.323461e+14     194.95     159.55     312.74     196.49     159.82     313.15      93.70      20.13      18.07           32
       304603  1.364820e+14      72.27     300.84     359.20      69.38     297.32     355.12    -196.65    -230.80    -275.81           33
       745293  4.962980e+13     178.06     245.12     303.06     176.28     244.15     303.10    -139.66     -40.07      10.60           12
        91984  4.135817e+13      18.36     304.30     312.50      23.85     301.90     313.86     355.98    -245.74     138.67           10
      1854713  6.617307e+13     443.36      99.61     474.85     436.47     101.08     484.00    -419.02      82.05     553.38           16
        37320  5.376562e+13       9.77     141.98     279.60      12.74     138.62     268.81     160.23    -171.79    -611.97           13
      1696708  4.135817e+13     403.91     279.69     267.58     407.64     285.33     266.78     256.65     357.00     -22.41           10
        76610  1.488894e+14      17.36     338.22     259.77       9.09     341.45     260.62    -538.35     197.14      41.98           36
      1848438  1.199387e+14     441.07     408.61     463.43     439.94     407.94     462.82     -64.31     -30.29     -41.19           29
       790655  4.135817e+13     189.45     126.56     498.44     190.33     117.47     497.61      69.30    -631.14     -30.35           10
      1791472  4.135817e+13     429.69     169.53     440.23     425.33     168.02     440.13    -283.39     -76.29     -36.21           10
      1130507  6.617307e+13     269.78     499.51      44.43     264.68       3.13      48.40    -299.62     207.60     244.39           16
       984422  7.444470e+13     235.46      43.40     403.65     242.27      41.81     409.30     411.42     -99.04     332.40           18
      1194176  5.376562e+13     283.20     442.76     252.25     280.06     443.59     246.34    -181.79     105.62    -390.19           13
      1124201  6.203725e+13     264.71     306.12     412.89     257.49     307.73     413.16    -432.24     102.55      21.04           15
      2047028  1.158029e+14     484.10     470.01     207.73     481.89     472.40     207.80    -152.61     153.30      -8.50           28
       628718  8.271634e+13     148.83     185.94     430.47     148.26     183.77     430.17     -17.40    -150.13     -62.45           20
        12382  5.790144e+13       1.12     376.95     368.58     497.25     377.45     363.11    -286.20      48.78    -370.41           14
       334321  6.617307e+13      84.47     201.90     446.29      93.42     198.83     442.90     562.41    -230.03    -159.15           16
       414278  9.512379e+13      99.78     138.84     281.84     100.36     139.44     282.91      23.74      59.80      79.25           23
      1559120  1.033954e+14     374.45      74.61     315.70     373.69      75.08     322.49     -34.28      59.97     417.34           25
      1942483  1.033954e+14     466.33     280.55     330.23     464.23     287.32     325.90    -138.05     417.62    -247.36           25
       534962  1.116671e+14     128.83     324.29     191.91     127.71     328.39     191.36     -22.09     292.02     -21.73           27
       668255  4.549399e+13     158.56     394.35     373.40     163.70     396.03     366.27     335.35     110.53    -482.07           11
      1197987  4.135817e+13     286.72      57.42     138.28     288.08      52.34     140.49     177.62    -342.05     178.85           10
      1926271  9.925961e+13     459.80     285.16     497.40     457.50     282.25     497.39    -135.63    -174.10      -0.20           24
      1365448  1.406178e+14     328.93     168.08     283.09     326.56     171.44     287.02    -104.95     225.78     234.85           34
       749640  4.962980e+13     179.69     377.28     284.83     184.21     375.78     285.30     258.29    -132.23      29.73           12
      1210827  4.549399e+13     287.46     452.95     292.79     285.02     453.51     287.50    -133.09      16.26    -280.84           11
      1007501  4.962980e+13     242.19     247.72      52.41     238.72     248.37      51.57    -237.49      52.97     -58.22           12
       421382  6.617307e+13     100.10     360.11      26.12     102.99     363.89      29.13     190.44     277.92     168.12           16
      1531335  4.135817e+13     365.62     232.03     280.47     365.61     234.35     279.00      -9.28     136.52     -83.18           10
       904314  1.406178e+14     212.78      92.49     477.48     211.41      90.99     474.32    -104.45     -95.02    -225.15           34
       920312  1.819760e+14     218.75      81.50     469.19     214.96      81.81     470.89    -264.79      39.46     127.09           44
      1749782  5.790144e+13     416.02     400.95      86.22     411.38     400.40      84.20    -312.71     -34.79    -160.15           14
       185942  4.549399e+13      46.70     171.70     338.25      55.02     174.24     336.55     465.76     143.80     -97.61           11
       155652  1.033954e+14      38.05     247.58      16.02      33.87     244.64      18.96    -308.09    -205.14     196.05           25
       290548  6.203725e+13      68.62     362.89     451.43      62.56     361.81     454.72    -385.24     -24.24     196.38           15
      1736574  7.858052e+13     412.73     493.73     492.50     411.84     498.31     495.29     -33.17     294.96     172.00           19
      1886651  6.617307e+13     450.68      75.20     234.86     459.55      73.73     232.42     623.73     -81.75     -92.59           16
       511203  4.549399e+13     120.92     100.67     387.96     123.99     103.43     394.32     178.24     168.33     407.04           11
       565719  4.135817e+13     136.33     261.72     337.89     129.28     258.05     339.21    -439.05    -194.66     108.84           10
       999706  4.549399e+13     240.23       8.35     106.00     241.97       3.42     102.42      79.18    -362.97    -232.35           11
         6129  4.962980e+13       2.93     182.62     441.41       2.02     183.56     447.00     -94.65      77.79     360.76           12
        32518  5.790144e+13       8.37     493.02      29.30      12.26     495.11      32.05     280.22     112.68     171.04           14
      1187389  9.925961e+13     281.90     236.82     240.56     282.56     242.27     243.45      67.07     346.05     178.18           24
      1398116  4.962980e+13     334.96     163.41     392.90     340.02     159.26     397.85     346.97    -259.00     334.41           12
        15343  7.030889e+13       1.95     468.18     435.09       3.34     466.56     435.46      99.05     -84.59      -0.61           17
      1629159  1.116671e+14     383.75     214.63     403.72     384.08     212.12     404.36      65.30    -117.99       4.22           27
       411224  4.962980e+13      99.28      47.53     344.08     100.77      48.45     345.81      77.66      63.76     120.03           12
       137478  6.203725e+13      33.46     200.39      24.09      23.90     202.32      26.70    -580.27     139.66     125.65           15
      2079062  6.203725e+13     494.40     447.53     337.89     493.41     443.69     332.75     -27.31    -225.89    -314.21           15
       510248  8.685216e+13     125.28      71.34     157.09     123.23      68.73     155.49    -126.53    -158.29     -97.99           21
      1633233  1.199387e+14     385.57     340.85     322.94     391.50     346.77     320.02     351.96     350.76    -173.28           29
       277654  4.135817e+13      63.67     475.78      86.72      67.25     478.32      87.63     217.79     127.47      68.32           10
      1185640  5.790144e+13     283.76     179.97     409.04     285.73     184.79     406.35     109.91     341.41    -183.33           14
      1941946  5.790144e+13     466.24     265.07     226.84     464.18     272.20     226.36    -115.89     420.85      43.37           14
      1435687  7.030889e+13     342.26     316.52     149.24     341.24     321.24     147.03     -61.57     284.68    -130.95           17
      1983680  1.282103e+14     472.85      40.89     246.53     476.82      44.24     242.85     290.89     235.14    -245.97           31
      1257677  5.790144e+13     297.71     378.07     304.13     297.17     374.09     299.84     -11.62    -240.41    -260.53           14
      1211118  4.962980e+13     286.78     460.94     430.34     280.16     461.79     422.36    -430.41      34.31    -515.79           12
      1040543  5.376562e+13     247.45     257.06     125.15     249.03     252.12     126.96      97.19    -315.78     112.88           13
       103705  4.962980e+13      21.81     164.71      98.63      23.68     165.15      99.20     120.06      46.21      31.42           12
      1932044  6.203725e+13     463.41     461.33      44.92     460.65     467.03      44.52    -210.70     379.90     -29.87           15
      1773786  6.617307e+13     422.61     128.91     353.76     408.25     128.10     358.01    -857.04     -59.40     223.08           16
      1713738  7.030889e+13     407.28     298.14     291.25     411.69     298.82     282.78     262.19      30.99    -537.54           17
       297287  5.376562e+13      69.26      71.36     282.00      70.72      70.10     274.58      90.80     -77.56    -468.83           13
      1537029  4.962980e+13     365.89     406.90      21.48     370.13     402.62      25.31     256.42    -232.89     220.88           12
       621283  1.737043e+14     144.16     457.96     385.23     147.52     461.11     387.97     179.85     191.24     170.73           42
      1050597  4.135817e+13     250.78      58.98     397.66     257.95      55.21     402.21     453.45    -251.83     282.75           10
       207729  2.109267e+14      49.29     341.11     437.54      45.74     340.18     435.94    -225.08     -57.59    -115.09           51
      1641183  7.858052e+13     389.91      83.98     372.43     378.11      86.62     368.92    -690.16     199.44    -225.71           19
       182418  4.135817e+13      43.36      66.02      74.22      45.47      66.33      81.69     170.97      34.23     430.58           10
      2003385  1.075312e+14     481.52     137.62     225.06     486.19     130.32     218.31     366.27    -446.99    -459.08           26
       482490  4.549399e+13     113.10     222.48     228.87     109.56     225.45     231.58    -203.00     220.84     131.28           11
       488188  7.858052e+13     117.70     393.19     486.74     120.63     401.50     488.88     165.37     539.23     115.80           19
      1557770  9.925961e+13     370.61      41.02      38.74     369.37      38.75      37.51     -67.39    -174.84     -76.73           24
       463110  7.858052e+13     111.53     134.56      26.62     115.40     132.76      37.74     188.88    -120.19     823.85           19
      1922229  5.790144e+13     457.59     162.11     211.22     461.27     157.62     205.20     237.64    -259.85    -365.37           14
       753757  6.617307e+13     180.91       0.73     367.43     177.21     498.42     369.57    -218.99    -156.59     102.78           16
       500755  4.135817e+13     119.53     278.12      74.61     119.19     281.41      69.90     -14.89     244.28    -400.90           10
      1603360  4.135817e+13     385.94     430.86     125.39     381.43     429.76     128.78    -281.58     -53.52     202.85           10
      1712532  4.549399e+13     406.78     260.83      82.56     408.79     255.36      84.32     130.54    -310.03     126.51           11
      1844590  6.617307e+13     440.43     291.99     432.62     442.50     293.08     434.57     173.64      79.64      78.11           16
       257337  4.962980e+13      61.20     353.19     221.68      55.02     356.03     222.77    -400.52     176.41      92.70           12
       963989  4.549399e+13     230.29     418.50      83.27     232.42     424.60      81.08     127.29     447.73     -98.45           11
       690769  1.571610e+14     165.71      83.68     317.85     170.17      81.27     318.13     303.13    -135.47      20.53           38
      1268359  1.075312e+14     303.64     210.19      28.25     304.05     205.61      28.36      15.94    -239.75      34.59           26
      1370306  9.925961e+13     323.24     316.08     255.21     323.35     320.17     254.82      39.06     251.22     -12.95           24
       109778  6.617307e+13      28.81     347.41     320.56      30.41     345.41     312.94      96.47    -128.52    -463.61           16
       242000  1.530252e+14      58.12     389.20     314.98      58.64     389.61     308.10      54.58      70.39    -448.08           37
      1390155  4.962980e+13     330.40     422.20     295.90     330.90     417.63     285.15      14.15    -289.80    -707.86           12
       637750  4.962980e+13     150.07     463.22     213.54     147.71     469.55     214.03    -123.62     386.29      47.23           12
       941600  1.654327e+14     221.39     235.06     126.37     225.23     234.78     124.12     239.22      38.28    -228.62           40
      1873520  5.376562e+13     446.66     173.53     439.15     440.87     172.21     442.71    -346.10     -55.61     202.50           13
      1134232  1.571610e+14     275.29     114.62      98.27     273.78     111.63      93.18     -85.29    -193.11    -285.39           38
      1352690  4.962980e+13     322.27     277.02     447.92     320.62     273.85     447.03    -100.35    -178.24     -31.62           12
       326488  7.858052e+13      78.43     463.51     347.55      91.48     463.00     346.46     820.09       1.88     -56.01           19
      1218352  5.376562e+13     290.72     182.54     189.15     290.13     182.75     187.13     -49.36      20.17    -116.31           13
       196243  4.135817e+13      46.09     489.06      78.52      48.78     494.67      80.25     163.33     377.56     106.62           10
       282485  7.030889e+13      67.90     119.37     457.61      79.13     121.89     458.53     692.51     165.98      45.39           17
      1503976  9.925961e+13     355.14     399.58     409.34     359.51     403.72     411.15     240.78     275.41     107.70           24
       497875  9.098798e+13     121.45     190.52     328.66     120.46     196.03     334.43     -63.10     347.25     340.87           22
       930924  4.962980e+13     220.70     409.83     423.50     220.01     411.45     425.91     -19.59      94.01     151.42           12
      1232974  4.135817e+13     296.88     126.56     307.03     293.21     122.85     311.50    -230.29    -228.88     251.58           10
      1644300  1.033954e+14     396.95     180.70      47.89     396.60     177.80      57.17     -14.17    -165.98     588.51           25
       192468  7.444470e+13      44.70     374.13     330.08      40.36     372.38     321.38    -288.78     -95.41    -549.35           18
      2031234  8.271634e+13     482.81     491.21      13.28     481.75     490.52      19.64     -71.72     -55.24     369.61           20
       797546  5.376562e+13     190.05     339.39     414.21     193.22     339.13     415.38     176.96      -7.31      89.78           13
      1181094  7.444470e+13     282.12      44.70     149.31     283.17      44.65     145.05      95.17     -11.46    -277.40           18
      1084960  6.203725e+13     255.60     114.45     125.91     257.56     108.87     117.91     142.82    -357.28    -529.91           15
      1563909  4.549399e+13     372.34     224.96      18.64     371.79     219.85      11.11     -39.49    -318.69    -545.92           11
        48726  4.549399e+13      10.83     485.62     339.67      10.04     490.58     335.93     -12.47     335.77    -209.42           11
      1199136  4.135817e+13     287.11      97.66     126.95     287.73      96.98     122.09      56.43     -19.76    -293.75           10
        46818  4.962980e+13       8.46     427.41     388.02       3.29     423.86     387.84    -287.98    -200.85     -47.64           12
      1152575  7.030889e+13     275.39     173.60     247.82     276.06     177.99     252.06      56.11     289.85     249.67           17
        28968  4.549399e+13       6.21     382.63     159.98       7.82     385.72     156.37     102.08     199.15    -226.59           11
      1762561  6.617307e+13     420.17     289.55       8.79     423.94     287.09       6.88     234.66    -175.99    -135.30           16
       786066  4.962980e+13     186.85     492.51      74.54     184.90     493.61      71.58    -156.05      78.30    -189.12           12
        17347  1.282103e+14       5.73      30.43     265.44       0.17      32.06     256.66    -366.02      65.30    -523.57           31
      1231111  7.858052e+13     297.80      74.32      27.65     291.82      81.72      30.26    -368.77     490.52     172.73           19
      1485707  7.444470e+13     352.43     342.88      42.10     355.70     347.11      45.08     211.96     326.08     172.56           18
      1516486  6.617307e+13     359.86     279.05     279.05     360.69     280.13     275.50      47.63      80.42    -195.44           16
      1639094  8.271634e+13     394.53      20.90     215.43     400.49      21.89     213.32     404.27      50.91    -104.30           20
      1883279  6.203725e+13     445.44     473.57      60.81     444.46     481.65      59.60     -78.75     553.51     -50.05           15
       274026  6.203725e+13      62.11     360.55     413.41      57.44     352.49     413.34    -352.78    -532.55      27.14           15
      1668390  8.271634e+13     396.88     415.62     148.05     394.14     417.21     151.54    -118.02     144.52     222.98           20
        86281  4.135817e+13      19.14     131.25      37.11      18.99     134.12      43.15     -24.96     215.40     345.09           10
       329120  6.617307e+13      79.83      44.68     130.62      80.09      41.96     131.33      -4.69    -199.95      -0.26           16
      1701448  7.444470e+13     402.78     424.48     285.59     404.96     420.68     282.74     128.09    -247.70    -157.62           18
      1226950  4.549399e+13     291.73     442.29     275.04     287.66     442.99     270.50    -265.33      71.79    -251.31           11
       639351  6.617307e+13     156.74      10.25     468.75     161.95      10.31     465.45     331.69     -11.65    -246.61           16
      1080858  6.203725e+13     257.42     486.33     107.42     256.68     486.63     108.87      -5.02     -24.86     123.51           15
       763132  4.549399e+13     183.42     285.33     486.68     182.15     283.02     486.28    -110.25    -128.86     -19.69           11
      1306008  7.444470e+13     312.50     359.38      95.70     304.69     360.41      92.90    -573.16      57.86    -229.79           18
       928988  4.135817e+13     222.27     351.95     359.77     220.59     355.86     362.68    -139.02     301.12     248.28           10
      1431951  4.135817e+13     339.06     198.05      62.11     344.52     192.93      60.68     356.91    -312.49    -119.37           10
        64502  8.685216e+13      14.60     468.47     464.56      21.15     468.27     470.28     433.54     -19.26     321.62           21
       388239  6.203725e+13      89.19     348.05      64.71      87.73     347.67      63.74    -136.04     -57.16     -68.08           15
       420337  4.135817e+13      99.22     325.39     441.80     104.37     327.36     443.20     304.32     131.14      71.08           10
      2085009  4.962980e+13     497.07     131.51      67.38     496.73     135.48      68.14      31.88     296.00      54.58           12
       139944  4.962980e+13      34.83     269.53     157.23      30.44     272.45     157.57    -260.76     223.84       0.55           12
       994602  4.135817e+13     234.38     351.95     169.53     243.25     354.52     168.65     500.13     152.03     -24.99           10
      1716317  5.376562e+13     406.70     378.76     365.23     403.16     373.54     360.58    -242.39    -397.42    -323.39           13
       694377  4.549399e+13     168.15     190.52     410.33     158.49     185.59     415.14    -677.80    -336.41     255.04           11
      1161132  4.962980e+13     278.97     435.87     174.15     284.63     429.98     179.65     366.72    -406.47     338.36           12
       715191  6.617307e+13     170.41     327.64     217.53     169.01     324.58     218.95     -51.29    -205.11      70.10           16
      1503644  6.203725e+13     359.77     389.19     110.55     359.40     391.51     110.46     -22.06     159.29     -11.04           15
      1017782  4.135817e+13     242.19      60.16     212.89     241.57      48.56     211.48      -9.27    -688.45     -84.74           10
      1586988  7.858052e+13     375.10     430.20     173.21     376.46     422.40     174.58      87.17    -498.20      98.93           19
       347756  5.376562e+13      83.68     110.73     423.23      90.44     113.51     430.12     391.43     175.77     423.96           13
       247043  1.323461e+14      58.11      40.28      11.72      59.67      38.92      18.58     101.52     -55.24     406.62           32
      1133785  7.444470e+13     271.05     100.04     349.83     274.75      92.88     349.71     228.04    -441.47      -9.54           18
       935570  1.116671e+14     222.29      53.31      72.12     227.83      52.01      69.54     343.25     -81.85    -203.33           27
       449524  6.617307e+13     110.60     217.77     454.59     118.60     212.37     445.94     546.44    -378.43    -541.79           16
      1779856  6.203725e+13     424.61     315.49      63.41     426.24     317.65      62.00     137.97     135.35     -57.93           15
      1766541  5.790144e+13     417.41     413.23      49.39     416.82     409.01      53.46     -17.35    -303.00     277.11           14
       588568  7.030889e+13     137.75     464.27      95.47     135.76     469.79     100.76     -99.13     350.28     340.69           17
      1754551  4.549399e+13     421.34      44.57     215.38     424.24      44.09     214.49     155.94     -21.48     -22.92           11
       700612  5.790144e+13     165.46     382.53     266.74     171.18     381.99     271.19     374.50     -69.30     296.84           14
       654048  9.925961e+13     151.37     456.54     376.46     152.93     459.28     379.58      65.20     185.96     225.88           24
       671189  8.685216e+13     159.88     487.82     333.98     159.91     483.28     339.54     -19.78    -310.96     341.08           21
       993821  4.135817e+13     234.77     328.91     115.62     241.98     324.66     114.41     421.83    -291.79     -96.10           10
       430107  5.790144e+13      99.61     125.00     109.10     103.08     129.40     104.20     254.42     327.89    -346.97           14
      1431566  1.240745e+14     341.93     192.45      55.60     345.43     187.13      53.08     221.13    -322.72    -185.99           30
       992569  1.199387e+14     236.60     287.92     224.88     243.40     282.62     232.96     430.59    -313.68     500.48           29
      1158225  4.135817e+13     277.73     347.66     319.53     273.83     346.98     317.85    -203.74     -46.57     -92.55           10
      1628476  4.135817e+13     387.89     195.70     234.38     387.76     202.36     232.24     -26.32     460.27     -72.32           10
       505653  7.444470e+13     118.49     427.95     206.81     116.11     436.28     200.44    -164.18     533.06    -387.91           18
       434483  7.030889e+13     103.52     259.08     202.78      96.92     260.19     209.74    -413.37      98.28     407.45           17
        39058  7.444470e+13      12.37     192.71      74.44       7.70     189.21      77.11    -295.34    -193.67     198.19           18
       805832  1.447536e+14     197.27      91.91     279.41     193.88      90.08     279.48    -256.35     -73.55     -23.52           35
      1501434  5.790144e+13     358.82     316.41     476.28     359.75     316.85     482.26      40.39      27.09     366.70           14
      1603676  4.962980e+13     382.16     437.83     358.40     388.67     438.11     362.13     402.79      35.63     203.23           12
      1215114  7.858052e+13     289.17      83.37      40.40     288.37      89.53      42.33       7.22     432.22     158.34           19
      1775060  9.925961e+13     423.01     166.50     325.85     419.99     163.75     327.97    -178.87    -153.09     106.05           24
      1413113  9.098798e+13     333.27     120.38     469.28     326.43     117.05     469.66    -406.09    -218.18      27.67           22
       355207  7.444470e+13      84.20     343.75      29.30      87.13     345.42      32.36     171.91      99.56     160.77           18
       604369  7.444470e+13     142.14     446.40     319.66     140.87     447.94     328.19    -119.55     123.28     507.32           18
      1847037  5.376562e+13     441.26     363.73     488.43     435.77     364.66     490.28    -326.55      51.51     120.07           13
       821301  4.962980e+13     197.59      65.10     207.36     193.98      59.78     209.48    -213.87    -326.33     168.39           12
       183034  6.617307e+13      44.19      86.91     477.29      45.02      88.46     477.26      19.21      97.93       5.06           16
      1217353  1.323461e+14     291.14     151.73     285.03     286.35     149.84     289.44    -299.75    -116.78     248.52           32
      1648921  4.962980e+13     393.23     320.64     100.59     386.50     324.83      99.59    -398.45     275.93     -64.99           12
      1119429  4.135817e+13     270.70     161.72     271.88     266.86     166.99     277.98    -235.34     365.11     375.42           10
      1417972  4.135817e+13     339.45     269.92     452.73     338.20     266.86     452.87     -75.75    -167.81      11.80           10
      1044366  5.790144e+13     250.28     372.49      56.08     255.87     373.34      62.28     387.03     -27.61     419.75           14
      1408665  4.549399e+13     335.76     488.10      99.25     329.81     487.78      98.52    -357.50     -20.96     -66.21           11
      1856551  8.685216e+13     443.17     156.34     153.18     445.10     153.91     147.01     163.12    -145.51    -360.69           21
       753002  4.962980e+13     177.73     478.84     416.99     171.20     481.92     415.55    -449.37     191.02    -170.03           12
      1765880  6.203725e+13     421.74     390.49     467.32     420.98     388.79     468.28     -49.11    -119.08      60.60           15
      1309698  7.444470e+13     312.50     471.57      11.72     313.82     478.90      12.02      65.40     436.89      26.83           18
      1699973  4.135817e+13     405.86     381.64      19.53     402.68     383.35      21.25    -225.07     139.98     116.23           10
      1687803  4.549399e+13     406.78       5.15     481.71     404.99       5.87     486.83    -126.92      45.26     335.67           11
       455724  1.612969e+14     109.12     407.40     171.62     106.11     412.98     168.65    -213.58     346.88    -163.86           39
       252513  6.203725e+13      59.77     204.56     380.86      65.94     210.80     387.74     399.51     408.27     494.65           15
       710647  9.098798e+13     171.70     189.10     466.62     170.06     186.92     465.84     -81.00    -114.48      -6.88           22
       302522  1.861118e+14      77.82     231.21     226.00      74.67     229.59     229.41    -213.59     -99.18     213.45           45
       838312  4.549399e+13     201.88      81.85     157.49     200.39      79.02     155.69     -99.79    -158.23     -79.66           11
        52361  4.135817e+13      12.11     102.73      37.50      11.58     106.33      45.68     -22.82     226.30     511.24           10
      2007353  5.376562e+13     478.82     260.67     224.61     471.38     269.45     225.62    -503.27     559.79     126.80           13
       365884  4.962980e+13      85.94     166.34     236.00      84.54     167.63     232.97     -53.92      77.21    -184.31           12
      1776705  6.203725e+13     423.05     221.22     253.26     418.87     227.32     245.18    -229.33     344.81    -469.98           15
       192070  1.116671e+14      43.62     363.35     276.55      39.33     363.68     279.83    -244.49      34.89     217.16           27
      1903395  6.617307e+13     454.83      87.40     136.96     452.10      89.33     148.13    -204.71     158.99     798.84           16
       162876  4.135817e+13      35.16     471.88     236.72      38.45     478.10     228.66     218.11     365.08    -512.03           10
       774423  1.654327e+14     189.26     135.94      93.36     184.39     132.27      91.51    -303.38    -211.60     -98.63           40
       352243  5.376562e+13      85.49     247.75     450.87      90.04     246.04     446.95     289.64     -60.42    -227.21           13
       765467  6.203725e+13     182.68     361.85     109.51     173.95     369.97     109.89    -553.76     537.16      67.85           15
       756807  4.549399e+13     183.77      98.19     277.88     185.03      94.69     276.41      95.93    -249.87     -84.92           11
       688959  2.150625e+14     164.81      25.62     250.68     162.81      31.36     244.87    -133.62     381.77    -376.61           52
       588315  4.962980e+13     139.00     456.71     108.72     135.53     461.50     110.67    -210.81     288.60     165.22           12
      1424690  4.135817e+13     339.84     478.12     196.48     337.83     478.23     191.96    -124.18      13.94    -267.36           10
      1069879  4.135817e+13     253.91     152.73     216.80     251.25     153.38     211.83    -151.79      35.92    -290.91           10
        61735  4.549399e+13      15.09     382.28     151.46      17.11     383.06     149.73     144.04      22.17    -107.85           11
       187465  4.135817e+13      42.58     220.70     288.67      48.71     223.40     283.68     348.92     182.85    -324.99           10
       153987  4.135817e+13      35.55     200.00      11.72      24.21     204.07      20.20    -693.20     281.66     531.92           10
       983858  7.858052e+13     238.80      24.98     197.06     239.69      24.51     201.44      90.20     -24.02     289.66           19
       693356  6.617307e+13     168.46     159.42     424.07     162.78     160.82     428.91    -394.46     160.88     313.05           16
       808145  4.135817e+13     192.19     164.06     319.92     194.34     163.99     318.89     176.34     -35.41    -114.36           10
      1618990  4.549399e+13     386.54     406.43     178.09     382.48     404.53     177.82    -266.79     -97.39     -13.14           11
       848948  4.549399e+13     201.53     408.20     206.14     205.53     411.48     206.47     241.87     202.42       4.12           11
       786159  4.135817e+13     183.98     490.62     434.38     181.26     496.70     432.91    -165.51     378.79     -94.60           10
      1719445  6.617307e+13     408.94     479.74      85.69     407.34     482.17      83.74    -135.87     153.88     -93.02           16
      1509821  4.135817e+13     362.89      74.22     239.06     359.96      67.53     238.61    -187.80    -384.71      -6.71           10
       212774  4.135817e+13      47.27     494.92     148.44      54.25     496.08     151.23     447.45      61.18     187.12           10
       302526  1.530252e+14      71.95     232.00     241.61      72.74     226.50     236.56      64.21    -382.04    -356.21           37
      1090481  4.549399e+13     263.32     275.75     193.36     272.60     270.28     190.76     557.31    -314.58    -178.05           11
      1539282  5.376562e+13     362.53     476.11     319.86     358.44     478.17     320.03    -236.35     104.25      11.00           13
      1821622  4.135817e+13     437.50      91.02     212.89     448.24      90.61     210.36     689.06     -14.52    -115.12           10
      1059763  6.617307e+13     253.91     341.55     200.44     260.98     346.71     203.32     373.36     319.55     176.31           16
        87682  5.376562e+13      21.18     178.03      10.97      11.37     179.98      15.78    -602.01     131.23     264.22           13
      1228103  4.135817e+13     289.06     478.52     278.52     285.31     477.25     276.19    -202.98     -88.18    -154.42           10
       261781  7.444470e+13      61.20     490.23      82.25      65.08     495.18      81.94     248.97     333.86     -56.96           18
       326037  8.685216e+13      74.13     447.64      83.61      77.60     450.06      81.34     192.09     147.95    -136.68           21
       512413  9.925961e+13     118.00     142.09     118.65     118.34     141.22     109.44       7.71     -40.16    -641.48           24
       204847  4.135817e+13      48.83     250.39     186.33      43.65     254.54     187.11    -332.60     263.26      31.09           10
      1083730  4.549399e+13     262.96      72.27     323.33     267.38      74.34     322.40     269.71     126.93     -82.77           11
      1401177  5.790144e+13     331.75     260.04     350.17     330.42     255.23     352.09     -49.59    -287.16     116.55           14
      1862721  7.858052e+13     446.65     344.88     255.24     444.94     345.24     256.17     -96.58      32.81      73.05           19
       351589  4.135817e+13      85.94     229.30     397.27      87.33     222.51     398.65      88.15    -429.34      72.72           10
      1614720  6.617307e+13     382.32     278.32       3.42     383.34     276.27       3.39      60.12    -115.08     -70.81           16
      1728141  7.030889e+13     409.12     242.30      52.50     410.44     239.34      53.50      82.87    -187.44      53.08           17
       798687  1.406178e+14     191.64     368.80     374.89     195.26     368.89     372.80     253.33      -5.75    -149.42           34
       931338  4.135817e+13     218.36     426.95      39.84     216.36     428.72      41.48    -103.07      96.77     112.19           10
         5350  4.962980e+13       1.30     165.04     400.07       5.27     166.68     404.58     222.37      80.98     267.90           12
       490881  9.925961e+13     117.35     481.93       4.07     118.10     479.23       2.05      48.32    -173.31    -139.03           24
      1936701  7.030889e+13     461.51      99.61     239.32     465.29      95.58     226.65     207.86    -229.89    -826.86           17
      1855395  1.364820e+14     445.73     120.68     139.38     446.60     122.99     138.48      41.14     176.37     -66.75           33
       382352  9.512379e+13      90.95     172.13      67.68      97.09     161.97      69.00     385.30    -631.92      58.81           23
       579082  6.617307e+13     143.55     172.12      40.04     139.07     164.54      41.14    -293.44    -466.18      77.72           16
       277363  4.549399e+13      66.23     463.25     449.40      70.62     462.68     459.19     241.69     -44.59     587.46           11
       532737  5.376562e+13     127.55     257.36       4.96     127.13     255.06       4.28     -16.38    -149.63     -22.44           13
      1123525  1.778401e+14     265.22     290.92     266.94     266.71     292.46     270.04      86.77      71.89     176.23           43
       315923  4.962980e+13      77.15     141.93      74.22      85.81     138.54      74.89     585.73    -164.29      11.73           12
       482666  1.364820e+14     117.72     224.49     411.87     118.37     222.97     416.46      41.23     -81.90     325.53           33
      1746999  1.033954e+14     418.05     310.23     214.14     419.73     317.07     217.36     123.35     460.59     199.15           25
       293321  4.135817e+13      69.53     449.61     285.94      69.66     449.16     279.67     -10.08      11.36    -378.07           10
      1565536  4.549399e+13     370.92     275.75     374.82     373.17     276.59     378.75     131.73      48.26     252.80           11
      1194898  4.135817e+13     282.03     465.23      74.22     276.93     467.13      78.86    -303.73     132.14     247.90           10
      2086928  9.512379e+13     497.37     191.32      62.75     494.42     189.28      62.81    -197.30    -117.74       3.67           23
      1377879  8.685216e+13     328.03      49.39     347.01     327.09      51.00     353.91     -45.55      22.14     481.88           21
      1059092  1.530252e+14     251.32     321.10      83.25     256.41     317.82      90.60     304.65    -239.96     491.34           37
      1995448  4.135817e+13     474.22     399.22     223.05     474.11     401.85     224.26      61.50     192.35      75.30           10
      1822348  4.135817e+13     433.59     114.45      46.48     435.12     116.71      46.34     138.04     202.12      25.68           10
      1748686  5.376562e+13     414.51     367.34     306.34     417.42     365.56     304.47     194.30    -121.43    -123.55           13
      1469305  8.271634e+13     352.54     338.09     475.39     352.80     342.98     483.88     -59.44     408.84     593.05           20
       946910  7.444470e+13     228.08     396.05     369.14     224.82     390.87     367.50    -182.97    -317.18    -103.93           18
      1933597  4.549399e+13     459.69       7.63     114.52     459.05      10.63     116.69     -37.55     196.44     151.72           11
      1912144  4.962980e+13     457.03     350.59     317.38     451.44     357.16     310.18    -364.90     437.35    -411.61           12
      1345360  4.135817e+13     324.61      56.64     312.50     320.04      60.30     322.44    -280.32     229.28     643.56           10
       811975  1.282103e+14     193.99     278.54     280.93     200.63     279.54     281.45     411.60      94.00      33.88           31
       736155  4.962980e+13     171.88     465.17     107.10     166.27     469.12     105.28    -367.50     243.55     -98.34           12
      1989514  7.030889e+13     472.77     216.34      40.33     476.58     214.79      38.93     273.01     -67.37    -110.33           17
       588040  4.135817e+13     138.28     445.70      33.59     133.45     447.53      31.43    -301.34     146.42    -142.26           10
      1787037  4.135817e+13     428.12      34.38     117.58     430.69      36.40     120.73     106.86     116.68     156.73           10
       783805  4.962980e+13     185.87     417.97     240.56     186.22     415.84     244.05       2.89    -136.76     198.70           12
       262744  7.030889e+13      64.45      19.88     345.93      70.55      20.40     343.58     351.41      27.52     -84.33           17
      1090888  7.030889e+13     259.31     289.64     285.73     260.42     293.58     285.09      88.31     262.25     -19.86           17
       121880  1.364820e+14      26.69     224.14      94.16      24.24     221.12      95.48    -142.46    -176.21      86.42           33
      1338279  7.858052e+13     320.21     343.85     154.71     318.10     349.48     157.66    -143.19     370.58     223.60           19
       441461  1.406178e+14     106.04     473.23     455.77     115.07     472.78     461.41     542.46     -62.04     353.95           34
       985456  7.030889e+13     238.17      72.27     438.53     241.47      72.41     444.18     220.38      35.01     349.58           17
      1740478  6.203725e+13     414.45     114.45     242.84     415.35     112.88     233.34      10.18     -51.86    -595.52           15
       600343  4.549399e+13     141.16     319.78      91.44     136.25     318.95      87.60    -316.68     -51.44    -227.32           11
      1810600  4.962980e+13     430.34     254.23     162.11     427.61     254.72     165.06    -168.58     107.13     173.08           12
       215173  4.135817e+13      51.56      68.75      21.09      52.60      62.06      28.44      59.68    -427.90     434.61           10
       362429  1.033954e+14      86.95      60.08     243.20      85.36      60.08     240.29     -99.73      24.52    -152.09           25
      1449113  4.135817e+13     344.92     222.66      99.22     343.93     216.76      97.98     -70.52    -357.94     -95.30           10
       300328  7.444470e+13      72.70     166.88     154.08      72.68     157.20     151.38     -11.86    -570.46    -155.11           18
       154977  1.199387e+14      34.55     226.23     380.32      42.35     221.31     383.07     476.35    -405.16     192.10           29
      1617026  4.962980e+13     384.11     353.19      13.35     385.48     353.02      19.34     128.67     -46.24     378.34           12
        94375  7.858052e+13      22.10     381.89     149.77      22.08     383.18     147.95     -14.63      80.44    -120.13           19
      1589134  8.685216e+13     373.23     495.07      53.11     376.16     496.70      50.95     195.96      92.66    -134.14           21
       499720  5.790144e+13     119.14     251.95      35.16     112.59     249.32      36.44    -447.81    -174.19      92.38           14
      1892501  5.376562e+13     451.47     254.36      86.09     450.64     252.70      82.85     -39.70     -70.47    -191.68           13
       581058  7.030889e+13     136.37     231.96     259.54     135.28     232.04     259.76    -104.56      22.67     -25.61           17
        72781  7.444470e+13      18.45     224.18     305.77      25.37     225.55     309.30     397.21      56.26     236.15           18
      1541254  7.030889e+13     369.14      35.73      25.62     369.88      37.27      28.55      79.50      80.06     175.44           17
      1869253  6.203725e+13     447.01      47.27     268.88     446.96      47.82     266.32     -23.59      60.17    -131.23           15
       866470  4.962980e+13     207.36     442.06     150.39     211.40     448.97     148.13     257.70     428.71    -146.13           12
      1246375  1.819760e+14     302.29      37.20     150.83     297.81      39.33     146.60    -287.27     141.35    -265.70           44
       756778  4.962980e+13     180.99      96.35     166.34     181.81      95.91     161.59      67.01     -11.87    -293.94           12
       235277  4.135817e+13      55.08     180.86      51.95      55.13     176.04      57.48      19.33    -293.59     331.82           10
       434059  4.135817e+13     103.12     250.00      44.14     104.61     248.20      43.08     118.74    -114.41     -81.76           10
      1438220  4.135817e+13     341.41     394.14      49.22     344.75     391.97      56.66     210.42    -140.26     430.87           10
      1009355  4.962980e+13     241.21     303.06     294.60     243.45     302.97     294.13     118.73      -5.17     -25.94           12
      1067099  4.962980e+13     258.46      61.85     358.40     268.25      58.94     362.11     630.53    -220.67     238.34           12
      1264189  4.549399e+13     304.87      79.37     238.10     303.17      75.58     238.81    -121.49    -209.60      40.61           11
       393121  6.203725e+13      89.71       1.17     130.08      85.57       5.91     132.68    -282.54     329.34     195.63           15
      2056746  6.203725e+13     489.97     269.40     170.18     490.22     270.17     168.32      33.99      20.48    -117.55           15
      1594607  6.617307e+13     382.57     163.33     437.26     375.26     157.05     430.33    -471.56    -473.34    -443.68           16
      1066568  1.571610e+14     259.15      49.03     282.18     259.60      51.42     283.28      42.81     157.31      61.25           38
      1589357  7.858052e+13     382.92       4.42     423.83     381.31       6.65     423.19     -57.71     124.17     -46.06           19
       770627  4.549399e+13     186.97      16.51     260.48     186.01      22.16     253.00     -94.15     367.92    -444.39           11
      1016981  1.364820e+14     250.06      38.77      79.01     253.70      39.87      79.64     248.47      96.62      58.00           33
      1002225  5.790144e+13     243.30      82.59     442.24     243.20      77.41     444.99     -38.95    -378.60     142.99           14
      1477097  3.391370e+14     357.52      81.46     412.82     354.03      83.99     407.21    -214.59     171.99    -415.73           82
       201426  6.617307e+13      50.78     146.48     322.51      61.69     146.36     316.52     649.69     -60.51    -396.82           16
      1862602  9.925961e+13     444.34     338.70     294.11     443.23     342.86     288.39     -94.76     259.79    -364.37           24
       638476  5.376562e+13     146.78     483.32      49.13     145.02     483.74      50.08    -103.74       5.37      46.86           13
       931414  4.549399e+13     222.12     424.89     340.38     222.06     425.14     339.78      -1.04      18.44     -30.66           11
       446875  7.030889e+13     107.88     137.52     108.57     110.96     138.50     102.69     229.45      95.15    -405.91           17
      1082008  5.376562e+13     260.67      19.68      96.91     258.72      20.65      93.36    -140.41      61.81    -224.46           13
       180619  7.858052e+13      41.84      12.23      46.36      38.90      15.65      48.43    -256.98     203.52     122.74           19
       775478  5.376562e+13     187.35     165.11     212.89     188.52     168.86     211.09      88.20     233.10     -94.17           13
        20640  7.444470e+13       5.64     129.77     123.70       6.34     127.22     124.36      40.15    -178.35      63.69           18
       452012  7.030889e+13     107.88     295.38     173.14     102.61     301.12     177.63    -297.92     336.97     298.56           17
      1321848  4.135817e+13     312.89     337.11     468.75     312.19     334.75     471.11     -36.08    -126.75     145.15           10
      1000212  4.549399e+13     239.52      26.10      78.66     245.00      28.37      79.36     353.30     138.96      52.27           11
       878541  5.790144e+13     209.54     310.83     301.06     212.97     309.55     299.26     223.63    -100.59    -104.30           14
       868060  8.685216e+13     202.10     492.09     363.37     196.80     491.17     363.07    -338.99     -44.92     -14.51           21
        30393  4.135817e+13       4.69     426.95     224.61       2.16     426.37     224.26    -121.51     -32.47     -15.33           10
       339490  5.376562e+13      84.28     360.13     133.56      78.09     366.22     130.70    -414.66     381.07    -228.17           13
      1565798  1.116671e+14     371.02     282.91     404.73     376.83     287.80     401.79     420.48     370.21    -212.35           27
       943971  2.729639e+14     227.04     309.60     386.13     227.02     314.24     384.85     -17.82     290.08    -120.76           66
       473719  4.962980e+13     113.28     455.08     468.75     116.84     464.24     473.38     165.40     627.64     258.05           12
       727991  4.962980e+13     171.22     216.15     218.42     178.79     211.66     221.79     477.64    -309.45     183.70           12
       401973  6.617307e+13      95.21     266.60     210.45      93.46     261.63     209.67     -86.00    -336.39    -114.62           16
       351174  4.135817e+13      85.55     216.02     273.44      82.17     215.72     269.67    -222.53     -21.70    -252.35           10
      1094545  4.135817e+13     258.20     403.52      69.14     260.43     403.48      66.03     174.22     -42.23    -271.86           10
      1903554  6.203725e+13     457.68      90.23     263.67     457.50      82.45     253.09     -20.51    -466.71    -635.54           15
      1910947  4.549399e+13     457.56     319.78     138.67     462.60     318.33     141.12     300.73    -119.19     146.69           11
      1699711  4.135817e+13     406.25     369.92     498.05     405.07     372.44       1.19     -88.67     163.23     192.68           10
       541875  7.444470e+13     127.17      40.80     201.17     124.82      38.74     200.87    -155.99    -138.95      -5.08           18
       701955  1.364820e+14     162.23     423.00      14.26     163.32     428.34      17.39     108.86     355.52     234.77           33
      1663401  5.376562e+13     394.38     261.57     164.21     399.15     262.12     162.34     398.37      82.00    -180.88           13
       327871  5.376562e+13      77.37       5.26     246.24      85.13       4.57     235.79     546.77    -103.01    -624.61           13
      1787715  9.512379e+13     429.09      56.13     264.86     434.72      56.12     263.95     364.68      32.91     -64.93           23
      2069534  6.617307e+13     495.36     156.25     116.46     493.37     156.02     116.34    -143.50     -25.30     -16.25           16
      1051329  8.271634e+13     254.49      85.35     258.40     257.50      78.36     264.33     189.49    -432.54     338.33           20
      1381614  6.617307e+13     332.03     161.38     430.42     332.03     161.42     427.93     -17.81       3.48    -143.81           16
      1649636  9.925961e+13     389.00     341.47     398.93     387.69     342.69     397.88    -107.07      73.62     -67.80           24
       490395  2.191983e+14     112.73     470.85     110.52     112.27     471.59     107.06     -37.58      27.79    -221.43           53
      2069395  1.075312e+14     494.44     153.85      73.32     492.51     152.33      70.74    -128.21    -126.13    -171.28           26
        96519  9.925961e+13      25.23     446.94      34.67      29.05     447.37      40.13     260.99      27.83     349.39           24
      1600605  4.135817e+13     382.81     346.09     366.02     391.72     350.27     366.97     554.19     249.54      41.97           10
       434174  6.617307e+13     104.98     244.63     491.46     107.62     247.57     490.42     123.55     186.34     -72.19           16
      1575803  4.549399e+13     373.76      88.96     484.91     373.28      87.16     486.66     -81.38    -104.52      80.08           11
       305712  5.790144e+13      73.66     328.12     192.24      71.97     331.54     185.58     -81.32     255.94    -406.07           14
      1990827  9.098798e+13     470.70     257.63     169.21     473.55     256.57     171.38     191.17     -69.80     109.90           22
       154625  6.203725e+13      37.63     221.22       7.42      28.59     223.53      12.13    -583.05     119.32     326.49           15
       426609  9.512379e+13     106.40      19.62     439.45     117.46      13.74     442.19     681.81    -378.57     160.25           23
       628970  4.135817e+13     148.05     194.53     416.02     149.82     187.75     423.11     150.44    -512.35     445.58           10
      1689976  5.790144e+13     405.41      75.06     470.70     403.94      73.84     474.70     -54.30    -106.93     234.66           14
      1770158  1.240745e+14     425.65      20.44     180.34     428.10      27.13     178.07     156.77     445.99    -160.77           30
       508907  1.075312e+14     122.30      29.75     416.17     131.84      26.67     419.66     569.67    -214.19     227.43           26
       601875  7.030889e+13     141.43     368.45      79.62     138.84     370.98      76.12    -154.70     144.47    -249.44           17
       724717  7.858052e+13     174.65     118.32     426.71     173.44     119.41     433.96     -44.13      95.56     444.69           19
       710960  6.617307e+13     171.63     197.27     187.99     179.62     195.00     188.19     497.71    -115.25      13.36           16
       914314  4.135817e+13     217.97     401.95      41.41     216.18     407.12      44.88    -121.27     299.93     205.31           10
      1221801  4.549399e+13     289.24     287.46     160.33     291.70     287.86     165.23     147.14       9.98     356.60           11
      1698131  5.376562e+13     404.30     322.27     328.28     407.38     330.72     323.34     159.55     518.03    -315.67           13
       515942  4.962980e+13     125.33     245.12     399.09     129.54     239.82     400.82     312.65    -329.92     116.13           12
      1032256  5.790144e+13     244.98       0.28     251.67     247.48       0.06     245.77     160.17       1.91    -374.33           14
      1017066  5.376562e+13     247.75      33.20     418.12     248.98      34.42     419.86      62.84      81.74      69.81           13
       424065  5.376562e+13      99.01     443.66       7.96     108.23     450.09       5.21     612.77     391.23    -254.74           13
      1554238  4.549399e+13     371.27     430.93     242.01     371.39     422.79     237.01     -32.94    -489.23    -297.07           11
       319726  4.135817e+13      75.78     256.64     432.42      79.15     249.05     430.81     169.79    -436.23    -108.68           10
      1532790  4.135817e+13     363.28     273.83     463.28     365.37     269.46     466.23     113.30    -242.24     188.25           10
       469638  5.376562e+13     111.33     331.58      27.19     109.80     336.77      32.35     -92.82     317.54     314.68           13
       578722  1.240745e+14     136.20     165.76     135.16     132.08     159.62     125.69    -260.78    -368.26    -619.65           30
       810294  6.203725e+13     193.36     230.60     213.41     196.19     223.72     214.16     154.64    -441.37      27.06           15
      1300382  5.790144e+13     311.66     184.43     116.63     315.00     184.05     118.14     217.38     -39.14     120.90           14
       597581  6.617307e+13     144.53     236.33     303.96     144.93     234.41     308.45      69.70    -121.29     319.71           16
       775086  8.271634e+13     189.84     156.05     180.66     195.21     160.09     180.88     358.89     261.68      26.01           20
       308130  4.962980e+13      73.24     401.37     135.74      74.42     398.01     130.54      61.51    -207.94    -364.40           12
      1625599  2.522848e+14     386.11     101.91     499.01     393.33      99.38       3.37     532.18    -163.02     287.51           61
      1223277  4.135817e+13     292.58     331.25     426.56     283.71     331.84     424.30    -543.78      71.56    -134.22           10
      1445026  4.135817e+13     345.31      97.66     137.11     345.74      98.76     136.42      49.82      80.37     -36.52           10
       712606  5.376562e+13     171.12     247.15     117.04     170.14     245.11     116.04     -74.02    -121.36     -55.81           13
       746811  1.282103e+14     183.28     294.67     230.78     182.24     290.31     234.37     -77.40    -265.73     203.16           31
      1408259  1.199387e+14     334.66     478.38      16.37     334.29     484.19      13.02      16.34     343.39    -209.71           29
        16962  5.790144e+13       2.23      19.81     260.88     497.65      26.60     255.74    -292.36     491.67    -279.79           14
      1822332  6.203725e+13     435.03     113.41     487.37     429.53     111.18     496.90    -349.49    -173.04     597.90           15
      1388092  9.512379e+13     325.15     363.03     237.01     324.71     363.13     237.02     -39.82     -32.23      31.79           23
      2044442  4.135817e+13     484.77     392.58     103.91     482.39     399.21     103.79    -210.06     504.82     -49.18           10
      1844100  6.203725e+13     438.15     276.95      19.14     439.03     278.36      16.93      55.87     108.03    -140.03           15
       862066  4.962980e+13     203.45     308.27     449.87     210.07     306.10     443.71     442.03    -177.72    -432.00           12
      1741858  4.135817e+13     417.19     159.38     133.20     422.77     157.73     128.81     353.14     -91.81    -273.46           10
      2000824  4.549399e+13     478.87      59.13     218.22     475.62      61.49     219.03    -234.81     122.00      50.90           11
      1899835  4.962980e+13     450.52     478.84     233.07     452.41     481.75     234.39     118.99     179.76      92.93           12
      1207855  5.376562e+13     292.22     362.83     185.55     298.93     369.68     180.22     398.10     442.79    -402.35           13
       902911  6.617307e+13     216.31      55.42     497.07     215.34      55.09     497.19     -87.11     -39.62      28.58           16
      1671848  6.203725e+13     397.79      18.88     158.72     401.10      18.66     158.20     211.57       0.07     -36.33           15
       130501  5.790144e+13      27.34     481.31     269.25      27.25     482.46     264.28      45.79      59.21    -263.19           14
       432985  7.444470e+13     101.78     211.81     347.01     103.45     213.04     352.35      89.13      66.67     374.24           18
       944841  4.135817e+13     226.56     335.94     289.06     228.26     333.05     291.37     106.00    -180.75     136.26           10
       892460  4.135817e+13     214.06     237.89     172.27     215.78     229.00     171.13      86.38    -541.39     -61.97           10
      1953061  4.549399e+13     468.22     104.23     144.00     460.21     102.20     148.62    -517.82    -180.92     322.50           11
      1525668  4.135817e+13     366.41      59.38     141.02     369.78      59.82     142.38     237.90      44.94     101.01           10
        46816  9.512379e+13       8.92     428.07     377.97       3.67     423.64     383.33    -318.81    -249.83     352.71           23
       408148  4.549399e+13      94.28     455.79     334.34     101.37     459.76     336.94     409.62     320.72     187.61           11
      1570321  1.033954e+14     376.80     430.39      66.33     376.81     427.91      73.30     -21.78    -156.12     438.39           25
      1583467  4.135817e+13     375.78     323.83     416.02     382.32     321.24     411.55     423.42    -233.28    -273.97           10
       127474  5.790144e+13      26.79     388.95     446.43      29.45     386.88     448.27     219.35    -107.49      89.58           14
        94141  8.271634e+13      18.55     372.66     241.80      15.55     369.54     244.70    -177.81    -201.54     171.72           20
      1121221  7.444470e+13     270.83     213.76     270.40     271.11     212.50     276.27      14.70    -134.91     428.52           18
      1652706  1.488894e+14     391.71     440.97     387.80     389.48     440.83     391.62    -161.67      -4.26     253.33           36
      1901869  4.962980e+13     454.75      40.36     176.76     451.36      41.56     177.11    -196.88      60.72      25.95           12
       749086  4.135817e+13     178.52     363.28     119.53     172.29     369.56     112.80    -352.99     375.57    -458.22           10
       350876  7.030889e+13      83.52     210.59     110.18      87.18     206.89     106.76     235.56    -256.42    -198.20           17
       465311  1.199387e+14     112.68     201.31     126.41     116.45     191.53     119.12     253.42    -591.06    -455.27           29
      1140637  9.098798e+13     270.77     309.30     116.30     271.56     308.55     112.38      17.01     -69.69    -262.59           22
      1085774  4.135817e+13     261.33     136.72     308.98     260.31     133.58     310.44     -86.32    -166.58      83.38           10
      1943532  4.135817e+13     464.45     306.64     422.27     461.55     298.84     427.68    -230.24    -499.36     335.26           10
      1519872  4.549399e+13     360.62     383.35       2.66     365.44     381.46       7.27     316.46    -111.47     291.59           11
       604327  6.203725e+13     144.14     442.06     153.78     138.38     447.97     150.95    -351.67     426.01    -198.77           15
       883854  6.617307e+13     209.72     474.12      57.13     208.09     474.54      57.65    -109.64      16.78      49.35           16
       292303  7.444470e+13      67.49     419.70     309.24      69.79     412.90     306.50     132.33    -400.89    -163.30           18
      1035721  1.571610e+14     245.17     109.07     287.52     245.63     105.96     295.18      54.98    -175.90     484.68           38
       862335  4.549399e+13     205.08     316.23     496.27     206.69     313.99     488.11     117.27    -128.45    -470.26           11
      1854986  7.858052e+13     443.15     111.94      41.63     437.38     113.05      43.16    -397.66     102.30      73.47           19
      1317175  5.790144e+13     316.41     200.33     218.19     318.81     199.86     217.00     174.14     -44.10    -106.40           14
       826685  4.135817e+13     195.70     229.30     242.97     197.00     227.95     242.77      97.43     -73.37     -18.47           10
      1272005  4.135817e+13     301.17     317.19     272.66     295.09     318.31     272.28    -397.14      54.01      -5.11           10
       208313  5.376562e+13      50.93     355.02     224.61      44.93     359.18     226.23    -380.94     280.22      93.00           13
      1813517  9.512379e+13     433.51     345.53      48.15     430.17     346.38      46.43    -200.82      74.58    -112.59           23
       451506  4.135817e+13     108.59     280.08     198.83     104.37     283.76     200.03    -260.93     326.35      36.66           10
      1317996  5.790144e+13     317.80     222.94     422.99     313.39     217.60     418.26    -310.43    -333.51    -349.90           14
      1827269  5.376562e+13     435.55     264.27     271.78     435.50     272.64     266.61      19.27     492.24    -309.07           13
      1092648  6.617307e+13     261.23     346.19     161.38     268.75     352.72     161.19     442.15     400.89      13.46           16
      1407769  4.135817e+13     332.42     463.28      99.61     330.07     461.91     104.20    -127.96     -99.47     290.95           10
      1171552  7.858052e+13     280.12     252.78     378.60     283.35     247.83     380.31     229.60    -304.14      85.14           19
      1869624  4.962980e+13     446.29      58.92     221.68     452.26      62.68     218.62     419.98     269.24    -192.38           12
       607611  4.962980e+13     148.11      41.67     482.42     158.25      38.38     477.63     599.97    -218.54    -289.01           12
      1538675  4.135817e+13     364.84     455.08     452.73     366.24     450.46     452.73     111.18    -346.81      16.23           10
       976625  6.617307e+13     229.00     304.69     439.94     223.89     309.36     439.65    -342.18     348.08       9.21           16
      1229834  7.858052e+13     295.13      32.79      43.89     291.47      37.95      45.68    -258.95     278.80      84.52           19
      1101184  5.376562e+13     266.08     106.82       4.96     270.85     105.52       2.73     340.07     -68.13    -180.01           13
       875632  6.617307e+13     211.67     221.68     437.01     213.06     227.27     439.82     104.82     340.46     162.26           16
       246426  5.376562e+13      61.15      21.78     102.61      62.51      21.03     106.77      66.24     -48.87     260.97           13
       691773  4.962980e+13     167.97     110.03     240.23     163.53     105.31     244.89    -288.91    -287.00     307.54           12
      1082003  1.199387e+14     259.09      22.43      77.65     258.76      23.47      80.39       0.24      35.54     205.56           29
      1024442  6.203725e+13     245.70     260.03     227.73     248.76     256.22     231.12     175.96    -236.04     194.99           15
       109576  4.549399e+13      27.88     347.48      33.56      28.56     344.41      38.16      44.63    -188.85     263.28           11
       688644  1.240745e+14     165.76      13.93      17.32     169.98      13.11      13.60     274.86     -57.63    -225.79           30
       597691  5.376562e+13     140.47     240.53     231.52     135.41     238.46     236.15    -382.61    -131.18     286.15           13
      1562780  4.549399e+13     372.69     191.94     110.62     377.26     192.33     104.35     285.99      21.81    -365.78           11
      1984402  4.962980e+13     478.52      57.94      74.87     479.73      54.81      74.94      54.55    -220.71       7.32           12
        29926  4.962980e+13       6.84     411.13     402.02       3.65     409.65     399.08    -161.31     -70.96    -229.55           12
      1927236  1.571610e+14     463.40     316.30     267.68     459.48     315.46     261.59    -270.95    -108.07    -434.09           38
       192457  7.858052e+13      43.69     368.52     286.08      42.10     366.01     284.97     -76.24    -157.17     -94.85           19
      1895029  6.203725e+13     451.43     326.43     457.68     449.14     322.22     459.56    -135.92    -272.89     130.52           15
      2059663  4.135817e+13     486.33     355.86      58.59     489.03     360.22      61.20     165.27     281.49     173.34           10
      2070490  8.271634e+13     497.27     186.13     355.47       3.27     193.90     357.81     378.52     482.65     176.07           20
       297072  7.444470e+13      75.74      64.67     440.32      82.29      67.94     441.90     388.86     209.32     113.83           18
      1087990  4.549399e+13     260.12     202.24     464.67     260.03     198.04     466.06     -10.37    -267.98     101.98           11
       608093  6.617307e+13     143.55      62.26     365.72     150.95      61.55     373.49     455.67     -63.63     531.58           16
       231963  6.617307e+13      59.57      76.90     106.45      63.51      77.37     106.10     226.96      19.70     -24.61           16
        54372  6.203725e+13      15.76     158.46     391.80      22.58     168.15     394.87     397.82     590.68     166.69           15
      1084777  5.376562e+13     258.86     102.91     412.11     263.82     100.33     425.09     356.14    -122.25     836.54           13
      1335371  5.790144e+13     314.45     250.28     292.97     310.36     251.04     291.31    -250.61      60.93     -95.98           14
      1565867  4.135817e+13     372.66     284.77     169.92     375.11     285.99     174.32     170.84      80.60     247.75           10
        39445  8.271634e+13      12.89     203.91      87.50       6.98     195.38      87.88    -420.14    -576.38      58.00           20
      1785670  8.685216e+13     423.83     494.14     274.09     429.33     495.75     268.19     322.04      81.28    -364.44           21
      1370181  4.549399e+13     326.53     316.58     272.55     325.90     318.26     267.36      -8.16      93.41    -314.56           11
       770209  7.858052e+13     187.40       1.95     136.41     190.18       6.34     135.20     234.94     284.31     -85.82           19
       347621  4.549399e+13      80.79     112.04     397.19      87.72     115.00     392.34     397.04     154.16    -490.97           11
       479811  4.135817e+13     113.67     141.80     264.06     115.68     138.93     261.34     108.06    -166.56    -175.95           10
      1593820  4.135817e+13     380.86     134.38     361.72     371.92     128.06     371.44    -584.85    -405.88     616.46           10
      1637923  4.135817e+13     389.45     484.77     140.62     389.18     488.54     140.13     -29.01     262.53     -61.11           10
      1129192  4.962980e+13     265.62     455.73     409.83     267.83     458.57     413.02     241.00     147.75     204.92           12
      1786680  4.549399e+13     429.15      24.68     219.99     428.97      25.22     217.82     -27.72      35.73    -135.74           11
       329485  6.203725e+13      80.08      56.64      52.73      82.25      53.19      60.31     149.08    -197.09     449.78           15
      1285466  8.271634e+13     308.01     230.66     353.12     306.73     227.50     353.41     -54.92    -226.55      10.74           20
       844870  5.376562e+13     204.48     282.00     276.59     206.97     280.76     280.15     123.52     -74.22     222.55           13
      1707904  7.858052e+13     410.26     125.31       1.54     411.42     116.00       5.42      45.62    -661.69     212.51           19
       917109  8.271634e+13     217.19     484.77     461.13     217.22     488.13     456.73      16.51     149.31    -303.03           20
      1060147  5.790144e+13     250.00     352.68     201.73     261.57     354.22     204.72     715.95      51.16     201.80           14
       947562  4.962980e+13     225.59     414.39     415.04     222.64     416.65     421.62    -174.77     155.14     450.79           12
      1416313  5.790144e+13     337.05     220.42     476.28     340.84     209.25     478.40     272.05    -737.19     141.73           14
       321028  6.203725e+13      75.39     300.39      17.58      79.08     302.90      21.29     247.29     171.95     226.75           15
      1381478  7.858052e+13     326.99     157.79     400.39     333.32     156.55     403.55     429.83     -80.11     199.71           19
       489601  1.695685e+14     117.24     443.36       4.24     116.74     448.61       1.58     -75.17     339.41    -217.89           41
      2015651  9.512379e+13     482.76      14.52     139.52     480.18      14.61     138.68    -160.29       1.81     -44.56           23
       607897  4.135817e+13     145.31      52.34      97.66     139.58      51.97      98.30    -334.65     -26.18      47.25           10
       523533  5.790144e+13     122.77     481.31      53.57     119.68     479.83      54.71    -204.47     -96.38      52.54           14
       693602  4.549399e+13     167.08     167.79     384.41     165.49     165.80     385.82    -101.35    -141.03      62.40           11
       699146  6.617307e+13     167.97     337.89      41.50     159.60     341.34      43.21    -521.90     211.70      90.53           16
       876576  7.030889e+13     206.69     248.05     127.18     213.51     241.14     125.84     453.28    -440.63     -89.47           17
        10529  1.075312e+14       3.76     323.17     130.71       2.42     325.31     131.20     -99.22     124.77      15.18           26
      1576169  4.135817e+13     378.12     101.17     411.33     365.37     106.56     408.90    -835.16     348.61    -197.98           10
       248390  1.033954e+14      63.67      78.83     274.45      65.96      74.58     269.90     156.74    -252.28    -266.50           25
       704111  6.203725e+13     165.23     485.81     432.94     159.70     488.99     432.20    -409.45     187.98     -59.29           15
      1825929  5.376562e+13     432.24     224.61      40.41     434.70     227.15      42.67     172.73     221.14     150.47           13
       289939  5.376562e+13      66.26     350.51      77.97      68.71     348.20      76.94     190.46    -155.95     -89.71           13
       885371  4.962980e+13     213.22      18.23     481.77     209.42      21.21     479.18    -233.71     139.56    -152.23           12
       712935  5.790144e+13     169.08     254.74     404.30     165.98     247.81     408.54    -217.91    -442.57     292.41           14
       411356  8.685216e+13      99.42      56.08     358.72     103.67      55.65     359.33     272.34     -31.05      61.84           21
       599799  6.203725e+13     141.54     305.86     468.36     140.81     301.77     470.64     -42.58    -277.98     150.36           15
      1550910  4.135817e+13     369.14     332.03     246.48     370.94     336.48     242.86     111.91     253.72    -244.71           10
      1026417  8.271634e+13     245.12     323.44     441.21     233.79     324.96     439.14    -754.13     111.23    -105.54           20
       642622  1.737043e+14     154.85     115.33     241.16     155.49     108.74     245.36      41.18    -395.31     274.65           42
      2047314  4.549399e+13     484.20     480.29     319.78     478.19     478.51     314.14    -386.07    -165.70    -307.78           11
       986954  4.135817e+13     238.28     123.05     291.41     241.02     114.68     297.12     191.80    -565.42     365.05           10
      1384101  8.685216e+13     331.57     242.09     150.02     333.57     239.70     150.65     121.42    -153.88       8.94           21
       859913  6.203725e+13     204.82     243.10      37.63     207.09     239.11      39.76     177.82    -270.63     132.89           15
       607081  7.858052e+13     143.81      26.83     415.60     147.77      25.91     422.54     218.73     -48.23     440.98           19
      1276217  5.376562e+13     301.23     448.47     221.00     295.89     443.39     221.45    -354.62    -353.25     104.18           13
      1166702  7.444470e+13     280.16     103.08     431.42     276.01     102.04     439.74    -286.25     -75.34     541.50           18
        38566  1.282103e+14      10.77     179.75     151.40       9.18     177.84     149.56     -66.89    -140.67    -115.12           31
      1818931  4.135817e+13     437.11      11.33     203.12     435.80      15.30     203.56    -108.07     246.00      41.66           10
      1032498  6.203725e+13     243.88       7.94     197.79     242.05       7.44     201.08    -133.21     -46.65     225.69           15
       917019  5.376562e+13     218.30     487.53     106.82     225.68     489.34     102.04     492.37     102.16    -325.97           13
      1733220  4.549399e+13     408.20     392.58     391.16     409.17     392.47     387.85      85.21     -39.11    -198.56           11
       609182  5.376562e+13     146.48      93.90     119.44     143.71      98.92     115.31    -170.33     322.27    -301.83           13
      1392480  7.858052e+13     330.28     492.08     376.54     326.44     499.10     373.46    -234.57     442.87    -246.71           19
       695787  4.549399e+13     166.37     233.49     422.05     162.58     231.56     416.54    -250.59    -118.43    -367.82           11
       546084  7.858052e+13     131.89     164.37     142.99     129.66     156.96     131.78    -123.34    -466.59    -742.79           19
      1563738  4.549399e+13     376.60     218.93     351.38     376.78     219.92     355.23       8.83      40.11     233.44           11
       556468  1.530252e+14     131.07     485.06     202.23     129.64     490.07     200.38     -61.88     323.33    -111.61           37
      1789107  6.617307e+13     429.20      99.85     200.93     436.97     101.13     196.19     479.37     105.22    -293.24           16
       535156  5.376562e+13     128.16     329.78     457.48     129.23     330.36     457.51      61.27      53.22     -21.50           13
       495597  7.858052e+13     120.99     124.49     430.41     126.82     128.74     439.46     365.37     290.75     606.62           19
      1958296  4.962980e+13     464.19     266.60      97.33     463.71     263.08      95.14     -40.70    -241.89    -100.98           12
       119312  4.135817e+13      30.47     142.97      69.14      33.90     140.20      71.59     243.80    -186.37     121.46           10
       128823  4.962980e+13      28.32     432.29     217.45      24.98     434.28     213.62    -193.50     124.16    -222.91           12
      2065138  4.549399e+13     494.14      23.62     448.69     488.51      24.61     455.78    -345.35      78.04     404.78           11
       327648  4.549399e+13      76.53     498.76     375.18      86.10     489.76     374.44     566.63    -626.62     -43.15           11
       696978  5.790144e+13     169.92     272.88      74.22     167.43     271.48      74.92    -141.89    -121.90      44.47           14
      1313184  1.695685e+14     312.64      78.08     128.38     307.69      74.60     128.09    -314.06    -229.18     -17.39           41
       443189  1.116671e+14     102.65      22.50     208.12     101.97      21.65     204.95     -37.26     -36.27    -192.11           27
      1771115  5.376562e+13     425.63      49.73     420.22     420.42      52.17     421.74    -318.09     145.72      95.83           13
      1551331  8.271634e+13     368.95     341.99     387.30     376.19     348.03     389.81     448.66     409.75     156.30           20
      1670388  1.199387e+14     396.21     472.59     455.35     394.58     472.41     453.00    -100.32     -19.96    -136.23           29
       306965  4.549399e+13      74.04     370.92      83.98      75.92     374.28      86.01     135.96     222.44     122.46           11
      1132770  5.790144e+13     270.65      68.64     383.93     268.98      62.86     385.53    -131.98    -392.07     152.17           14
      1403192  8.685216e+13     332.12     324.31     223.31     329.60     331.18     220.87    -169.74     430.02    -168.02           21
       768903  4.549399e+13     183.42     469.28      28.94     183.66     475.12      26.05     -20.65     366.79    -192.00           11
       193253  4.549399e+13      46.70     395.77     395.06      48.48     390.29     395.88     114.50    -286.91      70.72           11
      2070916  4.549399e+13     492.72     199.40      15.45     487.86     199.68      22.58    -345.69       3.41     473.14           11
      1587915  4.135817e+13     380.08     457.03     293.75     380.88     454.60     286.22      56.91    -146.03    -444.51           10
       825528  4.962980e+13     199.22     194.99     220.38     197.68     193.38     217.35     -94.25    -138.32    -204.21           12
      1914485  5.376562e+13     452.07     420.52     459.28     449.85     416.68     457.91    -125.07    -243.10     -87.21           13
       718724  5.376562e+13     168.12     432.54      21.18     166.63     430.32      18.49    -125.78    -197.87    -174.80           13
       931531  9.925961e+13     219.73     432.13     292.64     220.24     429.65     290.30       6.40    -180.00    -157.95           24
       381709  6.203725e+13      96.22     152.99      51.95     101.75     147.44      54.14     341.82    -344.20     112.52           15
      1620915  4.135817e+13     383.20     468.36     197.27     380.34     466.79     197.32    -167.65    -115.51       8.00           10
      1100268  7.858052e+13     264.49      77.61     419.10     260.39      69.99     422.40    -273.03    -503.80     203.52           19
       740573  2.026550e+14     179.89      96.98     365.63     180.66      95.02     366.11      37.55    -104.81      14.60           49
      1415026  1.406178e+14     337.55     187.27     448.41     339.40     186.36     449.74     136.01     -50.77     109.37           34
       988676  5.790144e+13     237.17     172.43      18.69     240.08     167.88      21.47     172.13    -259.45     147.76           14
      1163710  5.376562e+13     282.30      14.27     243.84     277.22       9.64     241.72    -319.83    -267.38    -146.01           13
       106248  4.135817e+13      25.39     243.36      32.03      23.56     240.51      31.21    -100.36    -177.25     -40.84           10
       621015  4.962980e+13     145.51     451.17     342.77     147.11     450.35     346.25      81.68     -52.73     189.89           12
       355758  9.512379e+13      86.02     356.57     180.28      80.68     358.08     172.86    -353.60      76.75    -491.05           23
       494149  7.858052e+13     119.76      78.64     273.13     123.44      77.90     265.52     234.95     -29.11    -498.51           19
      1884269  5.790144e+13     448.10       1.12     429.41     443.79     498.78     431.66    -248.49    -158.27      85.94           14
      1715460  3.267295e+14     407.16     349.96      20.25     404.45     351.18      24.58    -181.71      70.84     286.40           79
      1163536  7.444470e+13     280.60       7.16      65.97     273.08      11.51      71.52    -454.50     247.08     394.96           18
      1077805  1.406178e+14     251.03     390.74     178.19     260.37     394.61     179.88     561.05     222.41     104.60           34
       669618  5.790144e+13     157.37     436.10     194.20     153.50     440.45     190.88    -211.80     225.97    -208.02           14
       621419  7.030889e+13     148.55     465.19     418.08     151.68     473.71     418.02     192.53     575.96     -42.88           17
       470241  4.962980e+13     111.98     348.31     378.91     112.11     345.54     375.32      24.72    -202.04    -227.41           12
      1829804  4.135817e+13     435.16     341.02     172.27     432.81     344.96     179.45    -146.17     232.08     450.03           10
      1772120  4.135817e+13     419.92      80.47     345.31     409.25      77.37     344.09    -622.76    -155.87     -50.41           10
      1134063  5.376562e+13     272.99     108.02     437.35     272.16     105.49     440.16     -49.99    -118.61     134.16           13
       419248  9.925961e+13     102.21     295.90     193.03     101.08     295.19     194.26     -39.78     -67.81     118.68           24
      1099670  6.617307e+13     265.38      60.30      86.18     265.68      57.72      87.09      21.28    -152.70     122.05           16
       275855  9.098798e+13      60.19     420.99      63.21      60.92     429.37      60.09      12.75     549.11    -222.28           22
      1802275  4.549399e+13     429.87       2.31     135.12     435.72       0.23     135.80     443.65    -165.79      36.36           11
      1461819  4.135817e+13     345.31     112.11     235.94     347.75     111.08     228.57     158.23     -33.09    -435.20           10
       562592  4.962980e+13     136.39     172.85     126.63     132.86     163.52     121.05    -237.89    -614.13    -344.05           12
        87655  1.902476e+14      21.91     175.61     402.00      30.99     179.81     403.74     573.21     264.98     137.85           46
       851909  4.549399e+13     198.33     496.27     267.22     201.35     496.55     259.99     195.35     -48.91    -416.88           11
      1338563  1.033954e+14     323.36     348.67     262.58     319.94     353.47     259.12    -235.16     289.48    -177.29           25
      1305248  6.617307e+13     306.64     332.28     128.42     306.52     333.78     130.47     -16.54      82.84     134.27           16
       509949  4.962980e+13     121.74      58.92     491.86     124.23      57.26     490.61     119.35    -103.93     -95.32           12
       968193  9.512379e+13     230.72      50.02       6.88     225.19      55.05       7.64    -389.40     319.60      82.42           23
       215880  8.271634e+13      54.30      88.67     280.86      55.52      80.36     274.21      65.57    -526.70    -434.03           20
      1797938  4.135817e+13     430.47     370.31     199.22     429.00     370.84     200.69     -36.07      31.45      89.01           10
       897985  4.962980e+13     212.89     404.30     258.14     216.57     399.25     262.87     208.35    -345.34     315.06           12
      1667883  4.549399e+13     398.26     399.33     169.92     391.21     398.91     173.84    -482.63     -32.05     259.81           11
       676830  8.685216e+13     159.13     153.18     369.14     157.27     155.16     368.39    -137.79     106.88    -101.87           21
       302141  6.617307e+13      69.09     222.17     239.50      71.89     220.32     238.93     213.31    -105.13     -23.29           16
       743733  4.962980e+13     179.04     195.64     212.57     188.54     193.98     214.46     617.57    -118.85     150.83           12
      2025835  4.135817e+13     480.86     322.27     419.92     482.13     317.92     420.44      58.55    -225.93      26.82           10
      1389545  1.488894e+14     332.68     403.65     416.45     339.10     405.25     417.67     449.48      74.03      53.87           36
      1478715  6.617307e+13     355.22     125.98     231.93     356.17     125.37     226.98      30.78     -36.96    -293.01           16
       845132  6.203725e+13     200.65     291.80     300.91     210.54     291.00     297.25     653.52    -106.54    -288.21           15
      1389252  5.376562e+13     331.88     396.78     266.68     332.24     399.69     264.08      50.74     273.75    -132.29           13
      1296935  6.617307e+13     309.33      80.32     152.34     309.17      78.72     151.58      -3.26     -62.86      -4.31           16
       143650  1.612969e+14      31.10     386.47     139.27      32.75     385.24     141.56     108.91     -48.95     154.81           39
      1371206  6.203725e+13     326.69     350.39     275.39     324.00     354.60     266.47    -178.46     253.94    -554.12           15
       492624  5.790144e+13     116.91      34.32     315.57     117.74      31.32     311.57       9.45    -203.34    -230.03           14
       404188  7.030889e+13      96.62     332.84     363.63     100.90     330.91     364.19     310.23    -123.83      31.15           17
       140587  9.098798e+13      33.74     292.26     168.32      31.88     293.40     163.15     -88.64      95.27    -319.04           22
       932998  9.512379e+13     218.67     476.48      24.03     219.43     475.76      26.52     110.14    -103.18     158.74           23
       974381  7.858052e+13     233.86     236.33     180.41     238.54     231.17     177.08     334.17    -280.51    -247.18           19
       299089  9.098798e+13      72.27     126.07     318.18      74.42     130.65     314.28     111.84     362.70    -299.94           22
       665011  5.790144e+13     160.71     296.88     202.01     158.29     298.26     208.64    -134.11     141.96     433.53           14
      1334216  1.240745e+14     319.27     216.67     281.90     315.83     216.15     281.39    -199.95     -27.56     -36.66           30
       670185  4.549399e+13     157.85     449.40     411.04     159.07     456.86     410.94      64.23     480.78     -16.51           11
        85429  5.376562e+13      22.99     107.42     210.79      18.14     106.25     207.20    -313.48     -61.22    -240.85           13
      1653891  6.203725e+13     393.88     474.87      10.55     386.91     480.77      16.32    -510.27     366.58     357.89           15
      1804492  7.444470e+13     430.56      67.27     296.88     431.62      60.06     295.22     116.39    -469.85     -57.37           18
       511533  4.549399e+13     121.63     112.39     175.25     118.18     106.88     170.25    -193.19    -323.51    -264.66           11
       333887  4.135817e+13      79.69     191.02     246.88      79.31     193.99     246.42      -4.94     214.35       2.43           10
      1183564  4.135817e+13     282.03     121.88     295.70     275.55     117.94     302.25    -421.41    -230.12     384.12           10
      1733908  4.549399e+13     411.75     417.79      81.85     409.67     417.64      83.78    -133.03      -9.51     122.31           11
      1461475  9.098798e+13     350.85      97.12     389.03     350.60      95.02     390.24     -17.41    -133.07      76.93           22
      1502103  4.962980e+13     357.10     338.87      88.54     355.33     338.98      87.18    -130.97     -24.09     -90.36           12
       706232  6.203725e+13     170.96      50.91     221.22     169.65      50.50     221.57     -79.45     -14.03       2.94           15
       493287  9.512379e+13     123.05      56.30     408.71     129.94      55.02     408.65     404.46     -83.50     -14.61           23
       528222  1.778401e+14     121.87     117.60     368.69     125.80     118.96     369.13     242.66      88.38      12.90           43
      1509293  7.858052e+13     363.80      58.29     175.47     367.15      53.67     174.39     255.28    -306.51     -51.99           19
       432316  7.030889e+13     101.68     192.67     239.77      94.00     194.61     240.21    -487.66     165.27      35.17           17
      1521353  9.098798e+13     357.95     427.20     287.82     354.00     424.31     283.05    -237.73    -159.80    -285.23           22
       427692  5.376562e+13     102.61      53.64     173.53     102.15      52.01     168.06     -23.30     -97.50    -363.27           13
      1285353  2.150625e+14     307.69     222.66     413.39     308.20     216.68     411.73      69.77    -412.10    -119.94           52
      1073581  1.654327e+14     254.69     264.26     171.00     256.13     255.05     171.58      24.24    -572.74      46.69           40
       645908  4.549399e+13     156.07     214.67      79.72     151.07     209.44      79.41    -342.55    -357.91     -10.92           11
      1398111  1.199387e+14     335.20     167.50     374.26     335.64     165.27     379.60      46.03    -141.83     319.55           29
      2095148  4.135817e+13     499.61     437.50     176.95     497.65     436.91     177.14    -139.11     -28.73      -4.53           10
       980502  6.617307e+13     228.52     424.32      87.16     231.70     428.21      83.78     183.07     218.82    -236.31           16
      1228083  4.135817e+13     292.19     478.91     199.22     291.80     476.26     200.62       4.11    -159.68     135.11           10
       506640  5.790144e+13     121.93     462.05      59.99     120.38     461.37      60.22     -70.20     -66.26      10.10           14
      1697462  4.135817e+13     401.95     306.25     212.50     403.05     308.13     213.21      68.61     103.20      61.42           10
       209047  8.685216e+13      52.36     382.53      92.17      50.60     380.85      95.46    -135.05    -125.42     203.77           21
      1478367  7.858052e+13     356.19     113.59     371.40     356.77     109.95     379.67      75.11    -231.44     547.98           19
       521820  6.203725e+13     123.31     422.27     362.89     131.11     423.58     361.40     496.21      87.65     -93.52           15
       277795  6.203725e+13      67.32     478.52     138.15      70.35     484.34     137.54     160.94     354.84     -57.30           15
       391802  5.376562e+13      91.20     452.07     478.22      98.27     457.21     483.24     448.50     318.71     307.00           13
      1712678  2.646923e+14     406.31     261.05     153.32     404.45     261.40     156.95    -135.65      68.02     241.47           64
       805530  5.376562e+13     194.26      83.68     101.71     195.51      87.82     103.24      34.26     287.03      84.20           13
       527755  7.858052e+13     124.69     108.24      44.10     120.63     117.80      49.75    -305.06     630.04     373.34           19
       351639  4.962980e+13      83.66     231.77      91.80      86.61     228.18      87.82     185.79    -219.82    -294.47           12
       266632  4.962980e+13      63.80     138.02      34.83      70.66     136.38      41.70     441.48     -89.15     401.97           12
       704813  7.030889e+13     169.46       7.70     178.65     166.33      12.64     177.91    -179.36     289.18     -58.24           17
      1250460  4.962980e+13     296.22     159.18     114.26     297.80     156.76     111.92      76.85    -120.75    -135.85           12
       633427  9.098798e+13     151.28     325.82     321.38     154.13     328.05     324.42     172.35     129.69     182.17           22
       832395  6.203725e+13     197.79     404.30      44.92     197.77     409.60      45.64       5.96     313.81      33.43           15
       541101  4.135817e+13     130.08      15.23     177.73     127.15      15.76     178.52    -158.27      14.78      49.09           10
      1050273  4.135817e+13     251.95      54.69     132.03     253.23      55.74     129.76      81.38      45.09    -149.79           10
       662255  5.790144e+13     159.04     209.82     434.15     154.07     202.49     435.88    -299.54    -487.60     139.26           14
      1402973  4.962980e+13     337.89     311.52     364.58     341.31     310.36     368.68     213.40     -35.95     240.54           12
       468542  4.135817e+13     109.38     298.05     246.48     111.89     295.97     247.64     134.53     -84.10      37.27           10
       207872  4.962980e+13      48.83     347.01       2.28      48.99     346.20       2.02      -4.16     -45.43     -39.04           12
       549884  4.549399e+13     129.08     280.01     487.04     131.98     282.28     485.15     240.14     173.53     -94.32           11
       313130  8.685216e+13      75.06      55.90     165.09      72.00      55.24     163.40    -248.81      -6.39    -124.15           21
      1049144  5.376562e+13     251.05      19.08     221.60     246.60      18.59     222.64    -294.69     -14.33      92.10           13
      1692138  5.790144e+13     402.06     138.11     416.02     396.47     136.05     414.45    -335.77    -134.05    -121.32           14
      1124306  4.962980e+13     267.58     311.52     323.89     263.14     313.56     318.10    -252.87     101.71    -377.35           12
       994097  4.549399e+13     237.75     339.31     196.56     250.87     343.32     200.04     792.52     213.89     218.68           11
       977266  6.617307e+13     230.96     321.53     446.04     226.16     323.93     441.98    -296.55     190.96    -255.65           16
      1903242  6.203725e+13     455.86      83.72      40.49     453.46      85.69      47.14    -165.66     137.73     416.82           15
      1904444  1.075312e+14     458.38     121.54     238.88     458.35     120.31     228.41    -103.32      -2.84    -640.40           26
       365549  4.549399e+13      89.31     151.10     428.44      95.41     152.06     434.74     377.30      56.13     391.20           11
      1390486  4.549399e+13     329.72     435.90      89.67     329.38     435.54      94.16      -9.73     -32.62     264.99           11
       307791  2.109267e+14      71.27     398.78     308.02      72.07     397.22     304.62      67.76     -80.65    -238.66           51
      1848294  4.549399e+13     439.10     403.59     401.10     436.81     401.32     401.47     -98.31    -137.00      40.70           11
      1811682  5.790144e+13     429.13     287.11     385.88     422.22     293.19     388.11    -404.20     378.14     129.74           14
      1646108  7.030889e+13     394.65     239.77     107.42     395.28     233.81     102.66      37.42    -374.03    -357.84           17
      1597393  6.203725e+13     379.56     249.61     316.54     377.98     250.59     316.07     -98.48      48.33      -7.12           15
      1158128  4.962980e+13     275.07     343.75     438.15     267.98     342.51     436.36    -426.53     -64.11     -86.47           12
       144343  4.962980e+13      33.20     401.69     342.77      33.50     391.59     334.31      30.43    -570.91    -500.63           12
      1040296  4.549399e+13     244.50     245.92     159.98     248.84     240.12     160.29     281.44    -347.39      28.58           11
       183379  4.135817e+13      44.53      96.88     326.56      52.49      93.84     320.41     460.99    -211.40    -365.94           10
       702034  5.376562e+13     166.32     424.73     325.27     166.79     423.85     330.28      36.75     -63.40     312.53           13
      1741855  9.512379e+13     415.34     157.35     121.86     419.72     160.72     118.96     247.77     228.49    -202.67           23
       158822  4.135817e+13      35.55     346.88     398.44      35.89     346.79     397.70      29.93      12.58      -7.23           10
      1801999  7.030889e+13     428.19     495.52      64.22     427.33     495.22      62.96    -110.63     -48.87     -98.77           17
       515541  1.075312e+14     120.79     231.97     331.73     116.47     229.61     330.93    -289.72    -150.73    -105.28           26
       197426  4.135817e+13      47.27      23.83     196.09      51.57      24.72     199.95     261.26      35.72     325.00           10
       531772  6.203725e+13     127.73     227.73     236.59     127.77     231.33     238.30      36.25     246.75      97.50           15
      1199900  4.135817e+13     285.55     119.92     109.38     278.94     116.08     101.88    -423.87    -251.20    -462.82           10
      1841194  4.135817e+13     440.23     187.11     168.75     441.36     187.64     166.06      70.13      55.34    -165.91           10
        98217  1.116671e+14      22.50     497.18     158.64      26.51       1.43     160.84     230.76     260.78     131.88           27
      1198614  7.030889e+13     289.64      79.85      85.36     289.02      81.65      80.12      -8.72     125.61    -362.14           17
      1116120  7.030889e+13     268.27      56.18     347.54     271.96      56.28     350.88     213.28     -25.24     212.14           17
       399842  6.617307e+13      92.53     202.88     387.70      92.55     208.15     385.26      -6.90     296.89    -189.03           16
       725885  5.790144e+13     176.34     150.39     488.84     175.42     150.38     492.37     -61.26      47.05     203.68           14
      1326213  7.030889e+13     315.14     473.46      20.57     314.75     480.29      18.58     -33.91     386.41    -138.60           17
       175675  4.549399e+13      42.44     360.97     233.49      36.88     361.49     232.66    -324.66      34.25     -91.16           11
      1956606  9.925961e+13     469.73     213.70     494.95     471.22     214.64       0.98     103.62      57.17     370.22           24
        63430  4.549399e+13      11.90     435.55     272.90       9.19     429.43     268.52    -155.57    -366.11    -252.09           11
      1082530  9.098798e+13     260.30      36.22     138.49     263.02      38.02     137.96     184.51      99.14     -36.46           22
      1171124  5.790144e+13     278.18     242.47     208.71     279.15     245.92     208.80      83.77     176.22     -10.58           14
       868118  4.135817e+13     206.64     494.53      88.67     210.92     495.41      86.51     284.93      64.80    -135.35           10
       515694  5.790144e+13     122.77     234.65     431.36     121.34     227.13     427.03    -111.30    -463.77    -314.51           14
      1656248  4.135817e+13     394.53      46.88     220.31     398.17      42.21     220.62     262.20    -299.19      39.14           10
      1273134  7.030889e+13     298.83     353.98     180.72     301.78     361.96     177.89     169.81     516.20    -227.62           17
      1454508  9.512379e+13     344.85     389.18     173.32     342.41     394.21     177.11    -185.92     313.51     246.62           23
       126541  4.135817e+13      30.86     358.20     300.78      28.59     356.23     297.90    -164.31    -112.62    -163.09           10
       981525  4.135817e+13     235.55     453.12      85.94     234.93     459.35      90.06     -46.61     395.79     266.98           10
        62032  4.962980e+13      15.62     395.83     317.06      15.09     390.69     312.53     -42.26    -310.13    -267.69           12
       594966  8.271634e+13     142.38     160.35      87.30     135.19     156.16      87.22    -482.94    -242.81      31.30           20
      1732418  4.135817e+13     414.45     368.36     258.59     413.76     362.38     252.27     -57.27    -362.32    -405.41           10
      1405203  7.858052e+13     331.52     385.59      79.26     333.17     384.26      82.84     111.61     -87.82     204.66           19
      1605931  4.962980e+13     385.42      12.70     172.20     386.64      11.66     172.68     100.77     -79.50      51.14           12
       983496  6.617307e+13     238.53      14.16     283.69     239.21      16.51     281.86      19.24     148.80     -82.92           16
       852343  8.685216e+13     207.50       8.65     464.38     209.41      15.07     463.30     145.44     385.09     -71.75           21
      1745733  4.549399e+13     419.21     277.52     267.93     420.42     284.70     266.73      66.18     448.97     -68.30           11
      1585979  4.135817e+13     378.91     398.83     233.20     381.35     398.06     227.60     211.57      32.42    -360.29           10
      1718602  5.376562e+13     405.80     447.57     291.92     406.11     443.09     286.37       6.42    -266.15    -322.36           13
       705017  5.376562e+13     170.52      12.47     476.41     169.87      16.09     473.41     -88.20     221.87    -221.83           13
       310836  6.203725e+13      72.01     485.81     203.78      77.48     492.61     200.67     386.41     438.46    -203.50           15
       653272  6.617307e+13     154.79     436.28     346.68     156.38     437.95     350.81      92.93     105.63     256.24           16
      1585705  7.030889e+13     376.03     395.34     167.39     374.68     396.12     170.14     -69.46      43.85     154.08           17
       197432  8.271634e+13      46.48      27.15     220.31      50.82      34.23     214.04     291.52     506.45    -404.72           20
      1372842  5.790144e+13     328.96     398.44     167.69     331.37     397.79     171.96     161.45     -70.56     250.18           14
        21043  4.135817e+13       5.08     143.36     201.17       6.57     142.48     205.73      86.72     -63.47     297.92           10
       911345  1.075312e+14     217.40     307.09     439.00     216.52     311.39     439.01     -64.87     322.07      22.29           26
       744113  1.240745e+14     177.21     209.77     186.85     185.11     204.23     185.35     482.07    -341.84     -89.99           30
       868866  4.549399e+13     210.76      17.22       6.21     204.84      22.60       0.98    -346.20     339.29    -363.38           11
      1879857  2.522848e+14     441.69     373.43     193.17     435.78     373.89     196.16    -361.71      27.77     197.90           61
       271907  4.135817e+13      63.28     301.95     140.23      60.61     303.83     142.32    -137.96      89.22     127.02           10
      1958171  4.962980e+13     468.10     259.11     105.14     466.20     260.43     100.20    -146.86      91.85    -318.53           12
        74049  4.549399e+13      16.16     258.70     254.44      18.04     266.38     255.13      96.76     513.26      71.16           11
      1909111  6.617307e+13     457.52     262.70     466.06     455.31     263.17     465.18    -130.96      20.49    -107.72           16
       932298  4.962980e+13     221.03     449.22     291.02     221.58     448.30     292.58      24.97     -37.00     121.82           12
       480013  7.444470e+13     117.84     150.39      51.43     117.68     144.81      53.72     -26.02    -359.61     131.63           18
      1429252  1.116671e+14     340.49     121.31      16.71     333.07     124.72      19.33    -506.01     203.04     159.03           27
      1247879  4.962980e+13     300.46      85.61      29.95     292.58      87.69      33.93    -504.27     121.34     283.88           12
        28358  5.790144e+13       6.42     364.68     275.67       6.81     360.95     277.20      39.61    -258.78     126.98           14
      2040380  4.549399e+13     485.62     263.67     233.84     475.82     274.04     230.13    -713.52     663.37    -216.94           11
        44641  4.135817e+13       7.03     361.33     381.64       8.46     356.08     379.91     113.03    -391.91     -69.79           10
       318442  4.135817e+13      75.00     217.19     416.41      82.63     217.58     415.85     517.33      13.51      -2.28           10
       887289  6.617307e+13     214.36      73.00     476.32     214.07      75.56     473.52      -6.80     235.58    -202.01           16
       981936  4.962980e+13     234.38     468.75     185.55     241.06     473.14     183.54     408.54     254.27    -109.45           12
        92878  6.203725e+13      20.44     335.81     307.16      21.46     340.65     302.75      55.89     357.49    -279.38           15
       991602  9.098798e+13     229.76     261.72     446.02     229.26     258.96     446.74      -9.49    -198.13      72.30           22
       480891  6.617307e+13     113.53     171.63     479.74     120.32     164.83     477.18     428.18    -421.09    -148.34           16
       750708  4.135817e+13     180.08     409.77     455.47     179.78     410.71     455.48     -30.25      46.09     -15.56           10
       697858  5.376562e+13     166.92     299.13      11.27     164.97     298.53      10.56    -126.90     -45.59     -40.84           13
      1282979  7.444470e+13     310.98     151.91     141.06     311.81     154.92     141.59      36.64     201.07      35.23           18
      1693342  5.376562e+13     407.90     176.83     116.44     409.79     169.97     109.58     115.67    -439.24    -446.04           13
       993889  6.203725e+13     232.94     329.82     380.34     230.94     327.65     379.79    -106.31    -163.30     -43.01           15
       599290  7.858052e+13     142.37     286.29     477.90     140.43     286.52     478.56    -134.67      12.59      50.64           19
      1626625  9.512379e+13     388.67     140.71      10.78     389.62     137.55      17.00      79.80    -183.71     363.68           23
      1578636  4.549399e+13     379.08     177.02      44.57     378.49     176.07      51.21     -55.14     -52.85     398.70           11
        62729  4.962980e+13      11.72     414.06      37.11      14.65     420.28      39.96     174.13     382.36     179.15           12
       983068  1.861118e+14     230.34     498.91     112.20     236.38     497.53     107.82     405.14    -105.89    -281.62           45
       400145  6.203725e+13     100.91     212.63      66.28     103.69     211.13      67.08     173.43     -83.97      42.79           15
       739615  6.617307e+13     177.98      73.24     120.36     180.03      78.43     120.03     138.41     301.33     -15.99           16
      2032974  6.617307e+13     488.53      41.75     304.44     482.03      42.52     293.42    -376.56      48.13    -660.01           16
       975245  5.376562e+13     236.63     262.17      52.43     237.95     259.05      51.23      83.37    -209.14     -93.18           13
       645096  1.737043e+14     153.83     183.87     414.16     150.98     182.60     421.35    -209.09     -57.22     478.05           42
      1283973  6.617307e+13     305.42     189.21      12.94     305.83     184.96      13.97      18.08    -241.85      92.19           16
       732195  6.203725e+13     174.61     346.22     137.37     170.68     353.93     131.72    -208.26     500.21    -345.36           15
       155808  4.549399e+13      39.60     256.92     128.73      34.05     254.31     126.99    -332.69    -177.63     -89.74           11
      1787954  7.030889e+13     427.96      63.07     200.48     432.31      60.02     198.82     231.85    -203.31     -92.35           17
       653621  1.116671e+14     154.30     448.57     208.84     151.54     455.23     209.60    -157.27     401.06      65.30           27
      1018267  4.549399e+13     242.72      77.59     110.62     240.93      75.78     108.44    -141.53    -138.18    -138.52           11
       506828  4.549399e+13     118.08     463.25     296.70     121.45     463.79     300.48     189.31      30.17     237.69           11
       849015  5.376562e+13     202.97     409.10     471.00     202.55     410.95     469.55     -82.83      86.50     -97.44           13
      1141371  1.116671e+14     270.62     332.97     484.45     264.61     334.54     478.38    -355.56     105.97    -375.48           27
      1872753  5.376562e+13     447.87     150.09     443.06     439.10     152.98     443.35    -543.91     158.82      17.83           13
      1122331  5.376562e+13     270.58     253.46     111.93     269.83     251.88     114.42     -64.62    -125.01     167.25           13
       487961  4.549399e+13     114.88     392.93     101.74     113.81     397.05     102.41     -56.22     263.52      50.42           11
      1356611  4.549399e+13     321.91     403.59     264.38     326.31     399.64     264.47     322.71    -229.10      68.92           11
        90560  5.790144e+13      20.09     265.07     254.46      19.79     269.47     256.30     -34.09     244.88     129.68           14
       391927  5.790144e+13      89.56     459.54     467.63      99.84     462.17     472.92     660.64     169.12     311.72           14
      1566880  4.135817e+13     371.09     318.36     128.52     368.34     324.44     131.54    -177.35     372.58     167.28           10
      1248342  4.135817e+13     297.66      96.48     335.94     296.66      90.30     338.87     -71.97    -427.41     196.23           10
      1685600  4.962980e+13     403.97     439.13     378.91     400.24     438.91     381.87    -233.04      11.51     186.95           12
       618918  8.271634e+13     149.61     391.02     144.53     144.36     397.05     137.57    -309.49     382.33    -437.26           20
      1371267  7.444470e+13     325.95     353.73      13.89     334.65     356.90      15.64     499.34     188.67      99.87           18
      1010272  5.376562e+13     240.23     329.48     376.05     234.44     328.77     377.81    -415.35     -89.48     136.85           13
       101659  6.617307e+13      26.86     102.54     109.38      30.77      98.11     106.37     273.72    -305.26    -201.96           16
      1839039  7.030889e+13     441.29     120.52     248.51     449.45     122.45     232.52     539.68     229.33   -1111.15           17
      1598722  5.790144e+13     382.25     287.67      11.72     381.73     284.11      12.91     -38.16    -198.62      66.91           14
      1757299  6.617307e+13     422.36     128.42     449.95     418.32     133.71     444.45    -256.13     350.94    -390.48           16
       350572  1.116671e+14      83.26     200.74     424.70      89.40     205.66     424.09     393.20     327.94     -45.12           27
       618233  4.962980e+13     146.81     364.58     476.24     150.43     366.57     472.97     222.14     129.96    -226.77           12
      1704904  4.549399e+13     406.43      29.30     283.91     420.39      34.30     279.80     893.29     328.04    -260.42           11
       821811  5.790144e+13     195.03      80.64     201.45     191.99      72.82     201.68    -174.46    -481.63       2.57           14
      1899696  5.376562e+13     451.47     471.00     188.25     458.61     474.87     188.80     417.85     256.50      73.70           13
       303004  4.135817e+13      71.09     249.61     112.50      70.06     243.63     110.00     -44.95    -376.89    -147.80           10
       683258  1.819760e+14     163.53     347.30     475.05     164.65     346.67     472.66      87.81     -52.30    -148.53           44
       668373  5.790144e+13     158.20     394.53     335.94     162.28     394.51     340.29     249.67      -4.24     286.96           14
      2021791  4.135817e+13     482.42     201.56     120.70     481.29     194.25     119.06     -49.76    -440.91    -100.84           10
      1611258  5.376562e+13     388.07     170.22     477.61     381.63     173.16     480.09    -388.99     193.76     169.28           13
       720998  8.685216e+13     171.97     498.42     405.04     174.33     496.45     411.71     204.50    -142.97     443.95           21
      1203814  5.376562e+13     288.01     232.72     402.49     288.91     227.86     404.15      63.64    -290.59      98.08           13
       738006  5.376562e+13     175.63      22.99     334.59     179.85      22.62     336.39     263.86     -32.68      99.65           13
        27747  4.135817e+13       7.42     348.44     386.72       9.61     348.78     383.17      99.42      58.27    -223.49           10
       425769  4.962980e+13      99.61     496.09     164.06      92.65     499.93     166.03    -423.02     246.06     116.55           12
      2091804  4.549399e+13     496.27     340.02     114.88     499.55     342.45     115.03     229.03     145.95       7.17           11
      2018579  4.135817e+13     484.38     101.95      75.39     484.55     102.67      70.76     -17.37     100.92    -276.60           10
       590000  4.549399e+13     144.35       4.08     189.81     140.36       3.04     190.70    -286.10     -94.08      33.08           11
      1524555  6.203725e+13     361.59      25.39     292.06     359.70      25.08     294.33    -113.08      11.47     138.07           15
      1400215  6.617307e+13     334.96     231.45      95.95     335.78     223.56      93.63      54.22    -471.73    -165.13           16
      1373806  8.271634e+13     324.41     419.92     432.62     322.79     420.43     432.52    -131.11      -7.90      -5.78           20
       502062  5.790144e+13     119.14     320.87     179.13     114.92     323.36     178.20    -257.00     146.82     -73.08           14
        11447  4.962980e+13       2.60     349.28     216.80     496.65     348.46     220.32    -347.36     -52.72     229.24           12
       672630  4.962980e+13     166.99      24.09     461.91     168.41      20.96     460.77      51.08    -221.25     -73.16           12
      1688328  4.549399e+13     403.59      28.94      32.14     404.83      27.26      37.56     114.94    -129.18     311.55           11
       394387  6.203725e+13      94.92      40.76      75.13      96.14      43.74      79.58      90.32     186.57     275.38           15
       723256  4.549399e+13     172.76      70.49     222.48     172.65      65.23     221.68      30.94    -319.49     -55.65           11
       495244  1.158029e+14     116.35     115.37      43.67     116.29     121.48      48.46      -9.73     394.72     302.35           28
      1504763  4.549399e+13     359.91     419.92     484.55     362.19     418.78     486.45     126.98     -87.74     133.11           11
      1581830  4.962980e+13     375.00     274.74      26.04     379.44     276.25      25.05     222.97      91.17     -96.86           12
      1988113  7.030889e+13     473.46     177.50      65.14     472.92     176.67      64.22     -10.07     -40.36     -55.71           17
      2076528  6.203725e+13     493.36     370.96     441.28     494.99     374.99     445.63     100.60     240.35     261.91           15
       572113  5.376562e+13     133.26     458.68     319.26     137.34     456.16     329.60     294.29    -176.58     676.04           13
       358899  5.790144e+13      81.75     450.89     454.52      87.11     452.52     463.39     302.81     112.94     518.24           14
       617660  5.376562e+13     145.58     352.31     234.83     142.99     356.42     237.36    -155.71     246.63     154.66           13
      1428281  6.203725e+13     341.80      88.41     225.39     337.94      86.02     226.05    -248.66    -111.51      66.28           15
      1939212  4.962980e+13     460.61     180.99      52.41     458.45     180.00      53.66    -196.33     -16.57      35.14           12
        38588  1.447536e+14       7.76     174.39     239.79      14.96     166.19     230.15     448.84    -488.32    -565.05           35
        55926  4.962980e+13      10.74     207.68     465.17      10.90     204.43     467.00      25.67    -197.74      97.16           12
      1999146  5.790144e+13     476.84       9.49     165.18     478.60      10.27     167.84     149.40      40.35     221.80           14
      1261629  5.376562e+13     304.84       2.25     244.14     298.40     499.28     242.60    -381.58    -191.10    -114.33           13
       887117  4.549399e+13     210.40      69.42     302.73     213.23      75.19     305.15     191.62     391.95     207.10           11
      1241131  7.030889e+13     295.61     378.56     169.23     298.89     376.99     173.42     179.83    -183.49     275.90           17
      2012395  6.203725e+13     475.39     410.55     420.96     470.04     410.88     423.27    -353.45      57.38     136.56           15
      1029393  5.790144e+13     244.14     417.97      68.92     241.47     420.64      71.89    -187.28     167.07     202.95           14
       174731  4.962980e+13      39.39     337.24      46.22      43.46     335.38      50.21     272.54    -134.62     237.23           12
       998681  7.858052e+13     237.36     480.57     105.78     241.68     485.07     103.26     300.08     295.62    -144.51           19
       618012  8.685216e+13     148.72     365.42     110.21     146.97     370.22     106.54     -62.14     294.27    -215.22           21
      1537188  4.135817e+13     364.45     408.98     141.02     364.52     408.39     145.34       2.53     -24.93     259.40           10
      1129357  6.203725e+13     264.71     462.89      51.17     259.73     467.02      56.27    -290.66     224.53     304.39           15
       734810  4.962980e+13     176.43     426.11     353.19     174.51     427.03     357.14    -116.11      59.70     245.14           12
      1779396  6.203725e+13     420.44     302.21     265.76     423.11     304.42     263.55     171.10     131.83    -123.33           15
       261930  7.030889e+13      61.01     495.29     164.18      66.44     496.36     165.66     339.40      42.34     105.40           17
      1653339  4.135817e+13     394.14     455.86     359.38     394.97     450.19     363.82      59.53    -425.99     250.21           10
       468442  5.376562e+13     114.33     297.03     357.42     110.62     295.95     353.48    -215.74     -65.13    -252.41           13
       483012  4.135817e+13     113.28     242.58     268.75     115.60     242.95     270.65     168.17       7.94      94.76           10
        18154  4.962980e+13       5.53      54.69     419.60       6.33      58.98     423.11      71.48     233.27     204.66           12
       364554  6.203725e+13      88.41     123.83      42.84      94.53     127.21      47.05     397.58     245.51     223.87           15
       936816  4.135817e+13     226.17      87.89     437.11     228.82      83.45     444.11     147.01    -284.59     395.12           10
      1973681  7.030889e+13     470.93     230.81     191.52     465.17     226.27     186.62    -381.15    -336.98    -304.31           17
      2082467  4.135817e+13       0.00      55.86     142.19     497.92      59.43     141.75    -173.04     202.76     -28.57           10
       374242  4.135817e+13      83.20     422.27     385.16      94.55     423.05     382.06     671.13      81.73    -203.48           10
        48158  4.549399e+13      11.90     467.15     120.21       8.84     471.22     121.44    -191.24     248.67      88.22           11
       623812  5.790144e+13     150.67      36.83     264.79     148.81      37.09     254.87    -147.57      -1.15    -621.72           14
      1048110  5.376562e+13     246.84     485.43     180.14     250.01     485.69     182.65     189.01       0.91     156.87           13
       138085  1.199387e+14      32.13     216.66     393.79      44.55     215.48     389.68     789.75     -87.02    -295.05           29
       194512  5.376562e+13      46.72     431.64     314.75      46.22     425.56     309.88     -97.24    -376.95    -278.72           13
      1420897  4.549399e+13     339.31     362.04     381.21     338.17     363.31     384.69    -127.60      80.95     207.02           11
      1261822  4.135817e+13     301.95       4.30     492.19     299.66       9.91     495.31    -129.83     344.16     218.65           10
       615602  5.376562e+13     146.78     288.91     196.66     148.60     291.11     201.27     132.60     160.82     264.01           13
        22364  9.098798e+13       5.68     183.59     360.09       8.78     192.29     359.32     128.75     522.59     -88.99           22
      1653872  4.135817e+13     392.97     470.70     440.23     389.93     472.51     440.29    -176.02     121.67      46.10           10
       253508  6.203725e+13      59.51     232.94     268.36      62.25     230.77     265.77     169.74    -136.86    -154.35           15
       859659  7.858052e+13     207.13     234.27      40.81     208.63     235.37      40.38      78.30      97.69     -54.02           19
      1496167  6.617307e+13     359.13     155.27     408.20     357.43     147.33     405.63    -114.32    -572.55    -248.83           16
       410576  6.203725e+13     101.17      32.16     314.45     108.93      28.41     311.60     501.25    -250.63    -171.63           15
       868417  5.376562e+13     207.78       1.05     257.06     209.20       4.92     254.02      89.37     277.72    -167.26           13
       465551  4.135817e+13     111.33     208.59      63.28     108.42     208.02      65.05    -239.74      36.54      86.55           10
       121274  4.549399e+13      28.94     202.95     230.29      39.08     200.12     225.80     615.14    -174.87    -223.04           11
      2060893  9.925961e+13     490.07     389.97     367.51     487.80     386.24     363.63    -113.67    -229.96    -222.80           24
      1647086  6.203725e+13     390.76     264.97     430.60     389.60     262.81     430.20     -79.93    -126.69     -18.01           15
      1683128  4.549399e+13     398.62     365.59     221.41     402.85     365.43     217.84     293.58     -11.38    -246.30           11
       944933  6.617307e+13     223.39     337.89     147.71     229.29     336.15     142.78     307.97    -146.23    -302.11           16
      1481086  7.858052e+13     355.37     196.85     497.43     349.56     198.27     495.92    -407.40     158.52    -155.09           19
      1804518  4.549399e+13     433.77      65.52     402.17     428.87      65.60     407.04    -276.92      40.64     329.95           11
      1647940  9.098798e+13     392.05     290.66     269.00     396.71     294.83     269.01     319.10     267.85      32.92           22
       974667  4.549399e+13     233.13     241.65     292.08     235.59     240.93     291.04     134.04     -40.98     -66.72           11
      2063514  6.617307e+13     491.21     478.27     102.29     487.36     482.37     101.04    -234.26     247.15     -61.90           16
       658627  7.030889e+13     155.68      98.92     266.89     156.90      95.48     260.73     100.28    -213.91    -387.95           17
       422447  5.376562e+13      97.81     391.98     186.45      96.57     393.77     181.25     -45.67     104.16    -305.57           13
      1116683  4.135817e+13     267.97      80.86      45.31     271.69      84.61      44.86     286.28     290.25     -25.12           10
        34704  4.135817e+13      10.55      58.98      63.28       8.41      58.47      63.14    -116.23     -13.89     -64.95           10
       639013  4.549399e+13     152.17       1.60     146.13     150.30       3.88     148.66    -113.56     131.84     167.18           11
       851202  4.962980e+13     198.89     478.19      12.37     198.97     482.72      15.11      43.31     280.15     167.70           12
      1228578  7.858052e+13     295.13     496.61     132.92     291.84     496.65     130.57    -214.08     -36.08    -137.65           19
      1384543  4.135817e+13     330.47     251.17     372.66     325.31     247.59     373.45    -306.10    -231.02      41.07           10
      1825497  6.203725e+13     436.07     210.03     350.39     436.49     216.59     354.51      43.55     417.33     277.82           15
      1086861  4.135817e+13     261.72     171.88      50.78     261.64     163.70      46.62     -26.37    -499.36    -273.69           10
      2094279  7.444470e+13     498.48     413.19     280.60     492.28     408.46     276.79    -405.28    -290.49    -209.50           18
       486766  6.617307e+13     117.92     352.05     428.47     120.38     347.80     432.42     147.30    -255.39     233.78           16
      1811493  5.376562e+13     430.74     285.01     146.48     425.28     280.48     153.01    -349.17    -304.31     386.89           13
      1788850  4.549399e+13     427.02      90.73     197.62     435.27      93.46     195.68     498.47     199.18    -108.80           11
       128580  4.962980e+13      27.67     424.80     268.23      21.71     420.06     268.33    -347.32    -290.79      -0.04           12
       950392  1.406178e+14     223.35       2.76     466.68     218.32       9.42     463.69    -308.35     413.76    -197.53           34
      1067079  5.790144e+13     255.58      65.85     281.53     255.71      63.38     283.23      12.03    -192.68     101.27           14
      1877761  4.549399e+13     450.11     305.58       7.63     445.37     303.96      11.43    -291.52     -47.04     277.77           11
       589065  4.549399e+13     140.45     482.07      37.46     139.70     480.31      37.12     -42.35    -131.00     -44.15           11
       681778  4.962980e+13     164.06     306.64     199.22     157.82     304.35     207.53    -371.35    -162.87     554.31           12
      1798069  4.962980e+13     426.11     368.82     210.61     421.97     368.84     209.50    -260.39      12.42     -66.73           12
      1257004  6.203725e+13     296.22     362.63     172.01     298.72     366.89     172.86     136.37     229.05      44.63           15
       266908  4.549399e+13      64.45     148.97     110.97      63.80     143.40     109.59     -92.62    -333.43     -74.64           11
       634687  6.617307e+13     152.34     374.51     250.73     153.54     376.31     252.29     108.72      89.91      54.11           16
      1831395  1.406178e+14     433.48     390.05     389.02     429.10     391.74     385.91    -244.40      91.75    -186.64           34
      1143989  6.617307e+13     272.22     410.89     212.16     276.82     415.96     213.32     275.37     340.83      84.72           16
       322704  1.075312e+14      81.28     345.70      64.60      84.37     343.41      65.16     187.55    -163.14      36.47           26
      1467617  7.030889e+13     350.30     289.18     379.71     353.91     290.27     383.33     225.58      78.67     222.94           17
        61489  5.790144e+13      12.00     377.51     189.17      12.41     378.53     187.27      86.23       6.26    -113.50           14
       159289  7.858052e+13      38.34     363.18     223.58      34.32     364.06     226.32    -246.63      61.62     163.95           19
       168471  5.376562e+13      42.22     142.88      94.80      47.60     142.97      96.22     367.19       7.27     123.89           13
      1711840  1.075312e+14     412.71     239.78     377.70     406.16     236.30     382.96    -395.35    -239.96     360.31           26
      1738709  4.549399e+13     416.37      66.23     335.05     407.99      66.88     330.04    -538.64      56.11    -340.99           11
      1746917  6.203725e+13     417.32     309.77     398.57     412.07     308.40     396.10    -326.66    -172.91    -219.00           15
      1247293  5.376562e+13     301.53      67.46     238.13     301.23      68.51     237.33     -30.21     100.04     -56.76           13
      1699804  4.135817e+13     408.59     371.48     362.89     403.70     368.47     359.25    -344.33    -202.63    -228.12           10
      1669478  8.271634e+13     392.97     448.05     401.76     386.95     444.62     399.33    -422.26    -272.74    -189.06           20
      1376348  1.737043e+14     330.82     497.77     363.65     327.18       2.21     368.82    -236.38     246.54     340.07           42
      1913139  1.530252e+14     450.64     384.45     195.47     443.78     383.41     197.62    -439.26     -35.88     159.91           37
       139541  9.512379e+13      34.90     264.35      80.59      36.14     266.16      81.10      76.29     106.43      18.37           23
      1753019  4.962980e+13     416.34     498.70     232.75     421.23       6.23     228.54     303.73     492.90    -282.39           12
      1543137  1.033954e+14     370.23      94.45     384.30     360.00      98.83     386.52    -632.66     320.38     158.33           25
       266974  6.617307e+13      66.41     147.95     367.68      68.48     150.02     372.27      75.38     121.89     318.16           16
      1549362  4.549399e+13     366.65     284.98     198.33     372.52     286.81     197.09     401.61     113.47     -68.32           11
      1113663  4.135817e+13     265.23     485.16     245.70     260.57     484.06     236.54    -340.95     -81.97    -625.46           10
      1379094  4.135817e+13     331.64      87.50      91.80     327.10      88.86      89.85    -305.24      98.47    -166.64           10
      1957955  4.135817e+13     465.62     250.39     265.23     464.98     257.73     260.08     -12.77     420.41    -322.90           10
       628606  1.116671e+14     153.28     180.05     490.96     156.25     176.93     489.82     252.39    -145.81     -48.01           27
       298735  5.376562e+13      70.76     113.73     436.45      83.69     115.63     438.37     828.00     120.12      93.64           13
      1475303  1.819760e+14     352.10      22.11     400.57     344.95      26.80     400.11    -472.39     300.53     -60.14           44
      1954532  6.617307e+13     467.04     144.04     392.33     463.32     144.62     400.10    -217.89      42.12     441.39           16
       931993  1.530252e+14     223.34     444.73     100.56     226.32     450.37      95.84     175.92     340.36    -281.20           37
       271838  5.790144e+13      63.34     295.76     367.19      66.00     296.14     361.44     196.86      61.13    -387.83           14
      2057149  5.790144e+13     488.28     279.85     243.02     485.43     286.49     240.19    -126.15     397.74    -155.90           14
      1228408  4.135817e+13     289.84     487.50     472.66     290.11     490.58     472.59      30.87     183.49       9.71           10
      1884976  4.549399e+13     450.11      26.81     184.84     448.39      28.18     184.75    -106.15      69.25       0.36           11
      1073113  4.135817e+13     255.86     247.27     347.27     253.80     247.24     346.42    -127.55      39.10     -25.63           10
      1711232  5.790144e+13     407.65     226.56       0.84     404.76     227.57       2.56    -182.38      60.72     110.96           14
       950587  6.617307e+13     229.98       7.32     229.98     234.70       8.10     227.53     306.06      46.91    -152.50           16
      1269994  4.549399e+13     303.44     256.92     416.37     303.22     254.08     416.80      38.12    -153.64      32.15           11
        42284  4.135817e+13       8.98     289.84     175.39       3.99     286.41     168.69    -332.85    -218.85    -420.76           10
      1551915  5.376562e+13     371.24     364.93     169.62     372.84     371.68     172.75      86.17     418.47     206.88           13
      1197467  1.158029e+14     287.53      47.01     103.79     285.33      48.74     102.17    -144.22     108.13    -100.29           28
      1853260  5.376562e+13     441.26      53.64     300.03     438.64      53.46     294.24    -159.71       0.99    -333.31           13
       168673  4.135817e+13      41.80     148.05     381.25      50.77     153.34     379.68     555.36     311.29    -159.09           10
      1102999  5.376562e+13     265.17     160.01      96.00     268.68     152.22      87.65     214.16    -469.38    -509.41           13
       462856  1.116671e+14     110.75     123.48      30.45     113.45     127.50      39.93     151.54     273.52     652.66           27
      1208233  2.109267e+14     282.82     371.59     163.11     290.39     373.30     164.05     469.64      81.26      76.14           51
       495858  5.790144e+13     117.19     129.74     447.27     123.41     127.08     448.44     383.27    -236.35      61.60           14
       683693  4.549399e+13     158.91     367.01     175.60     152.20     370.62     175.69    -386.99     182.02       2.53           11
       482332  4.135817e+13     113.67     220.31     109.38     113.25     213.00     103.15     -25.72    -428.87    -393.52           10
      1598848  5.790144e+13     379.19     292.97       2.23     378.57     288.81       4.80     -27.63    -252.54     169.11           14
       999440  4.549399e+13     241.30       1.95      65.87     244.97       2.24      68.22     237.64      -5.76     143.24           11
      1198377  4.962980e+13     284.51      73.57     160.16     283.89      67.23     159.87     -47.41    -361.11      32.39           12
       929616  4.135817e+13     220.70     366.80     315.23     219.66     363.32     314.61     -63.67    -193.04     -25.01           10
       864332  5.790144e+13     205.36     373.60     296.32     204.38     373.35     294.68     -77.34      -1.26    -150.97           14
      1388028  7.030889e+13     329.62     353.98     484.49     340.88     352.59     488.83     780.11     -79.68     227.40           17
      1965107  4.135817e+13     468.36     470.31     201.95     469.18     473.62     202.82      10.60     222.28      73.19           10
       168486  1.033954e+14      40.23     140.55     153.52      42.65     137.09     151.91     125.21    -194.03     -96.85           25
       597720  4.549399e+13     143.64     239.88     343.57     134.83     234.84     340.33    -550.32    -289.39    -196.42           11
      1076150  7.030889e+13     255.63     341.57     215.42     265.45     345.74     215.82     592.47     254.11      38.85           17
      1979810  8.271634e+13     471.09     418.75     132.81     472.51     417.53     129.89     116.03    -103.40    -204.30           20
      1991356  8.271634e+13     470.51     272.27     238.87     467.33     278.58     231.79    -205.06     361.76    -474.67           20
       619769  6.617307e+13     148.93     413.57     477.05     146.40     422.06     478.64    -168.78     548.95     114.54           16
      1648182  1.323461e+14     390.87     301.51     208.37     390.09     299.82     206.15    -117.57    -227.87    -195.37           32
       256139  4.135817e+13      58.20     317.19      48.44      59.60     320.36      50.25      95.55     204.14     116.34           10
       531734  4.135817e+13     125.78     230.08      89.45     120.84     225.61      88.41    -303.71    -275.94     -51.16           10
       519558  7.858052e+13     127.16     360.09      24.98     126.73     365.79      30.37     -26.18     356.34     338.30           19
       719602  4.549399e+13     167.79     459.69     445.13     164.13     463.19     444.06    -230.33     221.03     -67.95           11
      1341334  5.376562e+13     321.36     433.44      88.19     320.16     432.76      91.66     -52.45     -48.65     197.32           13
       604514  4.135817e+13     142.97     445.70     386.33     149.03     456.65     387.88     369.46     762.76     106.95           10
      2074279  1.158029e+14     489.96     303.01     154.58     490.84     302.05     155.92      62.68     -99.72      88.99           28
       207545  5.790144e+13      46.32     333.71     222.66      41.90     335.50     225.06    -258.98     109.04     136.16           14
       122756  9.925961e+13      29.30     245.77      16.28      30.08     240.39      18.53      74.16    -349.49     121.66           24
       813630  5.790144e+13     193.08     329.80     245.26     192.35     332.67     252.64     -10.82     207.66     413.65           14
      2032705  5.376562e+13     489.63      30.80     251.65     491.31      34.83     248.58     134.67     261.41    -175.70           13
      1064588  5.376562e+13     254.36     492.04      48.83     251.54     494.97      52.89    -171.31     171.46     271.92           13
      1779553  7.030889e+13     422.45     305.03     384.54     415.28     306.69     389.08    -493.98      63.99     337.90           17
       743730  5.376562e+13     179.54     198.77     193.96     185.78     196.18     191.11     364.62    -147.95    -203.70           13
      1365213  4.135817e+13     327.73     164.06     363.67     328.52     164.42     369.13      58.26      52.40     354.65           10
       463232  4.549399e+13     114.17     134.77       0.89     118.92     136.22     499.56     260.54      87.37    -154.62           11
      1500674  6.617307e+13     358.15     302.25       7.81     360.05     304.75       5.99      97.84     162.28    -163.82           16
      1012918  5.376562e+13     242.64     410.91     210.19     254.24     412.95     212.39     719.36     116.77     144.36           13
      1339437  4.135817e+13     320.70     375.39     176.17     319.24     382.10     180.61     -96.85     409.29     302.97           10
       978033  1.612969e+14     229.52     347.31     443.66     223.55     342.22     442.70    -433.01    -307.56     -33.58           39
       704516  4.135817e+13     172.66       1.56      19.53     173.87       6.17      15.72      41.24     325.93    -253.09           10
       625371  4.135817e+13     151.56      84.77     356.64     152.06      87.74     357.92       0.48     233.29      59.39           10
      1339959  1.737043e+14     312.78     391.56     220.33     313.05     392.12     212.70      18.24      49.00    -522.76           42
      1046616  7.444470e+13     244.14     436.41     343.32     240.85     435.70     343.25    -205.47     -39.12       1.46           18
      1046900  5.376562e+13     250.15     447.27     451.47     242.72     448.07     446.98    -473.90      51.33    -246.91           13
      1601304  4.135817e+13     378.91     370.70      92.97     378.31     371.91      93.06     -18.05      71.10       1.15           10
      1858779  4.135817e+13     442.58     221.09     355.08     440.94     219.82     355.04     -83.16    -110.78      53.48           10
      2044396  4.962980e+13     486.00     386.72     425.13     485.45     391.30     425.00     -46.30     275.70     -22.15           12
       991856  7.030889e+13     238.63     269.19     442.21     234.57     264.92     443.69    -248.19    -340.73     118.39           17
      1563710  6.203725e+13     374.61     218.36     245.44     373.76     225.29     240.96     -67.14     446.86    -258.23           15
      1089161  4.962980e+13     261.72     241.21      33.53     259.31     240.83      35.78    -136.17      -5.51     147.03           12
      1569079  6.203725e+13     374.87     386.07     212.37     374.73     386.62     208.46     -10.49      26.18    -257.35           15
        76830  4.135817e+13      19.92     343.75     120.31      18.75     348.11     118.39     -90.69     285.12    -161.56           10
       916841  4.549399e+13     214.67     478.87     412.11     217.35     482.26     417.63     190.32     196.16     323.96           11
      2048781  6.617307e+13     490.97      25.15      56.15     492.87      30.46      58.18     153.52     362.00     108.46           16
       619665  6.203725e+13     146.22     410.55      65.23     145.25     406.75      59.88     -77.73    -272.18    -368.84           15
        87883  4.962980e+13      22.14     180.34     295.25      30.66     179.07     294.98     484.32     -34.01       0.75           12
      1971660  5.376562e+13     470.10     167.52     297.33     471.07     169.05     294.76      79.86      94.69    -151.39           13
      1208080  8.271634e+13     288.67     366.80      61.13     287.75     366.99      73.99     -25.38     -56.11     856.84           20
       594597  4.549399e+13     142.22     148.26     145.42     137.16     142.59     136.97    -324.14    -388.16    -521.37           11
      1059818  6.617307e+13     249.51     339.84     416.02     242.20     333.33     414.52    -482.26    -412.99     -95.50           16
       225951  5.790144e+13      50.50     397.04     121.65      52.50     391.95     122.87     144.21    -311.63      77.33           14
      1636701  4.549399e+13     389.38     445.49     361.68     392.73     444.19     366.12     202.47     -60.16     227.15           11
        59043  6.203725e+13      12.63     303.26     141.28       9.63     306.24     144.58    -184.13     183.83     198.99           15
      1453843  4.135817e+13     348.05     366.41      78.91     348.42     367.53      81.58       9.18      75.04     145.38           10
       771458  5.790144e+13     182.76      41.57       7.53     191.84      42.09       2.83     606.67      29.42    -326.53           14
      1192153  4.549399e+13     283.20     378.02     346.06     277.51     372.12     344.89    -360.46    -353.79     -73.40           11
       317005  4.962980e+13      76.50     172.20     302.41      77.30     167.86     301.53      53.65    -331.03     -59.93           12
      2044655  6.617307e+13     486.33     401.12     433.35     483.20     403.29     435.96    -195.67     157.82     158.61           16
      1778890  4.135817e+13     424.22     289.06     290.62     428.75     293.69     291.16     347.60     293.40     189.13           10
       800230  4.135817e+13     190.23     420.31     398.05     191.20     421.07     398.08      51.78      57.08      43.65           10
       161933  4.549399e+13      38.53     441.58      58.42      44.52     438.51      57.19     419.28    -240.35     -82.87           11
        72668  5.790144e+13      18.14     214.01     361.33      24.83     213.93     367.00     440.80      -3.58     356.21           14
       834458  1.282103e+14     196.01     464.40     103.77     198.39     467.67      99.68     125.91     165.39    -238.89           31
      1912325  4.962980e+13     453.12     361.00      21.16     449.20     359.68      22.13    -240.07     -87.74      59.37           12
       571049  8.685216e+13     136.07     428.29     165.46     134.33     431.36     163.87     -83.36     149.51     -78.51           21
      2053717  6.617307e+13     491.21     175.78     332.52     497.36     185.35     334.74     379.92     588.90     133.06           16
      1148583  5.376562e+13     273.59      53.03     154.00     272.66      51.24     149.90     -61.98    -110.66    -248.46           13
       777653  4.135817e+13     183.98     232.81     209.77     189.58     227.29     212.71     359.77    -342.10     172.83           10
       887899  4.135817e+13     210.94      93.36     354.30     212.43      90.41     352.35      95.28    -244.33     -87.24           10
      1883314  4.135817e+13     448.44     473.44     195.31     457.46     475.30     193.36     559.78     130.92    -151.65           10
       778845  7.858052e+13     187.60     265.52     364.62     188.67     263.13     370.09      48.11     -99.39     363.24           19
      1106403  5.376562e+13     262.47     263.97     385.67     260.87     261.61     388.40     -99.75    -142.17     151.93           13
      1674118  4.549399e+13     401.10      87.89      25.04     402.88      91.86      21.49     120.66     278.75    -249.19           11
        14469  5.790144e+13       0.84     442.52      21.48     499.12     445.03      28.71    -134.82     153.74     424.62           14
      1507633  4.549399e+13     360.26       8.70     191.94     360.15       6.38     190.20      -3.60    -141.76     -95.03           11
        34582  4.549399e+13       9.41      54.87      87.18      10.33      53.84      86.18      71.92     -79.47     -56.97           11
       778593  4.962980e+13     183.59     259.77     379.23     183.36     257.11     378.17     -10.37    -161.32     -89.94           12
      1186022  8.685216e+13     282.09     194.66     403.37     286.46     192.85     401.95     293.59    -128.63    -116.27           21
        85772  4.549399e+13      19.35     118.08      48.83      16.60     121.06      51.49    -247.11     202.31     122.87           11
      1749905  4.962980e+13     413.74     402.67      69.99     412.30     401.64      71.70     -77.70     -98.83      86.75           12
       126768  5.376562e+13      28.70     370.94     191.56      22.66     374.90     185.43    -416.44     285.34    -429.28           13
      1249495  4.962980e+13     301.43     132.49     343.42     297.25     127.15     346.45    -273.31    -347.22     229.66           12
      1888527  8.685216e+13     448.20     135.70      64.08     446.26     134.69      62.48    -139.93     -77.41    -120.27           21
      1386200  4.135817e+13     327.73     305.86     347.66     322.48     301.93     346.99    -321.84    -253.71     -64.36           10
      1553327  8.685216e+13     370.63     406.34     185.92     368.97     402.24     185.80    -110.01    -244.63      21.33           21
      1588609  4.135817e+13     376.56     484.38       8.98     377.88     487.21      11.71     106.20     134.73     169.61           10
      2038281  8.271634e+13     483.98     201.56      37.11     483.86     200.38      38.25       4.95     -67.99      41.34           20
       733665  4.135817e+13     174.22     390.23     382.42     179.27     389.66     374.90     310.11     -44.92    -471.88           10
       246027  4.549399e+13      63.39       9.41      44.57      62.41      13.79      46.18     -76.14     290.41      96.84           11
      1166334  4.135817e+13     282.03      92.19     491.41     279.75      95.41     492.09    -156.15     251.92      34.09           10
       724313  4.135817e+13     174.22     101.17     350.78     177.44      99.58     354.23     180.71    -100.94     191.24           10
       231574  7.030889e+13      53.19      65.60      86.51      57.35      65.43      89.93     284.39     -29.73     212.67           17
       756610  4.549399e+13     182.35      93.57      11.90     183.45      94.90       5.35      51.04      83.86    -412.50           11
      1198540  4.962980e+13     287.11      74.54     297.85     284.35      73.14     303.79    -158.80     -70.56     375.90           12
      1982995  1.323461e+14     470.46      16.97      74.22     471.76      22.28      76.63     112.09     355.50     164.08           32
       894382  4.962980e+13     212.89     299.48     183.92     214.73     295.61     181.40     107.43    -224.96    -149.41           12
       705309  4.962980e+13     171.22      25.39     114.91     170.20      26.60     116.28     -90.21     101.34      92.42           12
       486027  1.033954e+14     116.17     331.80      43.98     118.85     338.26      45.12     172.62     394.87      50.54           25
      1951035  4.962980e+13     465.49      42.97     232.42     470.12      47.63     233.68     332.23     311.98     104.50           12
       267676  5.790144e+13      65.29     167.69     111.89      64.25     154.60     109.95     -98.40    -822.63    -137.31           14
         2311  1.033954e+14     497.27      70.23      25.23     498.34      68.67      30.31     105.67     -96.89     282.30           25
      1877763  4.962980e+13     449.54     308.27      14.32     445.36     305.76      14.38    -243.72    -178.63     -36.62           12
        89039  5.790144e+13      24.55     215.68     310.55      28.92     220.57     312.42     220.03     319.13     100.95           14
        28415  9.098798e+13       9.23     366.65     498.22      11.34     363.50     496.78     145.30    -199.82    -123.98           22
       363757  4.549399e+13      88.25     101.74     425.25      93.18     103.94     430.76     273.53     132.85     332.14           11
      1786707  4.135817e+13     427.34      26.17     328.12     425.58      28.38     320.21    -100.29     123.66    -495.61           10
      1015646  7.858052e+13     239.62     488.59     369.35     242.60     492.08     376.51     232.66     241.66     497.37           19
      1632777  5.376562e+13     385.97     331.88      35.31     386.52     337.65      35.60      67.06     340.98     -17.20           13
       533108  5.376562e+13     130.56     269.68     458.08     128.44     269.71     456.32    -155.56      73.12     -94.92           13
      1160986  6.617307e+13     276.86     427.73     105.96     277.67     426.76     106.40      46.76     -60.03      21.28           16
      1389096  6.617307e+13     330.81     393.31     158.45     332.61     394.80     166.05     127.48      84.77     512.33           16
      1093008  4.549399e+13     260.48     355.65      62.68     262.79     363.94      65.70     132.66     563.43     150.24           11
      1183095  7.858052e+13     285.46     106.39     466.18     281.65      98.42     472.57    -221.75    -530.60     433.05           19
       238137  6.203725e+13      57.68     267.32     224.09      56.29     260.09     222.81     -90.77    -493.75    -102.13           15
       728491  4.135817e+13     174.61     231.25     170.70     179.60     224.49     168.05     271.74    -399.24    -178.18           10
      1102457  7.858052e+13     263.06     145.66     475.84     265.67     142.28     478.82     185.85    -185.80     201.43           19
      1350020  5.790144e+13     323.94     201.17      17.02     326.68     195.21      17.60     136.99    -348.15      32.71           14
      1998730  8.271634e+13     472.85       0.59      42.58     467.74       1.59      44.62    -389.53      21.47      93.31           20
      1254189  4.549399e+13     299.54     276.81     178.09     301.79     278.57     182.07     147.43      88.89     258.07           11
       909427  6.203725e+13     216.02     256.12     451.95     218.69     255.46     452.95     167.46     -55.67     124.24           15
      1043926  7.858052e+13     249.28     353.31     338.92     247.97     350.07     339.93     -59.40    -216.74      64.27           19
      1597906  4.962980e+13     380.86     264.65     320.31     379.02     261.88     321.12    -122.25    -192.99      95.28           12
       191194  4.549399e+13      44.57     333.63     355.65      44.88     331.41     356.03      17.53     -93.14      33.58           11
      1646183  4.549399e+13     392.93     234.55     400.75     392.90     228.99     399.64      16.97    -327.39     -88.71           11
      1921827  5.376562e+13     459.59     150.39     141.08     454.82     151.03     136.94    -326.78      66.30    -247.43           13
      1236799  1.240745e+14     290.10     240.23     248.18     287.02     242.64     248.75    -203.15     141.38      18.77           30
       976662  4.962980e+13     234.38     304.69      89.84     241.88     301.77      94.96     480.78    -182.78     352.44           12
       572901  5.790144e+13     133.93     482.42     395.65     143.58     476.10     399.28     612.59    -434.12     221.31           14
       180337  1.240745e+14      43.88       2.34     448.83      47.92     497.52     456.67     211.29    -297.05     437.40           30
       956997  5.376562e+13     224.31     203.28     270.58     225.52     205.25     271.18     108.26     120.19      33.76           13
      1407358  5.376562e+13     332.48     445.16     492.34     330.12     447.27     487.94    -164.32     125.51    -256.85           13
      1056556  5.376562e+13     250.15     244.74     175.03     248.30     241.84     173.23    -148.19    -152.68     -81.93           13
       434645  4.135817e+13     105.47     261.72     333.98     101.61     257.90     334.69    -224.13    -238.61      35.78           10
      1266637  6.203725e+13     301.95     153.52     302.47     298.37     150.01     307.10    -183.23    -217.77     277.01           15
      1010162  4.549399e+13     239.17     328.30     445.85     229.59     326.98     441.21    -644.19     -93.57    -322.35           11
       683117  4.549399e+13     162.11     348.19     429.15     166.51     346.02     431.08     277.09    -117.95     138.64           11
      1787570  5.790144e+13     425.50      54.41     200.06     429.89      53.92     196.10     264.16     -15.89    -269.24           14
       324312  1.571610e+14      71.96     396.18     343.03      77.06     394.85     336.17     334.96     -55.96    -424.43           38
      1174749  4.962980e+13     280.60     349.61     366.21     276.70     351.15     367.29    -142.08      95.58     137.37           12
      1251289  4.962980e+13     298.83     184.57     347.66     298.92     181.26     354.02      -0.89    -200.19     428.45           12
      1200169  4.549399e+13     287.11     127.31     164.24     288.56     129.89     160.08      86.54     146.42    -229.38           11
      1553248  6.617307e+13     371.58     400.88     377.44     375.62     405.03     383.02     209.35     292.67     349.59           16
      2012051  4.135817e+13     478.52     400.00      77.73     479.71     401.72      86.07      65.75      99.75     525.11           10
       471439  4.549399e+13     111.68     389.38      60.90     117.16     387.98      59.29     352.12    -105.35    -114.61           11
      1997572  9.098798e+13     471.24     460.23      17.93     470.69     463.76      22.32     -39.16     271.66     261.68           22
      2047613  4.135817e+13     483.20     486.72     487.89     479.69     484.48     495.41    -249.25    -145.37     480.69           10
      1705382  4.135817e+13     410.55      43.36     149.61     417.14      45.63     151.77     436.17     154.64     128.88           10
       158478  8.271634e+13      38.87     337.50      56.25      43.55     334.59      55.11     320.47    -216.27    -129.84           20
      1097374  1.819760e+14     259.23     492.37     121.98     258.42     490.84     117.98     -57.24    -135.10    -264.20           44
       838149  4.135817e+13     201.95      80.86      19.92     205.77      79.13      12.24     261.99    -121.86    -498.25           10
      2090065  6.617307e+13       0.73     283.94     313.96       5.90     292.47     311.09     348.63     504.49    -179.26           16
       398974  4.135817e+13      93.75     173.83     492.19     106.65     164.18     489.76     826.06    -625.61    -101.47           10
      1478688  4.549399e+13     352.81     125.53     127.66     351.04     123.04     131.11    -126.92    -155.04     226.43           11
      1609960  4.549399e+13     386.90     131.57     404.65     374.91     132.76     405.00    -844.20      93.90     -24.22           11
       220126  1.116671e+14      55.19     215.93     365.09      60.91     216.98     372.96     334.96      41.40     510.04           27
       668567  4.549399e+13     160.33     405.72      90.02     155.89     405.48      89.79    -298.36     -11.21       8.10           11
      1497126  6.203725e+13     358.72     188.41     153.78     354.32     188.01     152.24    -281.08      -9.56    -113.91           15
      1678202  4.549399e+13     398.97     217.51     477.81     393.25     217.82     482.78    -321.93       4.53     292.70           11
      1326392  5.790144e+13     314.17     474.61     221.54     307.31     470.33     214.17    -448.17    -290.25    -474.10           14
       799052  5.376562e+13     190.66     384.77     301.23     195.73     381.04     299.93     325.36    -232.48    -113.54           13
       996153  1.695685e+14     240.71     399.25     227.28     252.03     403.00     229.16     728.15     232.89      96.56           41
      1702773  4.135817e+13     402.34     462.50     457.81     398.07     465.14     455.49    -260.74     167.91    -133.86           10
       230802  6.617307e+13      56.40      45.90      73.24      61.08      48.97      78.02     286.82     211.13     307.94           16
       117579  4.135817e+13      29.69      87.89     294.14      33.09      86.18     285.11     176.49     -72.49    -534.40           10
       365129  4.962980e+13      86.91     143.55     284.18      90.83     144.89     285.62     273.99      53.66      75.98           12
       809315  4.549399e+13     193.71     199.40     389.74     187.34     202.50     388.05    -363.98     212.17    -109.46           11
       330275  5.790144e+13      80.92      80.64     140.90      82.99      79.29     134.96     152.69     -76.09    -409.29           14
      1303443  4.549399e+13     313.03     280.01      76.53     311.78     282.50      80.69     -60.56     153.23     243.42           11
      1743032  4.135817e+13     414.06     192.58     218.36     415.70     192.39     216.91      75.37     -17.76     -58.57           10
       356068  1.075312e+14      83.83     367.49     389.42      86.45     363.15     385.40     159.29    -290.68    -254.20           26
       461121  4.962980e+13     111.65      69.34     256.84     115.65      67.94     252.94     259.12     -93.96    -243.25           12
      1188373  4.135817e+13     284.38     266.41      82.42     282.38     268.22      84.81    -105.54     122.25     158.10           10
       444391  1.240745e+14     104.69      57.55     406.25     113.35      58.67     410.23     512.80      63.00     227.11           30
       854532  9.512379e+13     209.32      82.97      15.20     210.14      80.61      12.25      29.73    -154.18    -147.68           23
      1689549  5.376562e+13     400.39      56.34     303.34     405.33      60.43     306.13     322.35     236.01     181.16           13
      1884735  6.203725e+13     454.82      19.40     248.31     453.93      20.07     246.41     -86.94      23.44     -97.67           15
      1368115  7.444470e+13     329.86     252.17     199.87     328.39     256.62     195.19    -158.29     322.83    -264.42           18
      1402628  5.790144e+13     332.87     306.36      19.53     340.64     310.80      19.72     453.57     271.50     -25.33           14
       611953  4.135817e+13     149.61     173.83     441.41     149.42     173.54     438.23       8.54       0.15    -216.67           10
      1906202  2.398774e+14     452.65     173.36      99.81     448.26     167.95     100.81    -314.15    -342.19      81.14           58
       143731  6.617307e+13      33.94     384.03     449.71      32.20     382.87     450.63    -126.68     -67.55      14.71           16
       676882  4.135817e+13     163.28     160.55      71.48     157.11     154.67      71.92    -363.79    -357.92       9.85           10
       707947  4.549399e+13     167.44     104.58     419.57     169.51     104.77     426.28     127.60      17.87     394.36           11
      1545702  4.135817e+13     365.62     169.92     399.61     365.08     163.77     403.96      -0.14    -385.06     288.88           10
      1652280  7.444470e+13     392.80     419.49     222.66     396.67     411.97     221.64     307.91    -433.92     -49.43           18
       346814  4.962980e+13      82.03      86.59     248.05      87.34      80.86     244.57     334.06    -356.87    -250.61           12
       271743  7.444470e+13      64.89     294.92     499.78      68.98     297.14       2.96     236.63     145.85     186.70           18
      1664618  6.203725e+13     391.80     297.27     419.92     390.93     299.05     416.35     -49.02      81.23    -235.73           15
      1295121  5.790144e+13     310.55      26.23      66.96     310.13      34.90      68.73      16.69     570.96     131.43           14
       502751  5.790144e+13     119.70     343.47     378.91     116.07     342.19     376.51    -248.85     -89.74    -151.97           14
       739920  4.962980e+13     176.11      81.38     316.41     177.39      80.61     316.44       8.91     -31.23      17.82           12
      1433110  5.790144e+13     340.68     235.49      85.10     336.97     226.80      87.55    -260.82    -540.48     152.15           14
      1633486  4.549399e+13     387.96     347.12     305.22     391.55     352.44     306.48     221.59     301.77     118.13           11
       202436  9.098798e+13      48.30     181.29     269.18      57.69     181.34     266.76     564.59      -2.44     -95.96           22
      1438539  1.695685e+14     341.32     401.92     290.54     340.02     399.79     282.51     -64.56    -130.32    -487.64           41
       205465  4.135817e+13      45.70     273.44     100.39      42.47     269.84     103.73    -175.90    -249.48     216.41           10
      2070130  4.549399e+13     492.01     172.76     447.27     489.79     175.39     453.29    -155.43     163.99     374.29           11
       255973  6.617307e+13      58.11     312.50     394.53      54.04     311.31     389.17    -255.29     -67.79    -321.73           16
       516741  7.030889e+13     121.90     276.08      19.88     120.56     273.00      19.91     -69.55    -155.09      14.93           17
       140416  4.135817e+13      35.16     288.28       1.56      35.11     284.86       3.38      -4.32    -211.02     112.88           10
      1877312  8.271634e+13     448.24     288.67     255.27     449.03     298.17     251.99      83.66     640.02    -200.27           20
      1390459  7.858052e+13     329.46     433.29     482.83     329.61     436.04     484.18      -6.58     169.29     116.86           19
       538238  5.790144e+13     128.07     425.78     491.63     129.66     431.76     490.32     105.33     356.49     -91.42           14
      1060881  7.444470e+13     251.95     375.65      70.53     255.99     376.00      69.54     244.36      -4.35    -104.34           18
       263680  5.376562e+13      64.75      47.33       1.65      65.90      42.49       9.53      47.57    -293.33     507.03           13
       456226  4.549399e+13     109.20     424.18     132.99     110.87     427.11     130.00     100.00     174.73    -172.44           11
      1084298  4.135817e+13     260.55      89.06      40.23     268.62      88.06      42.61     522.20     -76.77     184.91           10
       213534  4.962980e+13      52.41      18.55     118.49      57.21      16.62     119.52     269.46    -165.74      51.12           12
         1849  4.135817e+13       3.52      57.81     222.27       0.82      57.12     224.76    -191.89     -47.62     191.97           10
       700207  4.549399e+13     165.66     367.37     183.42     157.37     369.75     184.47    -471.88     116.16      75.75           11
      1817667  6.203725e+13     429.04     467.06     264.71     435.01     467.90     260.95     408.67      48.39    -231.03           15
      1477059  1.033954e+14     355.55      74.45     261.33     350.70      67.75     257.89    -312.14    -398.83    -227.24           25
      1896936  1.158029e+14     450.06     393.42     407.23     447.08     398.83     406.39    -170.11     337.87     -62.59           28
       462145  4.135817e+13     110.94     100.78     256.25     116.19      95.02     252.34     371.44    -369.55    -237.70           10
      1797302  5.790144e+13     426.06     348.77     211.50     421.20     348.54     212.75    -321.36     -44.97      91.40           14
       401353  4.962980e+13      99.28     249.67     285.16      99.85     247.93     290.28      35.30    -117.08     333.89           12
       586999  4.135817e+13     139.45     410.16     464.45     141.21     418.46     470.37      84.26     528.56     383.66           10
      2074481  4.962980e+13     493.16     307.94     440.43     494.25     301.92     440.69      60.61    -417.42      21.33           12
      1387542  5.376562e+13     329.78     343.30      85.79     331.56     343.63      85.06     141.27       8.13     -67.95           13
       151208  4.549399e+13      36.04     115.59     157.85      40.96     113.99     151.57     315.02     -99.03    -392.84           11
      1828432  5.790144e+13     436.66     300.50     315.57     439.00     302.29     306.62     172.22      68.76    -591.81           14
      1837289  9.925961e+13     437.99      71.94     412.43     432.85      72.72     415.73    -290.18      52.02     197.89           24
      1362768  4.962980e+13     328.12      92.45     316.08     325.20      87.49     318.59    -155.27    -301.62      69.05           12
       574478  9.512379e+13     135.11      28.96      58.17     133.02      27.93      60.62    -138.65     -54.43     141.17           23
       142690  4.549399e+13      33.20     355.65     384.41      32.35     349.42     385.12     -69.77    -414.63      71.47           11
       516036  7.858052e+13     121.40     246.40     265.32     120.50     242.33     266.43     -39.97    -258.11      71.66           19
       421413  4.135817e+13     101.17     360.94     148.05      98.55     366.21     145.04    -130.04     329.51    -208.78           10
       704144  4.962980e+13     168.29     491.86      68.03     169.44     491.89      68.83      85.51     -27.63      42.78           12
      1043122  4.135817e+13     249.22     333.20     199.61     257.25     341.27     202.40     449.88     541.31     156.02           10
      1521052  5.790144e+13     361.89     417.41     108.54     363.18     421.62     113.13      99.38     318.83     310.41           14
       659721  4.962980e+13     159.83     135.09      33.85     156.65     132.89      33.69    -198.45    -117.22      10.96           12
       428555  9.098798e+13     107.42      79.90      43.15     107.17      85.17      48.09     -21.93     304.80     291.29           22
      1947208  4.135817e+13     462.50     422.66     282.03     459.76     410.79     280.56    -200.70    -810.82     -26.02           10
      1084651  6.203725e+13     262.63     100.65     422.27     264.86     100.92     429.81     163.70      48.69     437.67           15
       882159  4.962980e+13     206.38     416.67     434.90     209.99     413.50     436.22     237.93    -248.63      95.51           12
      1525488  7.030889e+13     364.32      53.19     439.45     359.16      57.42     436.72    -306.41     251.34    -160.07           17
       732262  8.271634e+13     174.80     346.88     395.12     182.51     349.57     393.23     455.54     175.73    -132.97           20
       426703  4.962980e+13     100.26      23.11     313.48     108.11      23.39     311.26     503.08       1.64    -137.44           12
      1101022  7.858052e+13     260.38      96.53     368.73     263.80      90.80     364.25     213.97    -319.13    -279.45           19
       223542  5.790144e+13      49.11     321.15     214.01      45.25     322.27     214.03    -245.36      88.21     -23.82           14
       331562  4.962980e+13      80.73     118.16     164.39      83.33     119.24     161.72     193.58      69.25    -162.75           12
       425210  1.158029e+14     104.77     474.33     481.45     111.70     473.37     481.70     459.39     -73.91     -19.26           28
      1934491  1.033954e+14     462.73      37.58     108.83     463.88      35.36     108.26      56.29    -180.46     -19.12           25
        70267  5.790144e+13      14.23     144.53     484.10       9.24     145.54     488.49    -305.48      50.58     265.10           14
      1598066  4.135817e+13     379.30     269.53     448.44     380.53     268.30     449.68      88.98     -50.38      76.31           10
      1847681  8.271634e+13     440.82     383.01       9.18     435.20     381.18       9.78    -345.42    -104.68      28.26           20
       725602  1.158029e+14     173.13     141.32     384.77     170.67     144.28     389.07    -150.66     179.60     292.83           28
       607344  4.549399e+13     145.77      35.33     441.94     150.68      27.55     442.34     237.81    -508.54      37.96           11
      1725221  9.098798e+13     418.15     153.41     149.50     421.60     152.21     146.59     202.25     -63.27    -151.25           22
       570019  1.116671e+14     137.95     392.87     134.04     136.16     394.98     131.51     -88.16     133.73    -140.53           27
      1575277  7.444470e+13     377.60      74.22     425.13     368.89      79.47     424.04    -517.75     357.61     -94.36           18
      1968251  6.203725e+13     469.14      64.45     479.30     469.54      63.78     481.37       3.63    -101.29      81.25           15
       231199  4.135817e+13      55.08      56.25     122.27      62.93      57.29     122.68     480.49      76.91      22.77           10
      1481908  6.617307e+13     357.67     226.32     205.57     359.62     233.76     204.39     107.88     513.38     -72.18           16
       528777  9.098798e+13     125.71     134.77      40.31     124.52     134.56      44.63     -78.24      -8.84     283.90           22
       250540  6.203725e+13      62.37     143.88     176.43      60.09     142.28     174.78    -186.66     -92.82     -98.33           15
        56905  4.549399e+13      15.09     235.62     285.69      22.49     240.70     284.81     418.33     297.09     -24.57           11
       370566  1.116671e+14      90.35     312.72      20.18      87.01     312.87      23.60    -210.70     -14.19     215.76           27
       737493  7.858052e+13     182.46       6.06     334.60     184.69       2.90     337.66     145.05    -228.17     210.67           19
      1930856  1.861118e+14     464.54     422.61     411.94     464.43     418.41     416.19      14.64    -244.43     285.75           45
      1575003  4.549399e+13     374.82      64.10     355.65     368.64      66.45     356.87    -393.09     126.24      83.10           11
       375271  4.135817e+13      87.89     448.83     405.08     101.84     453.44     403.10     813.22     295.49    -133.85           10
       894334  4.549399e+13     212.18     291.73     495.56     210.59     292.50     488.47     -94.26      56.47    -452.13           11
      1747638  6.617307e+13     418.70     333.50     210.45     418.27     339.39     212.96     -18.24     395.18     146.43           16
      1186659  4.549399e+13     283.56     215.02     388.67     285.76     208.87     392.47     133.98    -403.94     231.10           11
       846061  4.549399e+13     202.59     320.49     430.22     209.10     321.41     430.85     430.85      76.04      51.83           11
      1338410  5.376562e+13     317.76     340.90     167.22     315.69     349.33     164.35    -124.01     547.24    -235.68           13
       950378  4.549399e+13     227.10       0.89     418.15     230.01       4.29     424.07     197.44     217.65     390.78           11
      1096605  9.925961e+13     259.11     468.42     113.61     258.46     478.69     110.06     -54.76     720.34    -205.67           24
       221046  6.203725e+13      52.73     244.92     463.41      56.74     242.85     458.63     240.59    -134.79    -303.04           15
      1312576  4.962980e+13     314.13      56.97     252.60     316.56      55.83     251.92     208.22     -85.18     -32.65           12
       139389  4.549399e+13      34.62     249.11     488.81      36.75     250.09     493.58     124.06      78.82     287.55           11
      1812498  5.376562e+13     429.84     316.56      73.47     429.12     317.53      67.94     -54.64      70.02    -387.64           13
       362689  4.962980e+13      88.54      66.08     253.58      87.12      62.11     246.66    -128.08    -260.21    -485.77           12
        78817  5.376562e+13      19.68     404.60     380.56      13.67     400.98     378.47    -341.49    -174.25    -154.22           13
        66314  4.549399e+13      18.64      28.59      41.73      20.01      29.98      42.96     102.51     110.14       8.66           11
       750989  4.135817e+13     176.56     422.27      53.91     175.65     423.35      52.43     -63.95      70.62     -85.79           10
      1172936  7.030889e+13     278.38     295.84     288.95     274.16     301.57     283.65    -240.90     369.04    -339.38           17
       741891  9.512379e+13     179.94     143.77      11.46     176.72     141.74      10.58    -208.06    -115.09     -54.95           23
       642325  4.135817e+13     155.86     102.73      85.94     147.57     108.06      86.61    -549.87     337.45     -18.06           10
       932557  6.617307e+13     218.99     458.50     300.78     219.04     457.40     302.61      -9.74     -54.02     162.66           16
       606791  4.962980e+13     149.74      16.28     279.30     145.45      18.15     269.06    -301.32     112.56    -617.26           12
         1048  4.549399e+13       0.89      32.49      97.12       0.63      36.59      99.28      13.78     257.39     155.59           11
      1921803  5.376562e+13     461.09     150.69      46.42     461.67     151.08      50.06      50.15      28.95     215.85           13
      1204414  5.376562e+13     285.91     256.16     240.53     285.56     253.48     242.10      -8.94    -203.98      95.86           13
      1316012  4.549399e+13     313.74     163.88     172.76     310.48     163.56     166.32    -239.26     -12.17    -386.87           11
       748538  1.116671e+14     176.87     347.01     474.03     176.95     347.24     471.11      39.56      28.71    -172.88           27
       668919  4.549399e+13     158.20     413.53     467.15     154.65     420.57     467.41    -232.62     429.27      -3.32           11
       505254  4.962980e+13     114.58     421.88     148.44     115.26     424.76     146.37      52.31     184.98    -104.08           12
       655214  7.030889e+13     150.16     496.21     427.05     152.51     495.81     430.44     138.83     -15.85     217.57           17
        87998  5.376562e+13      20.58     185.55     245.34      28.73     176.20     235.13     462.04    -576.83    -587.83           13
        35993  4.549399e+13       9.41      97.83     100.67      14.00      95.61      99.12     283.64    -121.08    -101.44           11
      1535363  1.240745e+14     370.57     354.82      13.41     373.21     356.84      17.08     161.49     126.83     186.22           30
       383970  5.376562e+13      94.50     215.90     386.57      93.61     212.55     385.19     -72.00    -232.76    -145.69           13
      1950660  5.376562e+13     464.09      29.90     268.18     462.60      34.15     262.25    -112.83     280.82    -370.51           13
      1400469  6.617307e+13     333.50     240.72      85.94     333.55     231.38      86.17      10.91    -592.16     -20.35           16
      1290194  5.790144e+13     306.08     369.98     319.48     300.53     368.74     310.16    -322.53     -72.14    -602.73           14
      1654887  6.203725e+13     395.70       5.60     406.64     390.66       8.55     408.67    -300.89     208.45     113.89           15
      1511982  6.203725e+13     361.85     139.71     182.16     362.92     140.30     175.69      45.11      34.97    -417.13           15
       256157  5.790144e+13      60.55     321.43     113.00      59.31     325.97     110.43     -58.76     288.70    -204.14           14
      1959191  4.962980e+13     468.10     291.67      93.75     471.21     292.96      91.64     183.11     103.62    -132.03           12
       523970  7.030889e+13     127.41     485.41     261.83     130.21     492.61     256.55     170.45     442.73    -321.34           17
      1588064  4.962980e+13     377.28     464.19     377.60     378.38     463.73     383.58      68.24     -42.75     353.60           12
      1886642  6.617307e+13     451.66      75.68     198.24     453.37      76.56     196.32      95.17      50.63    -150.18           16
       800261  4.549399e+13     191.58     425.25      21.84     186.03     428.51      22.04    -361.21     188.56     -28.61           11
       909212  3.101863e+14     218.57     241.02     114.87     224.57     238.23     118.35     403.20    -199.90     232.89           75
      2069302  5.376562e+13     493.24     145.58     210.79     495.09     138.99     214.19     103.21    -473.80     305.68           13
       596565  1.158029e+14     140.62     207.87     332.87     139.01     209.66     334.46     -83.03     100.30      67.90           28
       280080  7.444470e+13      71.61      46.22      63.59      74.92      49.12      70.03     230.84     206.17     417.70           18
       144581  7.030889e+13      29.30     412.57     274.01      24.70     409.29     274.74    -272.89    -175.75      40.39           17
      1987738  4.549399e+13     476.74     161.75     105.29     469.14     162.04     108.10    -512.95      -0.95     196.21           11
      1959882  5.790144e+13     466.52     313.06     289.90     463.35     317.19     285.39    -199.46     248.91    -272.97           14
       881786  5.376562e+13     211.09     412.71     482.12     212.23     414.32     475.04     132.68     103.77    -473.55           13
        83378  8.685216e+13      25.58      46.41     193.73      34.26      48.65     189.93     582.96     146.03    -324.95           21
       326491  5.790144e+13      77.01     465.12     355.19      91.22     463.32     352.74     874.11    -130.18    -185.65           14
       357898  4.962980e+13      82.36     426.76      40.04      80.94     432.69      46.66    -125.24     384.30     441.67           12
      1792268  4.135817e+13     426.17     196.88      49.22     425.89     189.76      54.25     -44.25    -445.73     299.97           10
      1448359  5.790144e+13     343.75     196.43     154.02     341.55     193.13     152.29    -139.88    -200.02    -106.99           14
      1924367  5.376562e+13     461.09     228.22      61.75     461.68     229.13      58.95      61.29      96.96    -188.21           13
       666503  5.376562e+13     155.50     343.00      29.00     151.70     343.58      33.22    -198.35     -30.97     261.46           13
      1235200  5.376562e+13     291.92     197.27       4.36     292.01     188.79       5.66      -3.60    -509.63      85.03           13
       157791  4.962980e+13      39.71     315.76     376.30      39.73     311.78     373.61     -14.84    -252.99    -167.91           12
       160293  7.858052e+13      31.15     393.61     146.07      31.91     389.92     145.97      57.91    -264.37     -33.71           19
      1737904  6.617307e+13     417.48      36.87     189.70     423.41      38.00     184.03     384.65      83.38    -420.70           16
       376700  1.199387e+14      86.81     492.66     486.06      96.52     488.90     487.41     621.10    -243.86      65.11           29
       790462  4.135817e+13     188.28     122.27     246.88     180.98     117.94     248.82    -444.46    -266.01     114.00           10
       363762  6.203725e+13      86.59     100.39     447.01      92.73     108.90     447.38     359.33     546.96      32.77           15
       590203  7.444470e+13     144.31       8.25     487.20     150.81       7.09     482.77     424.48     -59.18    -274.39           18
      1119372  5.790144e+13     264.51     160.44      46.60     264.34     153.39      44.35     -11.61    -415.33    -134.96           14
      1968555  5.376562e+13     469.20      74.97     170.52     464.79      76.93     169.67    -304.70     153.66     -68.95           13
      1813296  4.549399e+13     435.19     336.12     187.32     434.14     339.27     194.96     -66.61     183.43     475.79           11
      1999333  4.549399e+13     475.67      15.80     397.19     473.42      15.96     396.60     -97.65      37.27     -27.67           11
      1112061  7.858052e+13     266.55     437.60     493.73     262.52     437.95     493.32    -210.14      26.67     -36.93           19
      2002609  4.135817e+13     480.47     115.62     192.58     474.96     112.48     195.57    -389.22    -158.21     199.18           10
       195502  4.135817e+13      44.92     464.84     183.59      46.96     471.88     183.27     127.69     445.14     -17.95           10
       193974  4.135817e+13      43.36     418.36     208.98      39.69     421.53     202.78    -200.43     175.08    -362.39           10
      1737251  4.549399e+13     415.66      13.67     140.45     418.45      12.18     144.14     168.53     -86.52     233.67           11
      1529011  4.135817e+13     364.45     160.16     199.61     367.09     158.14     197.21     170.08    -136.80    -104.03           10
      1773610  7.858052e+13     423.62     129.42     163.75     424.42     129.83     159.07      46.23      36.92    -293.80           19
       109350  4.549399e+13      27.52     339.67     150.04      27.60     339.77     145.89       7.55      -3.64    -254.06           11
      1500926  1.199387e+14     355.27     305.29     496.57     357.28     306.84     499.33     112.85      84.87     172.11           29
       669417  4.962980e+13     156.58     425.46     413.09     159.11     435.60     414.03     139.17     637.31      49.20           12
       119063  4.962980e+13      29.62     138.02      92.12      34.74     138.26      90.87     322.15       5.76     -90.53           12
       466698  4.135817e+13     112.50     245.70      41.02     106.91     244.80      41.30    -392.32     -62.25      13.71           10
        85798  4.962980e+13      19.86     121.09     150.07      23.73     120.37     144.39     235.31     -21.05    -365.36           12
      1766181  5.376562e+13     419.32     400.09     148.59     415.55     402.81     155.19    -223.77     168.72     423.01           13
      1504404  4.549399e+13     357.07     411.04      76.88     357.23     412.30      78.84      -0.37      81.60      92.92           11
      1633907  4.135817e+13     390.23     358.59     451.56     393.55     357.38     450.73     182.19     -85.60     -57.35           10
       357418  5.376562e+13      84.28     407.00     168.42      88.36     408.96     168.05     259.87     141.89     -16.78           13
        95280  4.549399e+13      23.97     408.56     190.87      20.14     410.46     185.06    -229.28     137.70    -421.75           11
       865165  9.098798e+13     207.21     404.83      53.44     208.61     411.17      53.62     112.82     398.97      22.65           22
       505725  7.444470e+13     120.23     433.16     485.89     123.46     439.70     487.58     190.68     401.10      91.53           18
       842964  4.135817e+13     203.52     223.05     332.81     203.67     221.29     333.21      20.11    -107.43      11.66           10
      1131833  4.135817e+13     269.53      41.41     223.83     267.33      39.49     218.38     -97.47    -117.53    -373.33           10
       543270  5.376562e+13     130.86      77.97     153.09     125.81      71.68     151.33    -315.26    -419.53     -92.93           13
       493819  4.549399e+13     115.94      66.23     478.87     121.47      67.54     479.93     297.61     105.31      52.20           11
       204868  4.549399e+13      49.54     252.31     269.71      53.16     249.58     266.91     245.76    -187.93    -178.43           11
       879088  9.512379e+13     207.97     323.79     439.62     215.27     323.29     435.49     506.13       9.59    -274.65           23
       674434  7.858052e+13     166.43      85.22      10.59     169.71      85.83       6.27     167.74      -3.26    -239.54           19
      1286383  4.135817e+13     307.03     257.03     437.50     306.26     256.48     431.31     -33.29      -9.63    -413.92           10
       579860  4.135817e+13     137.89     195.31      81.64     133.19     184.43      79.66    -308.00    -679.36    -116.77           10
      1222847  7.858052e+13     290.19     320.62     246.61     288.81     324.76     250.73    -135.21     254.71     290.17           19
      1551436  4.549399e+13     367.01     346.06     296.70     370.40     352.24     296.72     201.16     378.32      82.65           11
       447294  1.075312e+14     110.73     153.85     245.64     109.13     154.74     243.02    -115.53      74.20    -152.79           26
      1548982  4.962980e+13     370.44     269.21     209.31     371.44     271.57     205.99      34.07     176.71    -230.99           12
       303717  4.135817e+13      70.31     270.31     395.70      68.25     266.98     392.55    -209.01    -147.92    -218.12           10
       358570  4.962980e+13      85.94     443.36     164.06      88.90     447.22     160.06     157.78     199.09    -261.09           12
       362130  7.030889e+13      85.13      51.82      71.58      84.71      52.09      77.46     -43.02      15.87     366.80           17
      1268041  4.135817e+13     304.30     196.09     288.28     300.33     197.10     291.69    -264.43      60.71     229.34           10
      1743798  7.858052e+13     416.02     218.65     206.93     416.51     220.46     208.26      16.58     112.96      89.09           19
       319942  6.617307e+13      75.44     262.21     278.32      79.29     263.79     283.43     261.20     118.03     326.83           16
      1787824  4.135817e+13     427.34      61.33     189.06     433.36      57.93     190.11     353.82    -188.62      84.09           10
       700111  7.030889e+13     166.93     362.71     311.70     171.58     362.31     316.29     301.82     -32.76     286.09           17
       767067  1.654327e+14     178.52     400.68     357.03     178.07     401.22     358.74     -43.08      28.29     111.51           40
      1460579  6.203725e+13     349.35      69.92     392.58     347.48      74.46     393.08     -74.27     316.59      36.65           15
       386104  5.376562e+13      92.10     284.71     222.21      91.42     279.75     219.64     -54.92    -296.32    -151.13           13
      1028242  9.512379e+13     242.95     376.78      73.11     250.31     377.30      72.17     503.71      -9.82     -74.62           23
       884979  4.135817e+13     213.67       5.47     449.61     214.28       9.36     451.39      43.14     252.75     141.71           10
      1229578  4.962980e+13     294.27      22.79      41.99     289.96      33.02      47.01    -268.51     676.73     324.27           12
       602557  6.617307e+13     141.36     387.21     239.99     139.95     385.50     248.90    -108.72    -120.74     564.97           16
       173212  4.549399e+13      41.37     284.98     111.68      39.74     284.28     110.77    -105.86     -40.53     -62.12           11
      1078592  4.135817e+13     255.86     417.97     254.30     257.79     419.78     246.81     134.85     100.72    -496.68           10
      1870640  7.444470e+13     449.00      86.59     191.41     451.16      84.42     192.55     112.96    -152.58     101.00           18
       378495  9.098798e+13      89.67      45.63     493.79      89.86      38.76     496.03       4.74    -411.85     115.48           22
       391185  4.549399e+13      93.93     440.87      66.94      94.38     447.00      63.27      23.56     370.73    -276.48           11
       503538  4.962980e+13     118.82     363.28     447.59     126.57     361.60     450.83     493.94     -99.86     225.64           12
      2040070  8.685216e+13     483.17     262.93      29.48     479.10     257.93      29.04    -257.39    -267.96     -43.04           21
      1541932  4.549399e+13     369.50      56.64     173.47     370.42      53.05     173.23      68.99    -232.88       8.39           11
       511607  6.617307e+13     122.56     110.11     469.73     126.67     115.53     466.08     244.88     328.63    -250.78           16
       500801  5.376562e+13     116.74     282.90     254.66     115.05     280.32     255.68     -89.50    -150.49      67.40           13
      1616177  5.376562e+13     387.47     324.07     192.76     390.03     325.94     194.83     144.83     101.93     116.46           13
      1047816  4.549399e+13     248.40     478.87      34.27     243.09     481.20      36.45    -337.36     120.96     118.44           11
       173342  5.376562e+13      45.22     290.11     120.64      43.68     292.58     119.94     -95.13     152.93     -34.90           13
       879201  4.135817e+13     210.55     331.64     380.86     213.96     332.73     377.51     212.03      46.00    -228.23           10
       712039  4.135817e+13     167.97     228.12     400.78     165.63     231.87     404.88    -127.23     246.14     245.11           10
      1603703  6.203725e+13     377.99     437.89     466.02     375.04     443.71     465.85    -209.69     468.45      18.94           15
       639154  4.962980e+13     152.67       6.18     194.66     147.98       5.93     195.35    -317.68     -47.11      41.36           12
      1757576  1.075312e+14     419.02     139.42      36.21     420.37     137.36      39.19      96.21    -111.89     162.87           26
       472983  1.240745e+14     105.60     433.98      90.23     105.23     437.21      91.83     -18.90     203.65      95.55           30
      1486525  5.790144e+13     351.56     366.07     240.23     350.31     369.19     237.09     -63.87     192.61    -208.96           14
       565052  1.323461e+14     130.25     240.48     236.57     127.46     239.26     237.19    -197.10     -61.37      -4.62           32
      2081885  4.962980e+13     499.02      34.18     363.61     493.44      33.50     362.28    -316.58     -42.18     -84.34           12
       286810  4.962980e+13      69.01     251.95     351.56      72.71     252.87     349.01     245.79      84.94    -187.00           12
      1247091  4.135817e+13     302.73      55.08     451.17     300.01      60.10     451.50    -167.32     325.04      29.21           10
      1931803  5.790144e+13     461.22     454.80     109.38     460.97     454.17     113.94     -33.36     -25.80     307.42           14
      1689988  4.549399e+13     406.78      77.59      18.64     405.81      85.20      15.81     -68.14     491.11    -263.92           11
      1406093  7.030889e+13     336.74     417.85      53.42     339.85     415.40      59.84     206.95    -146.62     372.34           17
       822728  4.962980e+13     193.68     108.40     283.53     190.49     103.80     283.37    -198.69    -281.57     -29.03           12
       720893  1.282103e+14     167.40       3.34     491.24     167.77       8.85     488.43       7.27     341.06    -185.01           31
      1456296  5.376562e+13     346.60     440.35     156.70     343.29     432.35     158.73    -206.01    -531.62     131.64           13
       420448  6.617307e+13      98.88     331.05     380.37     103.50     329.97     377.60     304.21     -68.33    -162.50           16
       422905  7.444470e+13     100.91     403.43     478.30     106.49     410.75     480.20     332.29     456.55     102.59           18
       383170  7.030889e+13      93.86     191.06     256.55      88.27     192.31     251.23    -349.69      93.20    -350.47           17
       636931  4.549399e+13     152.88     438.39      15.09     152.30     438.53      16.27     -21.28      -2.63      79.70           11
      1108030  4.135817e+13     261.72     317.58     244.53     272.88     320.28     255.01     717.89     199.32     680.21           10
       191500  4.135817e+13      42.19     346.48      47.27      45.73     340.16      50.45     260.55    -475.72     200.38           10
       751041  4.135817e+13     178.91     420.70     254.69     178.49     417.86     255.07     -34.38    -184.62      48.46           10
       472564  1.240745e+14     111.07     423.57     460.42     116.25     429.41     465.90     316.54     378.86     330.85           30
      2073769  1.406178e+14     496.21     288.72     163.03     493.70     288.94     161.23    -158.91     -11.95    -121.07           34
      1852490  4.135817e+13     442.19      33.59     290.23     439.70      37.97     282.18    -189.60     283.10    -502.20           10
       347636  6.203725e+13      79.82     105.08     454.30      89.12     111.08     453.34     583.69     362.62     -80.39           15
       835415  1.240745e+14     197.27     498.05     340.62     195.81     496.11     342.60    -109.09    -105.96     125.34           30
       409339  4.549399e+13      93.93     492.37     481.00     101.67     489.89     485.03     448.26    -152.45     275.45           11
       252346  4.962980e+13      59.90     199.22     227.21      59.99     197.73     230.62      25.98     -91.34     225.89           12
       900978  5.790144e+13     212.89     495.26     445.31     212.83       1.45     445.52     -10.52     396.01      12.20           14
        71205  5.790144e+13      18.14     176.06     147.04      11.62     176.36     146.21    -458.50      37.91     -12.10           14
       110264  4.549399e+13      27.88     363.81     222.48      27.59     366.10     225.76      29.55     139.67     185.39           11
      1439135  4.135817e+13     343.75     419.92     121.48     343.95     421.15     125.42     -20.24      82.45     258.22           10
      1905447  4.549399e+13     455.79     150.39     153.23     449.87     150.44     144.67    -416.13       0.35    -547.65           11
       267293  4.549399e+13      65.87     158.56     113.46      63.06     148.28     110.22    -250.59    -660.12    -231.28           11
      1112444  5.376562e+13     267.58     445.46     489.93     261.62     443.21     491.32    -360.89    -184.01     117.26           13
       478704  4.135817e+13     115.23     106.25     438.67     120.12     115.02     443.50     279.66     592.02     318.95           10
      1355747  4.549399e+13     323.69     370.56     390.45     328.81     370.24     390.44     327.16      15.92      21.37           11
      1034440  6.617307e+13     246.58      69.34     280.52     249.61      65.84     283.02     218.84    -236.11     141.83           16
       466260  4.135817e+13     108.98     225.78     327.73     112.25     226.67     332.57     262.62      21.60     334.57           10
      1965702  4.549399e+13     466.44     492.37      27.17     466.59     495.38      35.89      -2.58     218.15     556.69           11
      1955874  4.962980e+13     465.49     190.43     134.44     465.57     182.39     132.52       1.27    -513.22    -108.27           12
      1508839  4.135817e+13     363.28      42.97     400.39     354.22      47.45     400.63    -577.55     298.72      -1.72           10
      1792503  4.135817e+13     428.52     202.73     468.75     430.20     202.54     466.84      88.59     -28.67    -117.63           10
      1278291  7.858052e+13     304.38      10.18     324.73     303.75      13.01     326.19     -31.89     153.55      97.72           19
      1232289  6.203725e+13     294.40     104.82     129.30     290.39     101.50     123.77    -267.16    -193.37    -335.68           15
       983665  4.135817e+13     234.77      16.80     445.31     230.96      21.99     445.90    -236.08     332.64      42.42           10
      1343323  4.962980e+13     317.71     496.74     357.75     319.48       2.67     364.96     164.95     362.80     483.23           12
      1338665  4.962980e+13     317.71     351.24     159.83     316.11     353.28     162.03     -86.39      86.01     152.79           12
       557801  4.549399e+13     132.28      23.62     411.40     139.12      23.66     419.86     401.08      -6.40     551.36           11
       637506  1.612969e+14     153.40     452.97     255.36     155.24     457.75     251.10     126.35     289.15    -248.76           39
      1966623  7.858052e+13     471.32      14.91     121.40     468.79      16.05     120.90    -168.35      83.95     -36.76           19
      1721131  6.617307e+13     415.28      22.46     166.50     417.73      23.69     166.55     134.82      55.09      -6.78           16
       847715  5.790144e+13     201.17     369.42     390.35     199.15     368.32     384.31    -156.17     -77.57    -421.96           14
       170719  5.376562e+13      40.72     210.19     373.95      45.66     214.25     382.47     269.53     278.45     579.38           13
       213942  1.488894e+14      50.67      28.86     211.15      52.74      31.18     209.71     108.08     156.06     -48.01           36
      1373738  5.376562e+13     327.37     423.23     165.72     326.03     417.60     171.01    -114.03    -365.10     355.18           13
      1570996  4.549399e+13     374.11     441.23     203.66     369.38     436.84     200.48    -297.11    -256.32    -166.05           11
      1942393  4.962980e+13     462.89     275.39     472.98     458.04     275.64     472.88    -284.34      14.50     -25.01           12
       761026  1.158029e+14     182.34     229.21     261.44     182.75     229.41     256.63      18.79      37.50    -337.49           28
      1890337  4.135817e+13     453.12     191.02     130.08     455.75     180.22     128.16     175.22    -701.47    -132.90           10
       591461  6.203725e+13     138.93      51.69     398.57     146.00      49.51     401.43     451.98    -149.31     144.89           15
       581570  4.135817e+13     140.62     248.05     258.59     139.93     242.12     258.19     -27.17    -342.72     -10.39           10
        68809  4.135817e+13      19.53      96.48     286.33      23.02      90.62     277.91     184.21    -368.37    -465.94           10
      1937436  7.444470e+13     461.81     125.22     111.33     464.74     125.78     114.80     215.63       9.71     207.54           18
       483529  4.962980e+13     115.56     259.44     284.83     110.95     253.23     288.46    -271.11    -370.26     230.48           12
       238171  4.135817e+13      57.42     269.14     358.20      60.86     269.47     352.52     217.51      16.54    -377.47           10
      1885323  4.135817e+13     452.34      37.11      44.14     456.43      38.29      49.93     247.55      67.11     338.58           10
       690788  4.549399e+13     164.95      81.50     389.38     168.44      78.36     390.43     217.74    -183.29      30.20           11
      1009307  4.962980e+13     237.96     305.99     101.89     246.83     305.94     101.44     603.69      46.68     -22.09           12
       256042  4.962980e+13      61.52     313.80     164.39      60.57     316.87     160.69     -46.96     192.82    -226.72           12
       813761  7.030889e+13     195.20     335.13     254.48     194.24     337.58     260.45     -47.12     163.21     337.97           17
      1777888  4.135817e+13     426.17     257.81     376.17     418.63     256.74     376.03    -419.20     -81.62       8.02           10
      1615513  5.790144e+13     386.72     300.50     101.84     386.35     299.43     102.77     -15.92    -142.89      84.69           14
      1477995  4.135817e+13     355.86     104.69     420.70     359.67     105.42     416.30     297.94     131.35    -252.10           10
       474393  7.030889e+13     106.27     479.43      95.70     110.73     482.14      97.34     307.49     196.03     104.80           17
      1264417  4.962980e+13     302.73      87.57     127.93     300.87      81.63     125.14    -104.37    -386.12    -158.38           12
      1172632  4.549399e+13     279.30     285.69      97.48     277.33     290.65     100.60    -130.39     345.88     173.63           11
       249125  5.376562e+13      59.65     104.12     145.58      58.48     101.64     140.34    -100.78    -143.54    -339.81           13
      1717105  1.364820e+14     409.62     399.56     445.37     409.92     397.33     444.70      31.23    -143.69     -34.94           33
      1182071  4.549399e+13     284.98      73.33     466.44     281.30      78.45     468.34    -240.62     356.67     142.49           11
       787221  5.790144e+13     189.45      24.83      82.59     192.47      23.61      78.05     217.33     -59.89    -307.96           14
      2044957  1.282103e+14     485.07     405.30     121.28     484.74     409.17     123.66      16.24     304.25     181.66           31
      1994242  4.135817e+13     476.56     364.45       9.38     478.56     364.35      12.37     154.24       9.61     180.76           10
      1910356  2.067908e+14     455.70     291.41     326.72     454.69     295.21     318.81     -43.05     240.45    -484.63           50
      1736088  4.135817e+13     411.72     482.42      92.97     409.74     482.77      87.89    -166.14       8.05    -337.63           10
      1228451  5.790144e+13     290.18     488.84     137.28     288.64     490.27     132.99     -69.81      95.12    -267.67           14
      1025440  4.962980e+13     242.19     294.27     124.02     247.28     299.14     118.33     319.71     375.91    -348.68           12
       488443  6.617307e+13     117.68     406.25     488.28     120.15     411.96     487.86     145.24     336.41     -51.19           16
      1720116  5.790144e+13     408.20     493.30     203.40     410.42     499.68     207.07     164.25     390.22     250.63           14
        37195  1.158029e+14       5.72     137.28     293.39      10.12     138.57     278.64     235.03     109.30    -879.57           28
      2094305  4.962980e+13       0.00     410.48     385.74     495.93     408.02     385.68    -238.73    -130.68      26.75           12
       131299  4.135817e+13      33.20       5.47     391.02      37.37       6.64     389.61     260.64      63.15     -83.11           10
      1174597  8.685216e+13     277.99     345.15     273.34     280.89     337.05     272.16     164.82    -590.83     -88.69           21
       884930  4.135817e+13     210.94       7.42     255.86     211.12       7.93     252.94       4.29     -37.81    -151.33           10
        34236  7.030889e+13      10.91      51.59     235.87       3.02      50.23     234.73    -633.26     -75.34     -43.85           17
       502674  4.962980e+13     119.47     340.49      71.61     121.72     344.24      69.65     144.35     247.43    -133.19           12
       319858  4.549399e+13      78.30     261.54     447.98      84.15     253.40     446.18     355.13    -520.60    -116.98           11
       324468  4.549399e+13      77.95     397.90     453.30      79.10     403.45     455.98      38.20     337.57     152.21           11
       617460  7.444470e+13     144.53     340.93     452.04     146.10     341.10     451.18     102.08      15.66     -75.00           18
        49914  4.962980e+13      12.37      20.18     477.86      12.38      20.07     489.54      -1.09     -12.25     691.80           12
       610812  7.858052e+13     145.05     138.67     487.56     143.39     143.08     490.84    -103.73     306.23     211.93           19
       288964  4.549399e+13      66.94     320.49     268.64      65.02     322.69     273.87     -87.31     155.06     302.14           11
       457327  7.444470e+13     111.11     459.42     438.15     122.45     465.87     446.66     695.89     413.95     541.07           18
      1830280  6.203725e+13     437.37     355.34      34.77     433.57     355.28      35.21    -219.49       8.45      26.08           15
      1561397  6.203725e+13     375.65     150.91     208.72     373.39     150.50     206.47    -185.09     -18.61     -96.45           15
      1731664  6.203725e+13     411.33     347.79     314.71     410.81     350.68     313.63     -44.54     172.79     -32.98           15
      1679554  7.858052e+13     404.09     252.78     259.56     401.65     253.01     255.89    -166.83     -42.17    -236.49           19
       736872  1.116671e+14     175.13     486.18     409.22     172.52     486.95     413.79    -141.37      40.15     283.44           27
      1987471  7.858052e+13     473.58     151.01      58.90     472.57     151.99      58.84     -60.70      70.43     -20.87           19
       624707  6.617307e+13     151.12      64.70     264.65     147.04      64.48     258.63    -275.98     -26.64    -359.12           16
      1140833  5.790144e+13     274.55     310.27     381.98     266.39     311.24     383.85    -492.75      47.62     107.75           14
      1204749  4.549399e+13     288.53     267.58      53.80     282.10     269.50      57.03    -418.91     169.56     176.43           11
       742524  4.549399e+13     180.93     157.85     487.75     177.78     154.25     490.33    -234.16    -237.61     140.57           11
      1408441  6.203725e+13     333.20     480.34     221.48     328.70     477.82     211.33    -274.97    -146.25    -616.92           15
       926204  5.790144e+13     219.87     263.39     485.49     218.90     260.02     480.35     -80.24    -195.79    -302.46           14
       552508  4.549399e+13     131.92     360.62     237.39     134.89     364.57     240.85     184.73     281.58     225.80           11
      1052746  9.098798e+13     253.20     127.66     293.50     253.50     122.58     299.73      47.97    -319.18     380.31           22
      2017435  4.135817e+13     480.47      71.48     108.98     485.22      68.10     107.42     314.83    -200.67     -96.04           10
      1400239  7.030889e+13     336.97     232.65     184.86     340.16     237.64     184.81     201.81     308.23       4.34           17
      1135245  5.790144e+13     273.16     146.21      53.57     269.17     136.35      51.87    -250.52    -670.84     -67.22           14
      1047810  9.098798e+13     248.93     476.92       5.15     246.37     480.84       8.65    -129.86     249.52     208.60           22
       993509  8.685216e+13     231.68     318.92     395.93     232.52     320.60     394.61      75.64      76.93     -94.68           21
      1732138  5.376562e+13     411.21     361.03     167.82     408.32     364.70     174.35    -155.54     239.38     392.20           13
       851418  5.790144e+13     202.01     483.26     351.84     199.20     485.35     353.06    -170.77     141.84      54.40           14
      1690445  4.549399e+13     405.36      88.96     303.09     406.15      79.36     304.46     127.88    -646.39      66.93           11
       766271  4.135817e+13     180.86     385.16     246.09     183.55     388.74     250.15     159.91     224.45     191.73           10
       499383  1.282103e+14     119.64     245.15     220.70     115.62     242.94     228.68    -236.24    -146.72     503.88           31
       337543  5.376562e+13      80.38     299.43      26.29      81.38     301.79      26.44      92.34     157.56     -26.97           13
       956427  7.444470e+13     230.47     193.36      48.18     232.10     189.85      49.22      96.36    -208.18      95.55           18
       672604  4.135817e+13     162.11      27.73     363.28     164.80      26.24     367.97     131.54    -100.11     264.16           10
      1217416  4.549399e+13     287.11     151.46      30.72     281.37     150.06      28.72    -384.70     -18.14    -141.94           11
        28791  4.135817e+13       4.30     373.44     464.45       6.81     373.33     466.53     162.93     -11.55     115.44           10
      1778690  5.376562e+13     422.63     282.00      10.67     425.25     282.79       8.48     135.36      59.65    -170.78           13
      1645989  4.135817e+13     388.28     233.98     149.61     392.17     234.49     149.96     245.45      10.46      29.34           10
      1289807  4.135817e+13     311.72     358.59     311.72     304.82     360.76     303.32    -438.76     136.01    -515.51           10
       838826  4.549399e+13     201.17      99.96     168.50     197.69      98.52     164.15    -212.17     -67.96    -250.34           11
       836406  4.962980e+13     203.78      23.76     216.47     205.56      29.39     217.45     134.06     357.42      66.48           12
       732636  7.030889e+13     175.21     357.42     365.00     181.29     360.40     366.16     370.26     175.86      96.55           17
       696585  6.617307e+13     164.55     256.35      41.26     168.02     258.54      41.03     222.34     138.10       2.52           16
      1562491  5.376562e+13     368.84     183.14     480.32     361.11     187.35     479.33    -473.50     278.96    -100.61           13
      1909633  6.617307e+13     453.61     280.27       6.59     451.52     280.02       4.21    -110.44      13.12    -199.13           16
       384105  4.135817e+13      89.84     221.88     414.06      94.72     218.95     416.58     320.12    -199.56     186.24           10
       640610  1.695685e+14     150.58      43.40     385.15     153.38      46.84     390.04     154.32     239.20     285.43           41
      1315824  6.203725e+13     316.28     155.86     441.54     319.29     155.47     437.51     212.95      -7.67    -291.55           15
      1073529  5.376562e+13     254.06     262.17     474.61     247.06     254.95     467.84    -421.94    -463.76    -424.93           13
      1084539  1.282103e+14     260.02      91.92     484.94     264.13      90.30     483.56     289.46    -124.84    -118.90           31
      1150874  4.962980e+13     274.41     122.72     104.82     272.84     115.68      98.99    -110.89    -471.43    -349.03           12
       257613  4.135817e+13      62.11     361.72     301.56      56.90     361.45     300.43    -309.60     -25.78     -62.04           10
       516874  4.549399e+13     124.11     276.46      39.24     118.95     274.54      41.38    -300.19    -139.16     140.86           11
      1416455  4.962980e+13     337.24     226.89      27.67     335.80     218.99      26.78     -97.85    -451.72     -54.93           12
      1960705  5.376562e+13     464.09     336.39       7.36     463.49     336.75      11.35     -41.74      36.53     221.68           13
      1509169  6.617307e+13     358.40      58.11     193.12     361.81      55.67     185.85     242.98    -144.68    -477.90           16
      1597783  4.135817e+13     382.81     262.50     339.84     385.03     258.41     337.30     149.30    -295.18    -181.63           10
      2023176  5.790144e+13     480.75     241.91      35.16     476.57     235.72      35.90    -284.87    -387.24      55.27           14
      2046959  4.549399e+13     487.75     467.51     433.06     488.51     465.42     433.20      29.56    -151.07      -3.61           11
        45301  4.549399e+13      11.19     378.73     456.14      13.04     379.14     457.54     119.97      39.32      72.75           11
      1080423  8.271634e+13     256.05     471.48     406.45     254.07     476.57     410.60    -134.65     307.00     261.69           20
      2041163  4.135817e+13     488.28     294.92     294.92     484.68     300.93     291.75    -266.16     370.79    -188.77           10
       102972  5.790144e+13      25.67     140.35     235.21      23.52     140.79     230.23    -149.96      18.83    -288.23           14
       299148  4.549399e+13      73.69     127.66      50.96      82.83     128.07      54.61     621.33      51.18     198.84           11
      1160899  5.376562e+13     279.30     428.94     260.07     278.74     431.66     252.86     -39.41     188.95    -465.71           13
       552770  5.376562e+13     130.26     370.64     259.47     131.45     377.32     259.18      92.80     439.35     -41.37           13
      2056491  6.617307e+13     490.97     257.81     166.99     491.78     259.46     165.97      81.12     107.26     -81.59           16
       633681  4.135817e+13     150.00     336.33     316.80     157.59     335.85     323.97     474.02     -25.40     461.81           10
      1589743  4.135817e+13     381.25      13.67     435.94     381.11      16.65     431.83      21.02     198.22    -234.62           10
      1980058  4.962980e+13     470.38     429.69     107.42     465.53     427.54     107.26    -323.57    -146.67     -48.17           12
      1326555  6.203725e+13     313.41     480.86     359.24     314.13     490.17     364.28      87.59     584.07     319.19           15
      1106088  5.790144e+13     262.28     256.14     159.04     260.56     248.77     158.92    -126.74    -488.68     -33.48           14
        31024  4.549399e+13       3.73     445.49     186.97       3.72     443.54     185.62       3.83    -109.87     -96.20           11
      1095766  5.790144e+13     262.56     443.64     335.66     259.09     442.53     331.15    -229.18     -66.88    -331.05           14
       415084  7.444470e+13     103.95     164.28     420.14     109.87     165.93     426.52     378.29     108.28     386.49           18
      1758943  4.135817e+13     419.14     175.78     371.48     413.01     171.26     378.45    -350.64    -292.60     448.67           10
      1147446  4.135817e+13     273.44      16.02     213.67     268.50      13.94     214.65    -314.75    -124.27      70.81           10
      1734218  9.098798e+13     411.40     425.07     290.31     410.41     421.48     285.82    -109.12    -209.53    -258.34           22
       879085  5.790144e+13     210.10     328.40     431.92     215.40     327.89     432.25     376.00      -9.07      46.73           14
      1308081  5.376562e+13     309.95     419.62     192.76     313.90     411.52     190.78     319.78    -551.63    -158.79           13
      1745957  9.925961e+13     419.76     280.44     146.48     415.96     275.86     152.13    -228.24    -293.27     328.73           24
      1139612  7.030889e+13     275.62     279.76     111.79     279.64     283.51     113.73     291.68     256.65     151.96           17
        51080  1.778401e+14      10.13      55.91      30.66       8.79      52.53      37.95     -86.73    -230.84     449.98           43
       495318  4.135817e+13     118.75     112.89     339.84     122.52     112.38     347.67     247.95     -53.26     477.85           10
      1618264  7.030889e+13     382.24     382.24     346.16     389.42     375.60     344.06     428.72    -435.98    -134.58           17
       996036  4.135817e+13     237.89     393.36     265.62     237.30     397.12     263.96     -57.89     243.97     -93.11           10
       160716  9.098798e+13      36.93     404.30     293.86      37.53     401.11     294.77      77.83    -160.27      94.00           22
       434876  4.135817e+13     103.91     273.44     236.72     103.11     266.92     233.72     -61.68    -412.57    -233.60           10
       336692  5.790144e+13      82.59     273.16     204.24      81.20     269.37     205.11     -61.52    -237.46      60.82           14
       419394  5.376562e+13     103.52     300.03     263.07     103.93     296.10     264.97      -2.06    -231.42     101.34           13
      1385875  8.685216e+13     330.45     299.20      72.08     332.57     307.02      76.06     123.20     482.11     222.49           21
       262308  4.962980e+13      64.13       6.51     144.21      72.78       8.20     143.14     582.17     102.01     -67.60           12
      1415434  1.033954e+14     337.89     194.45      42.27     342.75     185.63      40.92     302.73    -572.89     -80.36           25
      2034201  5.790144e+13     485.49      79.52     101.00     490.27      73.60     102.04     294.46    -381.16     109.68           14
      1303251  4.962980e+13     311.52     270.51     325.85     307.05     268.20     322.37    -260.63    -127.70    -197.96           12
      1367686  4.135817e+13     329.30     242.97      25.39     329.21     236.04      24.31     -19.27    -425.43     -98.90           10
      1125903  4.135817e+13     266.02     362.11      57.42     265.39     367.32      65.83     -85.76     314.98     542.42           10
       930371  4.549399e+13     219.28     389.38     265.09     218.31     393.06     267.49     -85.44     227.69     128.63           11
       153703  4.549399e+13      33.20     193.00     405.01      40.75     196.34     402.59     464.95     213.64    -177.05           11
       201329  6.617307e+13      49.32     140.38     441.16      56.13     146.58     438.94     423.31     385.00    -162.76           16
        47115  6.203725e+13       9.24     436.59      40.23      11.47     438.08      41.38     142.44     112.54      63.14           15
      1241759  7.444470e+13     295.36     395.62     122.40     296.33     393.56     125.27      55.05    -122.43     178.49           18
      1136117  7.444470e+13     267.80     171.44     458.33     270.09     168.70     465.42     148.96    -161.07     470.52           18
      1125853  4.549399e+13     266.16     358.84     365.94     262.85     355.01     359.78    -192.47    -222.93    -393.63           11
       626726  5.790144e+13     150.11     128.35     148.16     149.14     129.38     140.80     -39.38     143.64    -445.81           14
       790273  1.778401e+14     191.54     116.69       2.04     189.06     111.57     498.51    -172.48    -328.35    -230.63           43
      1660239  4.135817e+13     398.44     167.97     310.16     397.82     167.52     313.26     -34.54      -8.78     195.91           10
       401340  4.549399e+13      94.64     245.56     233.49      91.44     243.42     232.19    -206.93    -102.53     -95.36           11
       197539  6.203725e+13      52.99      29.04     141.02      61.37      30.54     143.79     542.82      85.23     170.65           15
      2016097  4.962980e+13     484.05      27.34     381.18     477.86      25.24     381.42    -385.45    -138.64      36.36           12
       604453  4.549399e+13     142.93     449.40     144.35     137.08     454.75     142.58    -390.29     371.39    -106.35           11
       313802  7.030889e+13      75.71      74.56     290.10      74.78      71.44     281.92     -81.46    -222.62    -528.86           17
      1093856  4.135817e+13     261.33     382.81     373.83     258.33     381.46     371.28    -209.79    -115.13    -140.24           10
      1980731  5.376562e+13     468.30     445.46     230.92     470.35     440.15     230.25     112.82    -390.03     -50.29           13
      1991390  4.135817e+13     476.17     269.14     368.75     479.60     271.57     365.43     196.04     125.17    -203.97           10
       529808  4.962980e+13     124.35     166.02      65.76     124.71     155.72      67.58      39.12    -672.92      83.91           12
      1128472  4.135817e+13     265.62     438.67      91.41     265.11     437.78      95.22       8.89    -110.54     257.12           10
      2021723  4.135817e+13     481.25     196.48     355.86     487.46     196.12     354.86     403.67     -82.95    -100.62           10
       443701  4.549399e+13     110.97      43.15     206.85     111.51      38.30     205.21      42.09    -331.09     -87.25           11
      1903272  2.274699e+14     457.00      86.83     164.52     454.67      87.17     161.54    -182.64      74.41    -256.38           55
      1157413  4.135817e+13     275.39     319.14     144.53     281.00     320.84     143.23     326.31     113.23     -48.10           10
      1738131  4.549399e+13     416.37      42.08      75.46     419.74      40.46      68.88     187.57    -127.27    -445.09           11
       324004  6.617307e+13      79.83     391.60     139.65      78.70     392.47     135.43     -87.16      59.90    -258.31           16
       572258  7.858052e+13     136.00     466.39     380.86     143.58     465.22     386.40     492.38    -106.48     378.29           19
      1851150  5.790144e+13     439.17     495.54      54.13     439.97     493.82      58.12      55.95    -150.92     258.44           14
       593796  8.271634e+13     145.51     124.02      19.73     147.77     126.29      23.50     129.08     113.71     238.44           20
        70197  1.158029e+14      17.02     142.44     208.43      17.88     142.29     210.01      75.25      -3.96     120.62           28
       421539  4.135817e+13     102.73     364.06     141.80      99.74     369.02     141.47    -172.63     287.61      15.65           10
       483073  4.135817e+13     115.23     242.19       5.08     116.83     244.06       5.93     103.05     101.61      61.31           10
       641470  5.790144e+13     154.58      74.50     245.54     151.19      73.09     242.78    -228.19     -73.89    -157.17           14
       765305  7.030889e+13     182.79     354.43     470.47     181.37     351.36     468.71    -105.36    -199.85     -96.07           17
       558013  4.549399e+13     134.06      31.07     238.81     135.29      30.45     235.60      72.49     -57.95    -188.17           11
       136751  4.135817e+13      33.59     175.00     186.33      33.16     169.24     187.84     -10.47    -385.67      92.82           10
      1823357  4.549399e+13     434.48     140.45     488.10     433.82     134.51     494.67     -61.33    -391.20     425.58           11
       272914  6.203725e+13      65.23     330.60      73.31      66.56     331.99      70.84      93.79      78.72    -167.42           15
       927968  1.612969e+14     219.90     318.56     377.45     223.55     321.24     377.93     249.56     122.75      48.95           39
      1522074  4.135817e+13     359.77     452.73     105.86     358.31     442.38     109.38     -92.20    -751.81     207.53           10
       973407  4.135817e+13     234.38     204.30     372.66     236.98     204.78     373.35     158.03      28.01      51.06           10
      1365050  4.549399e+13     327.24     156.43     227.81     330.17     151.55     221.16     186.32    -356.80    -401.30           11
      1186249  5.376562e+13     282.30     201.17     290.41     275.91     201.69     290.55    -407.60      34.59      -6.80           13
      1294467  4.135817e+13     308.59       8.59      16.80     305.36      14.08      16.50    -220.36     351.22     -32.05           10
      1363847  4.135817e+13     328.12     123.44      32.42     322.06     120.71      27.16    -392.15    -204.38    -308.82           10
      1667454  7.858052e+13     396.48     387.64     491.06     397.37     384.59     495.62      78.73    -211.72     286.05           19
       716998  4.135817e+13     169.53     381.64     276.56     173.89     381.09     277.78     266.63     -62.23      60.68           10
       550554  4.962980e+13     133.79     301.11     102.86     132.96     301.51      97.49     -44.27      14.04    -334.68           12
       831892  5.376562e+13     198.17     385.97      79.18     198.17     394.65      76.36      15.37     539.71    -180.19           13
       609927  6.617307e+13     147.22     112.30      25.15     148.23     119.05      26.78      38.26     437.04      95.63           16
      1547579  4.962980e+13     364.26     228.84     234.05     365.74     230.91     231.71      86.45     107.55    -138.43           12
      1277496  4.549399e+13     299.89     484.20     223.54     293.80     478.63     221.72    -393.99    -343.97     -82.69           11
      1901595  4.135817e+13     455.86      30.47     110.16     460.59      29.53     110.48     309.84     -31.84      17.44           10
      1585432  4.135817e+13     378.91     385.55      93.75     381.29     384.80      92.70     191.92     -67.70     -85.88           10
      1322528  4.135817e+13     314.45     359.77     129.30     311.95     361.66     131.22    -156.02     110.15     102.00           10
       431372  6.617307e+13     104.25     161.87      52.25     105.59     151.56      55.56      47.68    -664.09     195.84           16
      1119455  4.135817e+13     268.75     163.28     375.00     271.17     164.44     377.06     138.92      64.68     134.17           10
       871301  4.549399e+13     210.40      91.44      20.42     209.64      87.81      12.79     -82.86    -229.47    -474.81           11
      1087094  5.376562e+13     261.87     175.33     461.99     265.77     172.20     466.70     274.35    -205.79     302.42           13
       727570  4.962980e+13     171.88     207.03      72.27     167.66     201.87      69.68    -273.44    -340.23    -144.23           12
      1157147  6.617307e+13     275.63     310.06     106.93     272.19     310.51     108.19    -297.73      31.62      80.02           16
      1116267  6.203725e+13     269.40      60.03     421.22     262.13      56.51     423.04    -471.43    -224.48      77.15           15
       419540  4.135817e+13     104.69     304.69     329.69     100.83     302.60     330.26    -266.17     -81.19       3.47           10
      1095353  1.364820e+14     262.84     424.42     231.47     270.18     424.87     228.94     484.91      26.66    -193.35           33
       645747  4.135817e+13     154.30     202.34     451.95     151.97     198.79     445.69    -149.00    -202.53    -422.74           10
       405093  6.617307e+13      93.99     361.33     394.78      93.27     360.44     389.31     -64.71     -45.56    -359.59           16
      1033269  6.203725e+13     246.48      31.90     206.90     242.43      29.49     207.49    -273.29    -145.87      22.90           15
        98697  6.203725e+13      28.78      17.06      40.76      30.15      19.35      47.03     118.57     120.32     409.88           15
       437723  7.030889e+13     101.68     357.42     362.25     104.72     356.45     363.16     200.99     -80.28      34.83           17
       724578  4.962980e+13     174.48     111.00     386.72     175.55     106.91     392.17      66.01    -240.89     356.49           12
       221154  4.549399e+13      55.93     247.34     382.63      58.46     245.99     383.72     145.66     -48.98      68.70           11
      1149706  6.203725e+13     273.83      86.07      40.49     274.86      87.39      43.41      70.51      78.33     245.20           15
      1205419  9.512379e+13     289.49     290.68     169.92     291.78     290.01     173.55     100.02     -37.59     253.71           23
      1804827  4.549399e+13     429.87      79.72     109.20     432.40      79.13     111.01     167.06     -31.55     101.93           11
       577579  4.135817e+13     135.94     131.25     167.97     130.61     129.18     155.31    -359.40    -117.94    -770.60           10
      1889570  4.135817e+13     452.73     165.23     136.72     450.56     160.61     131.71    -163.57    -295.90    -327.81           10
       103361  5.376562e+13      25.69     154.00     253.76      26.28     150.20     240.94      36.51    -240.33    -816.76           13
      1595961  5.790144e+13     384.49     205.92     227.40     384.12     211.25     226.46     -16.17     320.16     -40.36           14
      1956590  4.135817e+13     465.23     209.77     433.59     461.08     208.71     441.55    -201.90     -53.69     451.59           10
       263702  4.135817e+13      67.58      50.78      90.23      71.72      54.79      91.10     264.67     252.85      52.30           10
       329933  4.549399e+13      82.21      66.58     303.09      79.45      68.56     293.99    -206.51     106.42    -566.32           11
      1873985  7.030889e+13     445.43     192.44     259.31     439.91     190.30     249.77    -328.22    -142.63    -574.40           17
      1633192  4.135817e+13     387.11     343.36     156.25     386.58     349.13     155.82     -22.15     346.11     -37.78           10
      1008415  4.135817e+13     237.89     277.34     126.17     238.49     273.90     121.81      10.15    -220.90    -255.77           10
      1215805  7.444470e+13     289.06     100.91     244.36     286.42      92.60     245.27    -180.67    -513.94      37.14           18
       458833  4.549399e+13     107.78       7.63     319.78     109.78       7.86     319.08     113.18     -10.06     -45.87           11
       341657  8.685216e+13      85.29     426.43      99.05      90.20     429.38      99.65     299.46     172.33      42.28           21
       914415  8.271634e+13     218.16     403.71     436.33     214.77     406.61     437.35    -245.82     170.40      94.23           20
       366263  7.858052e+13      85.22     178.56     212.48      82.02     175.46     215.97    -208.74    -171.86     231.62           19
      1004681  7.444470e+13     242.19     157.77      36.24     245.43     150.94      36.84     198.38    -429.24      36.78           18
      1071986  4.135817e+13     257.03     213.67     448.44     256.02     211.32     451.38     -65.31    -143.51     180.45           10
      1457303  5.376562e+13     347.81     473.11      91.80     347.32     471.53      91.50       2.93     -91.62     -39.50           13
      1107609  4.135817e+13     261.72     304.69     100.39     262.31     307.43     102.67       0.56     212.11     136.10           10
      1700019  9.512379e+13     405.49     383.41     204.40     405.40     380.61     206.76      17.65    -198.73     197.92           23
      1591362  6.617307e+13     377.44      63.48     260.50     379.26      60.50     256.16     128.86    -181.78    -292.37           16
       482201  4.549399e+13     112.04     216.80      97.12     110.85     214.07      97.27     -61.55    -135.67      27.28           11
       121526  6.203725e+13      32.16     209.77     216.28      35.26     204.30     215.75     233.58    -347.34     -18.92           15
       860572  5.790144e+13     203.12     263.95     111.33     210.81     260.69     112.46     486.54    -186.36      77.14           14
      1859640  4.549399e+13     440.87     253.02     221.77     444.36     256.52     218.88     214.46     215.61    -159.07           11
      1618002  6.617307e+13     386.23     374.27     322.75     389.72     372.26     323.63     199.71    -123.78      92.02           16
       914191  5.376562e+13     214.69     400.69      60.85     214.96     408.72      59.82      14.74     527.59     -99.20           13
      1854860  4.135817e+13     442.58     105.86      49.22     441.24     107.34      49.57     -97.22      88.45       4.26           10
        39298  4.135817e+13      10.55     201.95      10.94       6.07     203.82      17.75    -265.53     127.38     437.63           10
      1115532  4.135817e+13     267.58      43.75      45.70     264.85      51.67      45.95    -184.11     530.56      -6.85           10
      1862343  4.549399e+13     443.36     336.12     277.88     440.70     339.57     274.77    -189.51     242.88    -187.71           11
       971910  4.962980e+13     232.75     161.13      26.04     236.19     155.14      30.20     214.33    -374.60     272.47           12
      1859803  5.376562e+13     443.66     254.06     356.52     438.45     256.82     351.87    -315.56     187.95    -251.44           13
       895521  5.376562e+13     216.20     329.78     131.76     222.47     329.66     130.55     343.50     -14.82     -73.86           13
       440192  1.406178e+14     102.94     443.59     498.05     111.19     449.56     499.08     557.76     384.27      51.63           34
       408296  4.135817e+13      99.61     455.47     407.03     110.88     454.95     404.62     641.33     -79.92    -175.76           10
      1562489  4.135817e+13     368.75     185.16     473.44     363.10     187.02     472.84    -304.15      67.12     -81.15           10
        30565  6.203725e+13       4.82     432.94     394.14       1.54     427.99     392.15    -160.61    -330.60    -166.46           15
       318117  7.030889e+13      75.02     208.07     144.88      74.27     204.75     140.81     -52.60    -193.71    -223.51           17
       365893  4.135817e+13      90.23     164.06     271.88      88.79     167.36     270.79     -92.85     229.67     -67.51           10
      1145994  4.135817e+13     274.22     473.83      42.58     266.56     478.54      43.67    -448.52     287.99      35.44           10
      2077851  4.549399e+13     493.79     408.56     108.84     486.35     406.24     112.07    -454.67    -134.70     188.81           11
      1907536  4.549399e+13     454.37     214.31     313.39     455.48     219.49     316.85      78.85     297.91     225.74           11
      1339012  4.135817e+13     320.31     363.67      15.23     329.08     368.44      17.14     546.54     345.99      93.47           10
      1203969  4.962980e+13     290.69     240.56       5.86     288.92     231.80       4.50    -102.84    -503.01     -74.98           12
      1777991  4.135817e+13     421.48     260.55     275.78     420.67     267.40     268.59     -38.76     395.91    -444.48           10
       443162  8.271634e+13     105.86      23.44     102.93     105.39      24.10     103.03     -14.06      42.66      10.23           20
      2001973  5.790144e+13     478.79      97.66     208.98     476.64      98.10     212.32    -136.42      48.12     218.59           14
      1436179  7.444470e+13     338.32     330.08      77.26     339.56     330.80      79.96      63.58     -30.21     162.02           18
      1555128  5.790144e+13     368.86     461.50     220.98     368.05     458.12     214.65     -59.40    -208.64    -370.08           14
      1776174  4.962980e+13     423.18     203.45     179.69     428.28     203.01     179.04     335.61     -40.53     -36.97           12
       545390  5.790144e+13     132.25     143.42     428.29     136.39     138.11     438.88     275.99    -448.39     733.25           14
       273504  4.962980e+13      64.78     344.40     373.05      66.87     341.48     372.47     141.03    -157.40     -47.36           12
      1984535  4.549399e+13     478.87      60.90      91.44     478.02      56.84      90.94    -103.84    -278.97     -27.54           11
        93564  4.549399e+13      22.19     353.52     485.62      19.92     350.78     486.67    -189.36    -186.12      74.25           11
      1387701  5.376562e+13     329.78     350.21     209.59     330.37     354.60     212.12      58.23     255.63     171.20           13
      1651724  1.158029e+14     387.42     408.90      52.04     387.61     409.27      54.57      -8.88      28.50     173.90           28
      1150622  2.274699e+14     273.69     122.48     116.94     272.50     117.67     108.08     -71.41    -299.67    -575.48           55
      1741868  6.203725e+13     412.63     163.67     174.09     415.76     158.71     167.81     180.42    -313.50    -416.35           15
       451583  5.790144e+13     110.21     279.58       0.28     114.08     276.31     497.29     237.63    -201.24    -208.54           14
       894117  4.549399e+13     209.69     286.40     141.87     212.35     283.57     137.73     154.30    -157.70    -223.65           11
       880176  5.790144e+13     211.50     363.84     186.38     218.63     371.33     186.66     400.32     427.22      36.94           14
      1561054  7.030889e+13     372.59     138.44     368.91     366.55     132.94     378.50    -368.00    -321.83     593.31           17
      1424371  4.135817e+13     335.94     468.36     451.95     334.07     468.34     450.90     -96.59     -31.17     -67.29           10
       859738  7.030889e+13     203.01     234.49     354.20     200.83     232.18     356.46    -157.60    -161.50     142.66           17
       369224  5.376562e+13      87.89     265.47     285.31      85.32     267.67     290.73    -182.20     190.84     336.88           13
      1982392  4.549399e+13     471.41     499.11     222.48     473.02       2.11     222.41      88.86     187.44     -18.58           11
      1100609  9.512379e+13     264.01      90.27     256.37     262.38      82.97     262.28    -137.43    -453.94     357.56           23
      1190719  6.617307e+13     280.27     338.13     247.56     282.54     335.14     252.47      72.84    -229.77     309.19           16
       413001  4.962980e+13      97.66     103.52     285.16     102.03     100.51     281.91     288.76    -169.05    -187.52           12
      1033329  4.135817e+13     248.05      34.77     444.92     245.43      40.16     445.11    -146.29     346.50      -7.03           10
      1148628  4.549399e+13     271.48      53.44     331.50     271.30      56.05     336.41     -23.46     145.60     323.80           11
       885184  5.376562e+13     214.69      14.87     251.35     215.74      16.41     248.78      87.68      96.99    -167.82           13
      1537638  6.617307e+13     366.46     423.58     396.73     375.72     423.60     401.92     595.71     -11.69     340.93           16
      1955435  7.858052e+13     469.26     176.09     418.48     467.82     172.52     426.74    -104.24    -201.14     497.88           19
      1849058  5.376562e+13     439.15     425.03     381.76     431.77     419.15     379.49    -451.36    -323.77    -131.16           13
      1071508  5.376562e+13     259.16     198.77      82.48     260.79     192.72      78.19     104.18    -399.44    -283.77           13
       562013  4.135817e+13     136.33     148.83     366.41     141.69     151.44     366.75     370.47     172.02     -17.77           10
       533913  7.030889e+13     131.78     292.16      97.77     132.07     296.45      95.07      23.50     298.55    -148.45           17
      1202250  4.135817e+13     285.55     188.28     292.58     280.47     190.25     294.26    -308.27     112.54      86.49           10
      1222604  7.444470e+13     293.19     309.46     297.53     286.35     312.82     288.94    -440.73     206.70    -546.49           18
       159513  4.135817e+13      34.38     368.75     103.12      31.63     369.18     105.54    -168.81      41.28     175.16           10
       105318  4.549399e+13      28.23     213.25     402.17      43.29     212.14     395.20     930.11     -72.78    -543.98           11
       456972  5.376562e+13     106.82     441.86      50.63     104.81     446.65      52.52    -144.65     295.47     150.76           13
      1611407  8.271634e+13     386.72     178.52      61.72     388.13     176.27      71.01      98.00    -146.63     684.80           20
      1969294  4.962980e+13     472.66     101.56      60.55     472.84     103.02      62.32      29.43     104.46     109.75           12
       848752  9.925961e+13     206.05     400.39     437.01     208.59     402.23     435.70     170.24      98.94     -95.49           24
      1123247  7.858052e+13     271.90     276.83     187.19     277.49     272.74     185.89     341.96    -260.44     -89.17           19
       581134  4.962980e+13     138.67     235.35      55.01     131.13     232.31      56.98    -480.50    -211.90     119.62           12
       140606  4.135817e+13      34.77     294.14     242.19      33.33     295.72     244.56     -66.92      98.20     176.82           10
       479363  7.444470e+13     119.79     129.34      15.84     120.42     132.08      22.09      29.20     141.33     430.21           18
      1930814  5.376562e+13     455.38     425.33     244.74     457.66     421.01     242.24     152.00    -234.17    -181.71           13
       626368  8.685216e+13     149.65     113.37     253.26     151.74     109.17     253.30     167.85    -208.65      12.46           21
       424919  4.549399e+13     102.10     467.15     342.51     105.25     463.78     340.94     107.98    -247.04    -129.67           11
      1744709  4.962980e+13     415.04     245.77     269.86     412.66     255.14     262.04    -159.77     607.77    -462.46           12
      1095562  4.549399e+13     262.61     434.13      40.66     255.31     434.25      44.70    -413.64      31.52     229.17           11
      2042412  9.925961e+13     489.10     332.68     174.48     488.38     330.57     170.96     -44.76    -119.16    -252.17           24
       174042  4.549399e+13      38.17     307.71     353.87      39.01     305.08     352.40      23.43    -160.57     -79.91           11
      2053176  4.549399e+13     491.65     159.62     218.57     494.98     150.63     213.38     187.87    -582.58    -284.67           11
      1339314  5.376562e+13     318.36     371.54     195.46     316.83     379.49     194.93    -109.31     523.33     -50.59           13
      1915915  7.444470e+13     456.81     470.70      45.36     457.69     474.08      47.01      71.23     211.76      87.44           18
       820604  4.135817e+13     194.92      37.89     488.28     193.56      38.68     487.43    -122.31      47.26     -73.32           10
       431962  8.685216e+13     103.52     182.94     352.21     102.26     189.87     352.95    -103.09     440.10      50.80           21
      1529907  4.135817e+13     363.28     189.45     201.95     361.60     188.29     195.16    -129.30    -108.83    -459.13           10
       441783  1.116671e+14      98.60     478.08     221.14      93.71     483.92     215.36    -333.77     341.37    -372.29           27
      1245002  7.858052e+13     292.66     491.67     286.70     288.98     494.02     283.70    -213.26     164.90    -168.40           19
      1692259  1.075312e+14     403.70     141.53     392.28     397.02     140.74     400.44    -356.13     -40.64     530.27           26
      1741054  7.858052e+13     418.28     131.48     493.11     420.02     125.37       1.84     109.86    -389.29     542.84           19
       593735  4.135817e+13     145.31     115.62     278.52     146.75     111.78     270.20      96.61    -225.64    -485.30           10
       775300  5.790144e+13     184.15     160.71      17.58     181.34     154.57      12.27    -173.42    -376.23    -361.74           14
      1258665  4.549399e+13     298.83     413.53     162.46     304.10     412.06     171.26     369.64    -104.07     579.55           11
      1060633  4.549399e+13     254.08     370.56      99.61     259.78     373.35      98.50     344.55     175.42     -55.16           11
       262002  7.444470e+13      57.94     493.71     450.52      61.12     490.05     459.03     172.53    -206.78     475.77           18
      1504923  8.271634e+13     359.38     426.37     109.18     360.97     429.26     112.61     113.16     261.73     218.81           20
      1195907  4.962980e+13     281.58     496.74      13.35     279.62     499.58      16.58    -120.51     167.47     188.67           12
       408204  1.033954e+14      93.98     461.17      50.55      94.49     460.05      52.32      19.47     -83.52     121.96           25
      1311591  4.135817e+13     316.02      26.17     406.25     318.62      26.00     403.50     205.65     -33.50    -180.73           10
       538707  4.962980e+13     127.60     440.76     326.82     130.18     443.81     331.86     144.27     207.19     304.53           12
       837529  5.790144e+13     201.17      60.27     100.73     205.76      65.29     103.18     285.68     335.70     181.65           14
      1884733  8.271634e+13     451.56      17.77     236.72     451.61      18.54     235.64      -6.62      42.68     -67.44           20
       251616  4.549399e+13      58.77     175.96     377.31      64.40     178.08     380.42     370.29     110.65     194.18           11
      1465655  7.030889e+13     349.15     232.42     216.80     356.31     237.32     212.92     453.17     322.13    -261.32           17
       843507  4.962980e+13     200.85     243.49     454.10     207.67     248.25     452.82     485.16     373.46     -47.10           12
       234317  9.512379e+13      57.32     151.92     303.24      64.81     155.97     301.70     440.74     301.23    -104.17           23
      1595967  5.376562e+13     382.36     202.67     246.84     385.47     209.26     238.52     224.39     385.88    -499.49           13
       267340  1.199387e+14      63.51     164.80     301.66      68.32     163.66     300.00     287.43    -103.59    -101.54           29
       335515  5.376562e+13      80.38     240.53     106.52      77.75     235.49     106.69    -191.24    -323.68      77.48           13
      1820102  1.364820e+14     434.96      49.06     278.94     435.50      46.31     275.80      15.96    -211.95    -166.33           33
      1957642  5.376562e+13     464.99     244.14      41.02     469.04     239.35      38.42     288.55    -276.31    -238.44           13
       496453  4.135817e+13     121.88     149.22     271.88     120.81     146.87     269.68     -66.65    -138.64    -104.35           10
      1083319  7.030889e+13     257.93      58.48     211.28     256.64      48.69     209.93     -86.53    -564.29     -91.06           17
      1487053  6.203725e+13     352.99     377.99     299.61     356.83     378.16     291.64     250.61       2.93    -489.08           15
       741768  4.549399e+13     179.15     136.54      32.14     175.60     134.31      27.73    -223.87    -141.69    -271.13           11
      1194545  4.135817e+13     280.86     453.12     189.45     282.91     449.09     194.92     131.86    -287.61     359.67           10
      1000102  4.549399e+13     241.65      23.62     151.10     243.64      25.21     149.51     105.94     114.69     -92.29           11
      1175034  4.962980e+13     280.27     354.82     478.84     270.18     354.64     474.65    -612.46     -16.77    -240.40           12
      1109766  4.549399e+13     262.25     371.63      23.97     257.27     376.02      26.20    -332.33     233.74      77.36           11
      1001340  4.549399e+13     238.10      55.58     483.84     237.40      55.55     480.68     -51.59     -20.20    -206.42           11
       385268  4.549399e+13      89.31     254.44     452.95      92.41     249.49     449.04     186.88    -310.69    -264.10           11
      1127863  5.790144e+13     266.18     417.13     219.59     272.01     420.86     220.54     362.53     267.08      78.88           14
      1962985  4.135817e+13     469.14     403.52     414.06     466.77     406.68     417.34    -130.39     226.77     214.29           10
      1525714  6.203725e+13     363.15      62.89     320.96     359.51      65.53     330.88    -216.58     120.11     657.90           15
      1663251  4.549399e+13     394.71     257.28      77.95     400.36     249.93      81.48     362.80    -444.00     239.92           11
      1280370  5.790144e+13     308.59      65.57     450.61     304.64      65.50     450.48    -235.63     -18.84     -19.08           14
      1299901  4.549399e+13     309.48     171.34     241.30     306.73     173.16     238.10    -148.16      95.64    -192.65           11
       739663  5.376562e+13     174.13      69.86     312.05     176.91      73.28     311.90     149.89     239.33       8.84           13
      1133303  6.203725e+13     272.27      82.42     468.62     272.94      84.64     471.92      60.91     178.21     223.19           15
       746884  4.962980e+13     177.41     296.22      17.58     174.80     294.60      17.10    -157.10     -77.24       6.34           12
       840648  7.444470e+13     200.74     156.25     280.60     201.12     153.65     284.48      22.38    -179.44     220.37           18
       478488  4.135817e+13     114.06     100.78      93.36     114.63      99.78      94.66      38.90     -80.17      75.93           10
      1154795  4.549399e+13     273.97     240.94     417.79     269.89     240.12     417.18    -273.10     -37.33     -38.78           11
      1077945  4.962980e+13     253.91     393.88     223.96     257.95     404.05     224.98     212.66     673.21      59.12           12
       368857  5.790144e+13      88.45     256.42     350.73      87.23     254.82     345.08     -90.19     -83.33    -376.99           14
       456920  4.135817e+13     108.59     446.09     347.66     113.00     450.75     345.38     219.74     315.45    -170.07           10
       654013  4.962980e+13     152.99     458.98     241.86     153.45     462.30     237.41      27.84     164.46    -280.72           12
      1165466  5.376562e+13     277.19      69.86     103.82     276.29      67.15      99.04     -65.15    -182.89    -297.27           13
       971645  7.858052e+13     233.24     152.65     489.82     235.25     146.49     488.27     129.48    -379.05     -90.76           19
      1157995  6.203725e+13     273.31     339.71     419.14     265.01     336.84     418.12    -497.00    -190.76     -59.18           15
       421577  8.271634e+13      99.02     361.52     285.94      97.52     366.38     288.17     -96.88     324.15     153.26           20
       757247  7.030889e+13     181.64     109.95     494.83     182.00     105.83     496.05      10.00    -279.60     128.05           17
        89919  6.617307e+13      25.39     244.63     248.29      31.93     244.35     245.08     406.14     -70.32    -208.72           16
      1620291  4.135817e+13     386.72     445.31     266.02     389.82     443.74     263.15     191.68     -78.68    -157.51           10
       852544  4.549399e+13     203.30      19.35     256.21     201.79      21.66     252.06    -111.39     128.43    -238.22           11
       167331  6.203725e+13      43.88     107.94     139.71      49.08     106.60     140.39     328.59     -69.49      58.69           15
      2014359  5.376562e+13     478.22     475.81      93.30     477.10     479.10      92.73     -43.01     204.47     -39.93           13
       569115  7.444470e+13     139.32     371.96     108.94     139.50     374.40     105.51      48.70     148.47    -230.07           18
      1393665  4.549399e+13     335.05      36.04       8.70     331.95      39.33       9.64    -174.07     189.25      47.87           11
        67549  5.376562e+13      16.68      58.14     363.43      16.20      58.06     364.76     -32.58      10.98     105.60           13
        76997  4.549399e+13      14.03     352.45     273.26      11.48     352.96     275.06    -142.89      54.11     163.41           11
      1676467  7.444470e+13     399.74     163.19     200.74     401.76     162.08     197.91     115.05     -58.20    -182.93           18
      1905317  5.376562e+13     453.58     146.78     145.88     449.07     148.74     140.62    -328.46     159.19    -313.67           13
      1673348  4.549399e+13     404.30      67.65      17.22     403.87      78.45      18.44       2.59     726.20      32.86           11
      1422800  7.858052e+13     340.36     417.66     315.48     338.97     415.23     306.68     -90.51    -148.97    -523.86           19
       699507  6.203725e+13     163.93     341.80     447.27     163.67     340.73     445.96     -10.60     -78.97     -72.99           15
       557957  5.376562e+13     137.17      29.00      19.38     139.24      24.34      20.27     130.39    -295.85      34.11           13
      2064031  4.135817e+13     491.41     491.41     126.56     488.93     494.98     127.93    -135.57     196.45      94.97           10
          910  4.962980e+13       2.60      31.58      55.01     499.46      32.45      57.30    -248.16      26.21     142.75           12
       554137  6.617307e+13     129.39     412.84      97.41     126.02     418.48      96.95    -200.94     413.23     -13.47           16
       911723  2.150625e+14     224.68     328.20     421.42     223.04     328.57     424.79    -127.11      32.78     264.05           52
       895268  4.962980e+13     216.15     319.99     144.86     223.32     322.25     137.49     406.60     161.81    -430.61           12
       823400  4.135817e+13     194.92     126.95     410.94     194.96     130.06     419.17      23.39     233.99     499.68           10
      1277609  4.549399e+13     302.38     490.94     159.98     304.98     491.80     160.57     163.41      54.81      40.14           11
       408639  4.962980e+13      95.38     470.70     248.37      90.51     477.49     237.49    -359.40     434.04    -687.44           12
      1137886  5.376562e+13     266.68     223.71     370.94     266.33     219.50     370.48     -20.57    -265.21     -33.66           13
      1767061  1.612969e+14     418.82     428.64      86.09     415.93     427.50      85.73    -201.82     -59.39     -32.35           39
      1715811  5.376562e+13     407.60     364.03     387.17     406.44     361.21     379.81     -71.64    -222.51    -485.20           13
      1272062  4.549399e+13     303.09     317.65     495.56     304.44     314.97     492.26      77.98    -155.96    -199.47           11
      1442870  1.199387e+14     343.01      34.01     216.12     344.07      32.76     212.51      80.60     -96.96    -206.23           29
      1968459  4.135817e+13     468.36      75.39     292.97     463.24      65.30     288.27    -308.29    -611.59    -226.19           10
      1411184  4.135817e+13     335.94      61.72     441.02     330.66      60.77     437.25    -348.48     -76.35    -279.68           10
       157834  4.135817e+13      39.84     315.62      41.41      44.52     320.82      47.55     291.00     344.68     398.76           10
       930057  4.135817e+13     222.66     383.59      37.50     223.22     390.17      40.96      39.58     369.40     215.67           10
      1478790  5.790144e+13     351.56     131.70      25.95     348.43     131.89      23.33    -190.98     -35.57    -173.02           14
      1476414  6.203725e+13     357.94      61.07     242.32     357.05      59.91     242.18     -66.12     -79.29      -7.42           15
      1521336  5.376562e+13     358.92     427.73     219.80     356.42     422.24     216.02    -155.58    -324.11    -207.91           13
      1072553  5.376562e+13     258.26     230.62     162.71     250.76     228.52     161.68    -506.90    -165.50     -43.33           13
      1520552  4.135817e+13     360.16     404.30     160.16     361.18     401.83     166.03      99.30    -180.63     412.13           10
       455446  4.135817e+13     107.42     401.95      85.94     109.38     406.07      91.17     114.68     254.11     355.67           10
      1019597  4.135817e+13     242.19     114.45     304.30     246.23     109.98     303.72     279.67    -267.54     -72.10           10
      1663166  1.116671e+14     394.75     250.22     245.44     394.08     251.05     246.94     -12.05      30.71     154.87           27
      1785105  6.203725e+13     424.87     479.56      69.40     424.51     486.38      67.06     -42.06     476.66    -160.58           15
       932687  4.135817e+13     219.92     460.94     308.59     219.55     457.86     307.25     -26.77    -208.70    -130.93           10
       855066  6.203725e+13     208.46      98.83     107.16     207.90      97.60     101.99     -51.90     -65.06    -387.13           15
       709791  6.203725e+13     166.54     162.11     126.43     157.69     158.55     124.69    -554.16    -181.05    -110.36           15
      1720101  6.203725e+13     409.24     496.22     145.70     411.65     498.68     144.58     157.05     158.02     -58.83           15
       835617  4.549399e+13     199.04       2.31     132.63     197.29       5.02     133.44    -145.50     159.03      64.05           11
       348039  4.549399e+13      80.08     121.27      30.72      86.88     124.17      38.97     423.06     180.81     464.48           11
      1026902  4.135817e+13     244.92     337.50     335.55     244.69     343.19     336.68      -7.95     405.44     108.17           10
       722436  4.549399e+13     172.41      50.96      17.93     178.48      49.94      15.71     348.79     -95.68    -107.19           11
       718211  5.790144e+13     171.32     420.48      12.00     168.42     425.88      14.58    -236.04     347.67     184.60           14
      1208052  4.135817e+13     289.45     367.19     453.91     278.15     366.08     453.10    -653.40     -79.61     -32.05           10
       282907  6.617307e+13      68.60     139.65     107.91      69.41     139.49     107.31      24.07      23.26     -41.52           16
      1525588  1.819760e+14     368.16      52.82     331.76     362.90      61.93     336.10    -347.97     574.77     246.77           44
       912103  4.962980e+13     217.12     331.05     402.99     222.15     330.24     406.34     352.79     -50.02     247.07           12
      1841205  1.033954e+14     437.42     187.27     208.83     435.39     186.38     204.54    -155.92     -99.65    -233.96           25
      1183106  4.135817e+13     286.33     106.25      10.94     282.77     100.82       9.27    -228.95    -370.98    -146.25           10
       650545  7.858052e+13     153.06     353.31     195.62     150.03     355.60     197.05    -152.60     140.03      94.05           19
      1663216  4.962980e+13     399.09     256.18     438.48     395.53     254.70     436.55    -232.81     -92.35    -131.06           12
       107996  7.444470e+13      21.92     298.18     363.28      27.16     299.76     360.88     308.05      99.30    -156.99           18
       305359  7.858052e+13      68.98     316.30     305.82      64.42     310.58     309.14    -267.23    -384.75     224.63           19
       787218  4.135817e+13     191.02      24.61      74.22     193.64      24.02      75.28     189.62      10.99     100.39           10
      1013208  4.549399e+13     241.30     420.28     348.90     237.08     420.33     349.99    -275.46     -11.60      47.51           11
       271296  4.962980e+13      61.20     278.32     252.93      57.86     278.33     253.40    -193.18      27.05      23.54           12
      1006982  4.962980e+13     240.23     233.72      27.34     238.31     232.39      32.00    -108.29     -79.97     300.12           12
      1109752  6.203725e+13     267.84     367.06     469.14     262.68     365.92     466.93    -278.15     -61.11    -126.56           15
        97027  6.203725e+13      24.61     460.29      12.11      25.99     461.37      17.28      69.37      59.20     283.39           15
       783747  6.617307e+13     183.84     420.17      12.21     178.49     425.64      14.52    -340.48     335.14     155.22           16
      2024029  5.376562e+13     482.72     270.58     362.53     483.72     271.71     360.87      53.62      48.26     -62.02           13
      1467662  4.549399e+13     353.16     289.24      59.48     354.75     296.59      61.23      91.14     471.08     108.74           11
      1545186  4.135817e+13     371.09     155.47     386.33     361.83     145.64     394.49    -634.71    -676.75     499.92           10
       857687  1.116671e+14     206.96     177.01     344.11     205.06     173.18     345.49    -122.98    -247.41      94.51           27
       703491  7.030889e+13     166.02     471.85      16.89     168.63     475.94      16.92     172.57     239.40      12.75           17
        72290  4.549399e+13      19.71     201.88     386.54      34.65     205.44     385.21     998.33     277.75     -57.43           11
       685484  4.549399e+13     162.46     419.92     177.02     156.64     424.39     175.26    -365.62     263.11     -91.28           11
       540653  4.135817e+13     126.95     499.22     428.52     134.87     497.95     433.75     460.63     -70.09     315.98           10
      1090313  7.858052e+13     259.97     274.16      35.88     256.23     274.29      41.04    -245.57      32.69     356.48           19
       816101  4.135817e+13     195.31     405.08     398.05     194.31     405.38     396.51     -71.01      18.63    -104.63           10
       241185  4.135817e+13      58.20     358.59     130.86      55.66     362.48     129.64    -163.64     256.28     -92.27           10
       225656  4.549399e+13      49.89     386.90     472.12      49.15     387.92     471.55     -64.74      52.91     -12.81           11
      1924781  6.617307e+13     457.28     240.72     176.27     456.55     236.91     179.91     -53.41    -256.62     248.47           16
      1638769  5.376562e+13     394.98      10.07     442.76     390.22      12.75     437.74    -300.68     171.16    -334.24           13
       304959  4.962980e+13      75.85     304.04     245.12      72.87     303.33     247.36    -146.62      -2.08     135.25           12
       176209  4.549399e+13      40.31     375.18     318.71      39.48     372.68     315.93     -49.25    -154.71    -120.89           11
       978396  1.158029e+14     233.26     358.96     363.00     228.92     358.26     359.72    -270.81     -17.60    -230.34           28
       256812  5.790144e+13      59.99     334.54     173.83      63.69     338.17     167.10     255.24     236.20    -397.51           14
        61914  5.376562e+13      13.97     392.28     355.32       8.44     383.29     352.13    -333.96    -545.59    -178.88           13
       365402  5.376562e+13      88.49     151.59     355.62      90.84     150.74     354.01     147.79     -49.91     -94.75           13
      1678658  4.962980e+13     403.65     228.84     258.14     401.23     234.84     249.93    -144.15     342.08    -508.99           12
      1714996  2.770997e+14     404.53     339.99     199.31     407.08     345.92     204.24     182.80     383.92     324.23           67
         1621  4.962980e+13     499.67      53.06     335.94     498.41      52.08     328.92     -37.01     -46.23    -419.32           12
       224717  4.135817e+13      50.78     358.20     304.30      46.80     359.48     303.21    -235.54      85.01     -61.40           10
      1376150  4.962980e+13     323.57     499.02      90.17     319.93       1.84      93.96    -218.30     168.02     232.96           12
      1792065  5.790144e+13     431.64     187.22     253.91     430.70     188.58     245.32     -34.64     104.12    -495.88           14
      1739649  3.763593e+14     412.11      90.64       7.06     409.50      97.12       8.26    -172.86     463.18      20.54           91
       485116  5.790144e+13     119.14     304.97     487.17     123.20     302.57     482.50     249.46    -185.16    -306.63           14
        12932  6.203725e+13       2.21     396.22      17.58       2.32     399.96      15.52       6.83     247.53    -159.25           15
       527195  6.203725e+13     127.47      83.72     355.60     135.01      88.29     353.60     459.90     303.37    -133.63           15
        75997  9.098798e+13      15.98     322.62     360.62      19.97     320.57     360.97     229.00    -130.16      52.44           22
       877511  4.549399e+13     209.34     276.46     282.49     211.55     280.36     283.93     112.91     266.22      90.95           11
      1947766  5.376562e+13     464.69     439.75     458.98     461.14     439.17     461.37    -201.65       2.72     133.85           13
      1513076  4.135817e+13     362.89     173.05     455.86     357.30     177.24     453.15    -344.20     247.38    -155.41           10
      1360744  5.790144e+13     323.66      22.32     409.88     323.54      25.83     406.17      18.74     208.25    -255.73           14
      1593454  9.925961e+13     379.88     124.02     427.41     374.17     125.23     418.43    -379.99      78.98    -587.27           24
       201113  6.617307e+13      52.00     137.45      95.70      56.77     139.19      95.93     301.37     135.51       8.36           16
      1869809  4.135817e+13     447.66      62.11     444.14     444.13      60.98     449.63    -183.74     -95.54     341.25           10
      1012983  4.135817e+13     242.19     410.94     465.62     239.69     416.22     458.93    -100.70     359.03    -441.06           10
      1377450  7.030889e+13     332.38      36.88     162.34     330.90      39.80     157.81     -91.18     173.64    -281.79           17
      1400968  4.962980e+13     335.29     252.93      34.51     335.05     246.63      35.83      -7.16    -375.17      84.54           12
      2077730  2.316057e+14     494.70     409.25     127.72     488.08     410.19     127.99    -429.79      76.32      -7.24           56
      1889925  4.962980e+13     448.89     179.69      18.23     449.54     175.61      25.68       5.04    -235.67     449.11           12
       914553  4.962980e+13     216.47     408.20     472.98     214.24     412.15     470.04    -139.73     267.83    -144.36           12
      1075659  6.617307e+13     258.79     326.17     290.28     263.78     321.60     285.32     354.12    -349.85    -391.74           16
      1211367  4.549399e+13     287.11     464.67     405.01     281.90     464.88     406.78    -368.83     -84.06     143.37           11
       158141  5.790144e+13      39.62     328.12     237.72      32.58     329.09     239.87    -413.23      35.90     142.33           14
       485527  5.790144e+13     117.75     320.03      96.26     123.63     321.93      93.61     401.08      81.01    -138.23           14
      1535370  8.271634e+13     364.84     357.42      39.65     364.21     353.67      41.16     -70.21    -264.48      88.53           20
       410089  1.364820e+14     100.32      17.22     418.50     115.93      16.19     423.61     965.35     -76.47     304.87           33
      2071683  4.135817e+13     491.80     225.00      12.11     487.33     220.42      16.71    -291.91    -283.98     299.19           10
       536253  4.135817e+13     128.91     367.97     241.41     133.45     370.24     245.43     282.01     131.29     234.30           10
        14449  4.962980e+13       3.26     440.76     442.71       7.00     439.88     444.69     233.08     -62.29     126.90           12
       637934  9.098798e+13     149.86     464.13     430.93     150.54     472.59     430.32      30.58     570.54     -61.71           22
      1056025  4.135817e+13     250.39     231.64      97.66     249.88     230.19     105.07     -33.06     -90.06     493.60           10
      1103204  5.376562e+13     267.58     165.72     390.78     271.14     167.93     390.23     226.32     129.06     -25.72           13
      1144523  4.135817e+13     275.00     424.61     295.31     269.36     424.99     289.34    -381.45     -21.75    -313.91           10
      1462820  4.549399e+13     348.90     143.64     145.77     347.54     140.64     144.75     -79.39    -189.41     -82.20           11
       837337  4.549399e+13     198.33      48.47     349.96     195.41      53.29     352.84    -179.59     309.39     205.46           11
      1749331  7.858052e+13     416.02     382.50     329.26     416.07     377.48     326.48     -29.26    -318.39    -177.68           19
      1638507  8.271634e+13     391.21       2.73     419.73     385.19       6.31     420.39    -408.51     253.46      56.43           20
       130634  7.444470e+13      25.61     482.86     291.23      23.74     484.27     283.43    -109.78     104.18    -452.00           18
        99461  9.512379e+13      25.22      38.13      23.01      24.08      34.27      31.03     -89.44    -264.34     496.29           23
      1610296  4.135817e+13     382.81     144.14     221.48     379.47     144.03     215.18    -202.38      -4.84    -355.61           10
      1618505  5.790144e+13     383.65     390.90     288.50     382.27     388.56     287.23     -91.08    -118.72     -60.58           14
       842296  1.199387e+14     200.23     206.43     222.45     198.41     204.59     219.77    -133.00    -124.89    -181.26           29
      1917191  5.790144e+13     462.05       8.65      24.83     467.24       8.73      35.69     348.25      21.26     712.28           14
      1958004  4.549399e+13     468.57     249.47     456.14     465.89     255.75     463.26    -153.88     402.62     460.05           11
      1215739  4.135817e+13     289.84      99.22     483.98     283.40      95.70     488.15    -432.86    -217.47     273.89           10
      1064939  6.203725e+13     250.91       1.43     416.02     247.68       3.86     414.59    -194.09     123.19    -119.45           15
      1133930  5.376562e+13     270.58     101.71     415.11     268.80     102.67     427.07    -130.84     128.38     775.56           13
      1861893  4.962980e+13     444.99     323.89      23.11     440.12     324.25      22.29    -323.10      32.75     -56.06           12
       533175  5.376562e+13     124.25     269.98     219.20     121.11     268.11     222.00    -182.32     -91.54     131.82           13
      1944270  4.135817e+13     464.06     335.55     301.56     459.77     341.65     295.91    -289.39     415.76    -314.88           10
      1962206  8.271634e+13     469.73     383.40     372.66     468.02     382.53     368.08    -146.15     -86.85    -250.50           20
       198569  5.376562e+13      46.72      60.55     163.61      52.15      58.70     166.91     346.18    -131.49     215.58           13
       838661  4.549399e+13     201.17      95.70      17.22     201.44      93.26      11.00       9.05    -146.54    -382.84           11
      2024089  4.962980e+13     483.40     273.44      97.98     482.80     273.94      98.61     -30.33      29.15      41.73           12
      1505356  4.135817e+13     357.03     437.50     297.66     353.10     431.16     290.05    -238.07    -397.31    -470.69           10
      1732887  5.376562e+13     413.01     384.47      90.29     408.99     387.85      92.04    -272.75     210.34     124.32           13
      1574665  5.376562e+13     376.95      59.04      37.41     376.13      61.83      36.05     -70.91     191.53     -99.79           13
       492344  5.790144e+13     122.49      22.32     217.35     121.79      22.23     217.29     -50.69     -17.45      33.96           14
      1580509  1.323461e+14     376.22     233.40     367.43     378.17     231.89     371.64     113.50    -102.13     262.93           32
       741281  5.376562e+13     178.34     120.34     129.96     173.72     115.69     126.29    -299.50    -284.64    -228.06           13
      1707645  5.376562e+13     406.10     113.13     495.64     410.36     106.23       4.78     348.74    -503.73     594.94           13
      1170125  4.135817e+13     283.20     210.94     304.30     277.35     209.35     301.28    -374.06    -119.06    -224.77           10
      1863213  5.376562e+13     441.26     357.12     175.63     435.37     361.51     181.71    -361.26     289.07     364.62           13
       224744  5.376562e+13      54.24     353.52     407.60      54.84     349.42     412.65      58.04    -248.49     423.82           13
      1576412  4.962980e+13     379.56     105.47     360.03     371.58     104.50     366.89    -497.84     -35.80     446.63           12
       982550  4.549399e+13     231.36     489.88      89.31     236.42     492.77      94.53     354.90     175.52     374.38           11
       394148  5.376562e+13      95.70      28.70     141.08      92.38      32.38     142.41    -213.44     228.10      79.96           13
      1653654  5.376562e+13     391.08     467.40      87.59     391.16     469.90      84.04       1.99     174.10    -235.34           13
      1938332  9.098798e+13     465.91     159.27     111.86     461.93     161.10     112.12    -250.27     125.97       5.78           22
        20318  4.135817e+13       7.42     117.97     369.53      15.39     118.50     374.36     464.84      41.23     290.57           10
      1103751  5.376562e+13     263.07     184.95      31.10     264.14     174.74      33.04      46.68    -650.40     115.95           13
      1169226  4.962980e+13     277.67     185.87     296.22     273.05     188.76     295.66    -331.00     214.97     -91.29           12
       611777  5.790144e+13     149.83     170.20     255.86     154.82     173.03     255.96     317.00     192.59      10.64           14
      1421742  8.685216e+13     335.66     388.49     178.48     335.09     392.56     180.68     -45.24     236.99     153.33           21
       365709  1.571610e+14      85.53     165.81      50.68      93.32     156.19      53.72     505.09    -603.27     154.02           38
      1594378  4.962980e+13     384.11     157.88      37.43     385.20     156.07      40.20      68.88    -104.57     152.98           12
        49927  4.135817e+13      15.62      23.05      28.52      19.77      27.52      35.13     270.36     331.91     411.11           10
       814733  5.790144e+13     196.99     367.19      51.62     193.02     372.23      50.51    -244.52     313.86     -70.83           14
      1738288  5.376562e+13     419.62      50.33     190.96     425.58      47.34     189.75     363.54    -189.79     -55.19           13
      2014508  5.790144e+13     472.66     481.03     175.78     472.49     481.82     179.97       5.10      43.80     289.24           14
      1813805  4.135817e+13     433.20     354.69     181.64     429.56     359.87     187.02    -223.00     338.72     311.26           10
       426296  4.549399e+13     102.45       7.28     221.41     102.23       6.22     215.49     -21.01     -87.49    -360.95           11
       273575  8.271634e+13      65.23     349.41     152.73      63.10     354.71     152.94    -123.36     354.71      43.70           20
      1534866  4.962980e+13     365.23     346.35      70.96     363.71     347.63      72.99    -103.90      74.08     135.29           12
      1698789  4.962980e+13     406.25     342.12     400.07     399.42     341.13     397.32    -447.23     -78.81    -149.87           12
       841404  6.203725e+13     204.04     177.21     232.68     199.93     181.64     222.12    -250.47     244.85    -753.95           15
       458989  5.376562e+13     112.53       2.55     427.43     124.91       2.06     432.58     744.35     -41.76     311.41           13
      1584513  4.549399e+13     375.18     356.71       4.44     375.64     356.72      13.26      -4.59     -48.96     583.49           11
       534940  6.617307e+13     130.37     326.90     114.01     126.48     328.15     106.57    -245.69      54.75    -463.69           16
      1789491  6.617307e+13     431.88     111.57     198.49     438.80     107.88     197.10     454.57    -241.44     -57.17           16
      1088333  8.685216e+13     257.72     217.73     305.15     257.30     216.07     301.20     -16.71    -102.04    -254.32           21
      1774448  8.271634e+13     427.93     151.37     439.84     422.75     146.83     435.86    -336.04    -394.54    -299.87           20
      1699698  1.116671e+14     407.62     366.25     444.52     407.25     369.37     446.60      -3.59     221.87     132.34           27
      1023863  1.612969e+14     239.73     243.04     467.70     237.73     244.58     463.24    -134.04     136.37    -303.45           39
       119222  7.444470e+13      24.09     135.42     211.37      22.49     137.49     211.34     -94.45     134.60      13.35           18
      1496163  4.135817e+13     358.98     159.77     391.41     357.56     149.51     396.90     -54.83    -746.08     347.88           10
      2047932  6.617307e+13     485.84     496.58     237.30     481.95     498.45     236.65    -280.68     114.14      -6.70           16
      1492759  4.549399e+13     357.07      57.71      93.57     355.01      59.69      90.55    -103.10     101.67    -214.30           11
       598259  4.549399e+13     140.80     255.86     452.59     139.16     252.71     451.06     -94.35    -181.67     -96.85           11
      1996486  4.135817e+13     472.66     429.69     273.83     469.42     425.25     269.43    -178.23    -262.81    -260.80           10
       123227  4.962980e+13      29.95     259.44     355.47      35.38     259.49     358.63     300.12     -25.89     197.09           12
       231364  4.962980e+13      56.97      58.92     266.28      60.21      62.18     259.63     198.30     206.32    -382.22           12
       534419  1.282103e+14     131.74     307.14      80.83     131.70     308.86      81.66      -9.09      84.62      53.96           31
      1431661  7.858052e+13     347.14     188.22     427.53     344.56     182.34     430.51    -187.10    -383.84     199.16           19
      1951452  4.135817e+13     465.23      54.69     359.38     459.36      46.51     356.19    -336.63    -499.29    -180.21           10
       502898  4.135817e+13     116.80     347.66     451.17     122.53     342.59     451.69     348.18    -342.01      28.36           10
      1632618  1.819760e+14     391.25     316.94     413.62     389.50     319.93     413.10    -143.14     197.69     -33.46           44
      1138850  4.135817e+13     272.27     255.08     135.94     269.28     253.67     136.17    -153.11     -79.27      31.59           10
       828289  5.376562e+13     193.66     282.30       7.66     192.10     282.29       3.33     -76.47      -5.08    -287.48           13
      1317835  7.858052e+13     316.92     219.47     291.63     313.62     216.78     287.51    -194.47    -206.49    -292.06           19
      1028674  5.376562e+13     246.24     393.18     257.96     247.35     396.20     256.08      71.37     165.17    -106.95           13
      1672184  4.135817e+13     396.88      27.34     468.36     393.61      28.69     468.66    -198.59      96.30      25.91           10
      1569021  4.549399e+13     370.21     382.99     488.46     371.67     384.54     493.17      48.39     114.02     275.01           11
      1111778  4.135817e+13     263.28     426.95     382.81     258.69     426.84     385.65    -280.82     -12.01     197.80           10
      1262422  6.617307e+13     299.32      21.97     339.36     298.27      24.40     342.91     -63.27     148.24     214.07           16
       544345  4.135817e+13     128.91     108.98     346.48     133.01     108.54     351.88     261.88     -21.19     329.59           10
       235709  4.962980e+13      57.94     190.76     240.56      56.16     192.11     236.62    -170.11      97.98    -297.28           12
       310827  4.135817e+13      75.78     486.72     167.19      74.88     494.97     170.24     -95.06     532.11     220.25           10
       583949  5.790144e+13     140.35     325.89      49.39     137.15     329.49      50.31    -205.15     233.13      45.62           14
      1621269  4.135817e+13     382.81     476.17      83.20     390.98     474.21      82.64     536.64    -133.46     -41.05           10
       641571  9.098798e+13     155.36      85.94     136.36     153.65      88.29     133.93     -82.33     148.89    -161.90           22
      1575760  7.444470e+13     378.91      88.98     315.76     376.53      81.58     320.30    -157.13    -467.39     265.92           18
       272211  8.685216e+13      66.50     304.04     324.87      64.99     301.43     323.77     -80.85    -138.04     -93.61           21
      1032043  9.512379e+13     243.97     496.52     419.75     242.62       2.26     417.52     -44.85     378.01    -172.23           23
       438414  1.447536e+14     101.28     375.84      57.31     104.62     372.73      54.42     181.40    -216.29    -202.21           35
      1878004  4.962980e+13     448.24     313.80     455.73     448.18     313.55     456.87      23.77      -6.85      58.65           12
        58839  6.617307e+13      15.87     292.72     344.97      24.10     295.60     342.51     533.81     197.01    -157.32           16
       505040  4.962980e+13     119.47     409.83     316.73     116.72     410.49     316.43    -213.46      66.54     -33.48           12
      1435462  1.033954e+14     338.20     304.61     274.30     334.73     310.35     268.81    -208.10     403.53    -370.86           25
      2032049  4.549399e+13     487.75      13.32     191.23     486.03      11.63     189.86    -102.46     -93.50     -82.20           11
      1060511  4.549399e+13     249.47     362.75     126.60     256.25     364.37     126.85     384.24      87.17      25.15           11
       182705  7.030889e+13      48.37      74.56     196.12      51.49      71.46     191.62     220.13    -167.31    -290.60           17
       309955  4.135817e+13      71.88     460.16     267.19      72.47     463.40     259.17      49.69     203.46    -487.51           10
      1924103  8.685216e+13     463.45     223.68      29.48     468.93     222.03      34.48     349.73     -98.61     352.11           21
      1542248  4.962980e+13     366.54      61.52     409.51     357.79      65.06     407.41    -518.82     222.87    -143.73           12
       933571  5.376562e+13     222.21     493.24     267.58     221.62     495.71     260.45     -77.86     161.12    -451.49           13
      1038734  4.962980e+13     248.05     199.22      56.97     246.35     190.49      54.66    -125.74    -531.84    -129.87           12
      1649013  7.030889e+13     392.35     322.50     462.66     396.00     320.94     465.69     225.15    -119.71     186.56           17
      1492857  1.861118e+14     354.64      59.07     473.48     352.22      63.47     474.16    -129.49     267.48      41.87           45
       360739  6.617307e+13      86.91       7.57     137.45      82.18      10.45     138.79    -335.44     190.40     102.69           16
      1941319  8.271634e+13     460.55     245.70     283.20     461.28     253.58     279.69      80.01     451.92    -215.10           20
      1490174  8.685216e+13     354.63     476.10     493.77     354.53     480.87     495.65      -2.77     273.71     105.25           21
       491159  4.135817e+13     113.28     491.80      93.75     113.92     489.38      95.65      76.06    -179.69     132.62           10
      1958955  4.135817e+13     468.36     283.98     167.97     471.03     286.67     172.56     132.67     176.76     291.84           10
      1613641  6.203725e+13     386.85     238.15     285.55     384.46     243.13     282.05    -114.55     297.78    -200.48           15
       532571  4.962980e+13     128.58     250.33     359.70     123.70     244.28     361.13    -300.47    -356.17      64.14           12
       222546  5.790144e+13      53.29     290.74     321.15      57.60     290.60     320.92     291.59     -25.06     -26.56           14
       503584  5.790144e+13     119.42     371.93     123.88     119.12     376.69     119.34     -10.17     285.65    -288.87           14
       391639  7.030889e+13      87.89     452.78     341.80      98.03     459.76     339.97     648.96     528.39    -121.62           17
       808751  4.135817e+13     192.97     181.25     184.38     198.47     180.29     187.32     351.48     -63.03     183.44           10
      1458410  4.962980e+13     348.96       7.49     415.69     348.36      12.10     411.46      -8.60     249.74    -313.78           12
      1296495  6.617307e+13     310.79      65.67     437.26     310.09      63.07     443.69     -35.82    -180.38     469.81           16
       432165  4.962980e+13     102.54     190.43     145.18     108.72     177.78     137.91     406.37    -779.28    -457.25           12
       750594  4.135817e+13     178.52     409.77       7.81     175.83     418.30      10.53    -170.10     529.17     161.29           10
      1061816  4.549399e+13     249.11     403.94     220.35     258.06     406.95     223.72     547.21     163.25     238.33           11
      1627287  4.549399e+13     391.16     162.46      89.31     394.88     170.21      84.74     213.95     566.24    -343.50           11
       711711  4.962980e+13     167.32     219.40     120.12     164.37     219.35     119.86    -178.08      35.02     -52.32           12
      1070603  7.444470e+13     254.12     173.39      45.14     257.01     165.91      42.36     185.63    -461.08    -191.84           18
      1464310  8.271634e+13     346.88     180.66     461.13     343.32     184.48     460.59    -251.62     257.75     -11.89           20
       720394  4.135817e+13     171.09     484.77      42.19     176.03     486.29      41.08     314.03      91.39     -96.04           10
      1901715  5.790144e+13     455.36      40.74      77.85     465.63      41.16      77.39     711.75      43.43      -5.91           14
       199111  7.858052e+13      48.83      81.93     276.62      52.53      77.67     271.57     252.52    -262.38    -294.26           19
      1314559  7.030889e+13     315.60     115.92     496.21     305.38     113.13     498.66    -673.17    -189.03     130.64           17
      1209898  4.135817e+13     287.50     426.56     166.02     290.38     421.68     174.25     151.82    -333.56     561.81           10
      1585111  4.135817e+13     379.30     373.83     339.84     384.98     372.05     338.19     323.95    -112.88     -83.66           10
        69040  4.135817e+13      15.62     108.20     189.84      15.57     103.28     191.08       3.13    -289.30      61.78           10
       303528  5.790144e+13      69.20     260.60     161.55      61.82     263.79     163.52    -455.81     196.15     100.91           14
       176240  6.203725e+13      38.15     382.42     438.15      33.00     380.79     448.05    -333.93     -82.33     653.40           15
      1529827  4.962980e+13     361.33     189.45     389.00     360.36     183.03     396.84      -4.82    -404.27     493.75           12
      1218534  6.203725e+13     289.19     187.89     404.04     289.69     190.42     402.74       2.67     194.97     -97.89           15
      2058555  4.549399e+13     489.52     320.85     233.13     485.01     324.73     238.67    -289.50     278.81     369.11           11
      1715038  1.943834e+14     416.93     340.63     370.80     412.27     345.71     364.73    -284.62     338.36    -437.05           47
      1975957  7.444470e+13     470.27     304.04      82.68     473.13     303.03      85.21     182.02     -92.43     152.23           18
       868029  5.376562e+13     204.48     493.84     241.14     206.20     498.15     240.12     108.27     275.95     -57.19           13
       986466  7.444470e+13     239.58     102.00     383.46     239.30      98.12     382.72     -21.88    -235.61     -48.51           18
      1741957  6.617307e+13     417.97     159.18      20.26     418.00     152.04      27.80       4.45    -446.58     450.56           16
        53186  4.135817e+13      13.28     119.92     260.94      13.82     118.86     255.04      44.01     -37.97    -318.58           10
       434436  4.549399e+13     101.03     260.48      17.93     101.63     258.45      23.89      33.88    -135.43     396.93           11
       444776  4.135817e+13     108.20      73.83     406.25     114.17      73.27     413.90     342.02     -37.41     476.10           10
        71099  6.203725e+13      17.06     169.40     231.38      21.69     162.44     227.56     279.51    -443.58    -163.21           15
      1046362  4.549399e+13     248.05     431.29     350.67     244.74     431.28     350.56    -199.07      10.34     -10.62           11
       993124  4.135817e+13     238.67     310.16     392.58     233.99     317.60     393.84    -291.71     508.25      85.05           10
       317411  5.376562e+13      77.07     187.35     388.97      78.67     196.32     387.63      96.97     566.75     -87.06           13
      1720951  7.030889e+13     409.35      18.50     463.58     406.44      20.09     464.48    -176.28     108.02      67.65           17
      2019657  4.549399e+13     484.55     135.83     284.62     491.86     131.12     270.11     451.49    -305.66    -845.46           11
      2090557  5.790144e+13     495.26     296.32     243.58     492.66     300.69     244.56    -125.48     273.26      72.77           14
      1192010  9.512379e+13     281.84     372.71     286.26     286.83     370.91     282.09     317.12     -91.75    -265.80           23
       706609  4.549399e+13     165.31      63.39     193.36     164.70      56.08     197.69      14.61    -519.32     318.38           11
      1460050  4.549399e+13     351.38      57.00     320.13     347.76      64.95     329.71    -230.92     530.66     612.80           11
      1439723  4.962980e+13     342.45     433.92     419.92     345.84     434.18     422.51     196.08      14.74     135.07           12
       832375  1.116671e+14     197.12     401.55     469.40     200.07     407.71     469.06     208.08     397.78       1.68           27
       194961  4.135817e+13      47.66     443.75      69.92      51.90     445.20      65.99     239.95      88.92    -225.39           10
      1393513  1.116671e+14     334.85      21.63     406.90     333.50      27.44     402.49     -56.23     370.73    -322.06           27
       221379  4.135817e+13      54.30     251.56     264.84      55.56     249.32     264.57      61.31    -134.97       4.03           10
       142502  6.617307e+13      35.64     348.39     151.37      36.27     348.78     145.15      48.02      37.00    -399.68           16
      2017214  6.203725e+13     483.98      62.37     238.67     486.58      60.28     235.27     264.79    -167.63    -204.94           15
      1267815  7.858052e+13     298.42     188.63     408.00     295.95     190.00     406.88    -189.94      95.26     -94.42           19
       335491  4.549399e+13      83.98     242.37      14.74      86.18     244.92      19.50     122.05     139.51     289.86           11
      1628435  6.617307e+13     392.33     194.09      76.17     390.03     184.67      77.80    -182.15    -644.43      86.88           16
       811477  4.549399e+13     195.13     260.83     333.98     196.48     258.80     330.44     117.97    -112.70    -255.83           11
      1596614  9.512379e+13     380.69     225.46     273.52     379.27     231.14     266.63     -55.36     312.32    -441.33           23
      1665939  4.549399e+13     395.06     342.51      73.33     390.91     346.98      75.71    -253.25     321.36     188.05           11
      1258668  9.925961e+13     303.06     413.74     174.15     306.81     410.83     179.38     248.62    -195.42     364.14           24
        74640  4.135817e+13      19.92     281.25      67.58      20.33     281.07      70.28      19.90     -19.63     165.90           10
      1703757  6.617307e+13     407.96     489.50     301.27     409.51     491.32     299.40      87.16     116.39     -78.00           16
       867219  7.444470e+13     202.91     463.54      76.17     203.61     467.43      74.66      62.49     238.43    -115.30           18
      1233423  4.549399e+13     293.50     139.03      59.13     284.23     132.17      57.11    -592.42    -444.61     -95.45           11
      1004846  4.962980e+13     239.58     164.06     180.99     236.55     168.69     179.13    -189.05     309.91    -113.92           12
      1781048  9.512379e+13     418.73     350.12     218.33     415.18     351.43     217.49    -246.78      81.29     -47.88           23
      1930321  9.098798e+13     454.72     410.16     315.87     454.91     401.20     310.69      19.44    -571.35    -317.93           22
      1056636  6.617307e+13     251.46     242.68     483.15     245.88     240.41     476.33    -364.18     -97.05    -433.06           16
        69124  5.790144e+13      16.74     108.82      17.86      16.15     109.22      23.35     -23.75       4.71     297.50           14
       554155  4.549399e+13     131.21     413.88     167.79     128.96     421.52     163.36    -115.93     477.57    -262.55           11
      2058526  4.135817e+13     492.19     323.05     118.36     494.38     324.85     121.34     129.05      99.20     211.40           10
      1758183  6.203725e+13     416.80     154.30     403.52     408.86     144.91     408.66    -482.92    -668.39     318.63           15
       606365  9.512379e+13     149.71       6.54     115.23     146.77       4.87     112.04    -186.87    -105.14    -207.82           23
       704740  5.376562e+13     171.42       4.66     390.78     171.09       2.43     395.49     -18.69    -141.91     296.89           13
      1876499  1.364820e+14     444.54     267.93      77.83     442.96     262.20      77.29    -123.73    -363.97     -26.87           33
      1612867  9.098798e+13     383.17     220.70     267.58     380.58     228.72     262.05    -165.14     475.21    -291.56           22
       643673  5.376562e+13     155.80     143.48     353.52     152.17     148.39     361.04    -301.50     350.30     476.00           13
       815773  9.512379e+13     190.47     397.33     112.18     186.31     397.52     110.47    -262.91       9.84     -97.49           23
      1992254  4.962980e+13     470.38     296.22     243.16     462.42     301.21     242.77    -597.05     311.93      13.25           12
       958221  7.858052e+13     228.10     248.66      50.88     228.87     247.30      54.38      44.75     -60.99     282.40           19
      1757799  7.444470e+13     423.83     147.35     402.13     412.49     143.40     409.30    -744.80    -260.52     480.51           18
      1262754  5.376562e+13     302.43      33.50     136.87     298.69      34.75     137.59    -217.95      91.37      79.19           13
      1582250  4.135817e+13     379.30     283.20     168.75     378.52     283.98     173.14     -92.61      63.20     287.11           10
      1007606  7.858052e+13     241.26     251.54     463.30     236.81     247.73     458.50    -306.81    -273.12    -322.09           19
      1451621  4.549399e+13     347.83     300.60     395.06     355.47     300.72     392.29     491.20      20.97    -193.68           11
       943382  4.962980e+13     222.01     289.06      87.89     227.22     289.32      91.54     319.88      42.51     244.65           12
       653682  4.549399e+13     154.65     449.04     448.33     152.80     455.82     447.32    -127.56     429.78     -80.90           11
      2064809  4.549399e+13     492.37      14.38     163.17     487.62      13.10     163.28    -339.92     -97.90      20.76           11
      1691089  5.376562e+13     404.90     104.72     319.86     396.83      98.20     320.22    -470.86    -394.64      22.17           13
       526496  5.790144e+13     123.05      70.31     126.95     118.11      72.02     128.22    -294.69      85.92      73.02           14
       451800  4.549399e+13     107.78     288.88     343.93     103.16     287.23     342.66    -269.89     -90.97    -103.25           11
       465912  4.135817e+13     114.45     214.84     473.05     122.20     212.42     459.49     457.28    -119.65    -887.11           10
      1806441  7.858052e+13     432.46     124.28     412.31     420.00     130.85     412.78    -824.52     441.79     -45.80           19
      1606753  6.617307e+13     382.57      30.03     378.66     382.29      31.16     382.18      20.56      24.06     243.13           16
       240339  4.549399e+13      57.71     335.05     325.46      53.74     333.11     320.81    -256.18     -84.51    -286.18           11
      1028798  8.271634e+13     241.41     398.83     242.38     248.39     400.90     243.25     441.15     100.10      33.15           20
      1399548  9.925961e+13     333.82     210.45     489.58     341.17     203.27     487.61     544.25    -447.03    -118.32           24
      2096966  9.512379e+13     498.22     494.31     271.99     493.42       2.03     262.16    -301.26     519.40    -607.53           23
      1309879  1.075312e+14     310.70     470.70     211.69     305.93     468.47     211.94    -308.65    -132.88      66.75           26
      1137351  1.364820e+14     273.14     209.46     283.68     269.72     210.04     284.60    -222.74      66.54      47.76           33
       357662  4.549399e+13      82.21     413.88     118.79      84.69     414.08     114.85     120.45      34.21    -251.17           11
      1806203  7.858052e+13     432.05     121.20     486.12     429.75     116.93     496.22    -149.29    -306.56     654.39           19
      1157971  4.549399e+13     277.52     336.12     327.24     268.13     340.03     324.52    -574.41     240.59    -128.33           11
       725463  4.962980e+13     176.76     137.04     342.12     181.37     134.93     346.55     270.35    -133.66     256.86           12
       820116  4.962980e+13     198.89      27.34      75.20     198.19      25.79      75.29    -106.04     -88.10      18.50           12
      1211070  4.549399e+13     286.75     455.08     245.21     280.98     449.65     242.31    -384.31    -391.04    -149.68           11
       370308  6.617307e+13      86.67     305.18      18.31      82.56     306.93      21.47    -276.86     118.94     190.77           16
       884565  4.549399e+13     208.98     496.63     336.47     209.30     496.18     338.81      33.96     -22.94     142.75           11
       298638  4.549399e+13      72.98     117.72      58.42      78.20     120.01      60.61     338.21     142.50     114.50           11
      1574498  4.135817e+13     380.08      48.83     382.03     376.12      50.86     384.71    -210.31      97.84     227.58           10
       247483  7.030889e+13      61.70      54.11     230.12      62.45      51.77     225.87      60.39    -139.48    -271.98           17
      1682974  7.030889e+13     402.00     361.79     119.60     395.44     363.65     122.75    -413.64      99.41     196.16           17
      1507053  4.549399e+13     358.49     488.81     430.22     360.84     499.66     427.28     162.28     781.98    -194.57           11
       822610  5.376562e+13     198.77     102.31     324.97     206.85     101.25     326.62     536.67     -45.99     125.96           13
       304038  4.135817e+13      74.61     282.03     148.05      69.40     287.91     147.37    -291.27     391.85     -58.34           10
      1409072  9.098798e+13     335.58       2.49     190.70     336.36       0.31     187.46      65.85    -100.08    -221.70           22
      1102478  4.962980e+13     266.60     144.86      58.92     268.64     135.36      55.51     164.00    -641.81    -220.81           12
       831967  4.962980e+13     192.06     390.30     374.35     192.14     388.30     372.55      15.22    -141.42     -79.53           12
      1576318  4.549399e+13     377.66     103.52     494.14     386.63      99.33       0.82     678.84    -264.62     464.48           11
       824366  5.790144e+13     201.73     161.83     183.59     201.54     163.57     182.60     -19.99      86.94     -57.60           14
      1116264  6.203725e+13     263.41      65.76     407.68     259.09      59.71     412.31    -345.46    -408.77     357.08           15
      1308571  6.617307e+13     311.04     432.13     107.18     307.29     428.24     108.02    -294.11    -262.48      62.12           16
      1167776  5.376562e+13     282.60     139.27     126.65     281.07     135.26     119.07    -104.25    -237.82    -467.47           13
       695149  4.549399e+13     162.11     213.60     424.89     156.62     207.12     427.98    -339.12    -449.64     217.90           11
      1946907  8.271634e+13     459.57     414.45     107.62     457.95     418.39     108.23    -139.38     295.14      10.23           20
       217554  5.376562e+13      51.83     135.97     323.77      63.61     137.47     319.06     687.52      80.41    -293.37           13
      1533440  4.549399e+13     365.23     296.70     498.05     365.18     298.73       0.32     -38.72     147.92     125.64           11
      2009890  7.858052e+13     483.45     336.45     132.92     489.66     335.20     134.75     405.08     -78.09     178.12           19
       758510  5.376562e+13     177.73     145.58     433.44     173.58     143.67     437.10    -247.91    -122.17     252.64           13
       832728  4.962980e+13     194.66     408.20     346.68     189.19     406.83     350.18    -352.53     -58.90     219.83           12
       357278  5.376562e+13      83.98     402.79     120.34      83.17     400.84     117.18     -76.49    -176.08    -194.26           13
       890920  4.962980e+13     210.29     185.55     159.83     218.99     187.25     162.39     617.20     142.92     116.49           12
      1436728  4.135817e+13     340.23     347.66     219.92     334.14     352.93     221.12    -414.82     289.56      79.43           10
      1066310  5.376562e+13     259.16      39.81     278.70     260.62      44.82     282.40     119.61     369.07     252.09           13
      1062593  5.376562e+13     251.65     428.64     254.96     256.47     428.22     248.89     316.21     -41.40    -409.75           13
       432738  4.549399e+13     101.38     205.43     386.90      97.27     208.98     386.08    -335.81     213.74     -65.76           11
       559811  4.549399e+13     132.28      86.12     266.51     129.79      84.36     259.92    -204.59     -98.40    -428.23           11
      1444413  4.549399e+13     344.99      77.59     243.43     340.67      70.54     241.17    -275.66    -454.50    -139.20           11
      1863349  6.617307e+13     439.94     369.14     207.03     433.71     369.22     203.98    -389.28      17.71    -219.16           16
        24806  4.549399e+13       4.44     255.86     398.97      11.48     261.29     403.11     367.68     336.21     256.41           11
      2076994  5.790144e+13     493.02     385.60     261.16     489.19     386.27     261.48    -252.24      42.43      20.80           14
       102043  5.376562e+13      24.19     113.13     105.62      26.58     107.26     105.70     176.73    -386.27      -3.90           13
       381084  4.549399e+13      89.31     133.70     113.46      95.11     133.72     110.62     388.70       3.85    -156.48           11
       695086  4.135817e+13     167.97     212.50     179.30     176.56     206.64     178.95     524.54    -352.23      14.12           10
       121696  2.481490e+14      25.52     216.93     381.90      38.11     216.48     382.49     796.30     -41.30      53.39           60
       926080  4.549399e+13     219.99     264.38       0.53     221.50     260.42     495.76      83.52    -241.57    -309.53           11
      1842859  6.617307e+13     439.70     242.19     168.21     440.13     240.46     171.55      32.82     -92.56     190.13           16
      1835068  4.962980e+13     435.22       3.26     237.30     434.91       6.71     235.61     -40.58     210.76    -107.44           12
       669377  4.962980e+13     155.27     429.04     256.18     155.64     430.15     254.18      26.43      64.32    -113.84           12
      1070896  4.962980e+13     252.60     179.04     185.55     246.08     182.07     180.96    -446.00     200.61    -296.31           12
      1669575  6.203725e+13     393.10     451.43     282.68     392.65     446.89     275.57     -43.63    -282.61    -447.51           15
      1035689  4.135817e+13     248.05     110.16     164.84     245.03     108.30     157.29    -200.10     -99.79    -448.97           10
       640764  5.376562e+13     153.09      53.94     482.72     163.93      52.45     479.65     639.18     -93.61    -180.49           13
       667731  7.858052e+13     160.88     379.63     324.73     164.17     381.32     327.17     191.62     119.67     154.04           19
       479038  1.033954e+14     112.58     122.42     241.33     113.04     114.58     241.68      21.05    -487.35      21.10           25
      1340844  8.271634e+13     320.90     421.48     178.71     320.23     412.68     180.69     -42.00    -587.70     136.58           20
       831618  5.790144e+13     198.66     380.58       8.37     201.56     384.97       7.06     178.82     238.04     -89.18           14
      1999390  4.135817e+13     479.30      17.19     119.92     474.17      16.67     121.02    -361.20     -55.66      99.45           10
       462824  4.549399e+13     107.07     121.98     406.07     112.53     120.98     410.21     343.13     -79.24     249.90           11
      1066457  4.549399e+13     259.41      46.34     351.03     268.57      49.56     355.52     604.43     220.50     327.07           11
       708543  7.030889e+13     169.23     127.18     249.20     164.83     119.78     253.34    -314.45    -481.98     291.08           17
      1691332  5.376562e+13     407.90     114.33     269.38     409.91     109.02     269.40     107.55    -308.56       6.14           13
       906200  4.135817e+13     214.45     156.25     344.92     211.37     152.41     344.09    -175.52    -257.89     -41.35           10
      1806234  4.135817e+13     433.98     126.56     103.52     436.32     131.36     104.56     145.41     283.39      53.19           10
       732401  4.135817e+13     170.70     350.39     441.41     168.21     346.51     439.44    -176.82    -261.53    -134.75           10
      1126686  4.962980e+13     264.65     382.81     119.14     271.42     384.92     121.89     413.62     127.02     213.24           12
      1582455  6.203725e+13     378.78     294.40     470.96     381.35     293.60     474.55     137.30     -47.57     217.75           15
      1899006  9.925961e+13     450.52     447.75     490.07     450.64     446.29     493.23     -20.02    -120.10     179.18           24
       379823  4.549399e+13      91.80      86.47     189.10      95.25      80.88     184.01     286.34    -333.92    -336.10           11
       839002  6.617307e+13     200.68     100.34     356.45     203.07      97.34     353.22     162.21    -170.33    -190.12           16
       296351  4.549399e+13      70.13      45.99     123.76      76.88      43.19     127.59     459.78    -237.37     264.59           11
       409638  5.790144e+13      95.70     498.33     148.72      89.06       3.23     149.77    -415.58     321.99      68.45           14
       316621  4.135817e+13      77.34     160.94     300.78      76.32     163.56     302.12     -91.10     193.11      83.96           10
        14112  4.962980e+13     497.72     433.59     127.93     492.57     428.62     131.38    -308.08    -326.03     244.99           12
      1328962  4.549399e+13     319.42      54.51     257.63     318.17      54.73     255.13     -98.52       5.59    -190.50           11
      1956635  5.790144e+13     468.47     212.33     104.91     468.19     209.04     104.17     -17.83    -187.01     -64.63           14
       780815  4.549399e+13     184.84     330.79      60.55     179.05     332.57      59.13    -340.28      89.17     -91.22           11
      1110491  6.617307e+13     263.18     390.62     358.64     260.41     390.75     357.68    -178.62      37.56     -61.11           16
      1458268  6.203725e+13     347.79       4.04     361.85     341.95       5.94     367.16    -337.42      82.34     338.04           15
      1979633  1.282103e+14     467.80     407.20     443.61     463.26     407.77     444.59    -333.75      60.65      38.33           31
        88753  4.135817e+13      19.14     206.25     196.09      19.13     200.00     197.70      41.76    -403.68     138.66           10
      1899724  5.790144e+13     451.45     476.56     300.78     453.41     475.61     293.61     112.81     -61.05    -432.51           14
      1128246  4.962980e+13     266.93     433.59     214.52     274.57     429.81     217.54     475.21    -288.80     232.63           12
      1645028  5.376562e+13     391.08     199.37     393.18     386.02     199.87     400.76    -314.59      77.48     452.54           13
      1791771  5.790144e+13     425.50     181.08     105.47     426.00     170.58     100.47      17.06    -669.76    -334.70           14
      1465532  4.962980e+13     349.28     223.31     236.98     356.94     226.61     233.59     508.93     203.49    -211.71           12
       487558  1.033954e+14     114.61     377.89      25.70     117.48     377.85      29.21     191.58     -12.26     209.17           25
      2093733  5.376562e+13       0.45     394.98     150.09     499.32     397.38     150.80     -80.56     178.92      31.98           13
      1958262  4.962980e+13     466.15     256.18     462.89     461.87     258.42     465.05    -263.81     130.99     110.91           12
       486168  4.135817e+13     113.28     338.67      96.48     116.49     337.86      93.66     205.88     -85.72    -164.40           10
       505206  4.135817e+13     120.70     415.23     463.28     122.80     424.47     466.74      86.24     587.22     182.95           10
       639092  4.962980e+13     152.34       2.93     456.38     156.10       6.25     453.88     247.70     220.13    -185.27           12
      1183003  7.030889e+13     278.15     103.52     106.04     273.49     106.34      96.75    -289.72     235.31    -614.18           17
       206584  4.549399e+13      48.47     304.15     468.57      48.30     305.76     470.36     -14.86      79.00     100.32           11
       172205  8.685216e+13      39.34     256.79     176.43      35.21     257.37     177.40    -247.89      30.45      59.28           21
      1052172  4.962980e+13     249.02     107.75      48.50     258.76     107.00      50.31     622.14     -45.08     154.59           12
       805406  6.617307e+13     189.45      77.88     116.94     188.84      82.33     115.29     -71.03     276.13    -118.53           16
       384826  5.790144e+13      89.56     244.14     226.56      86.75     240.34     228.99    -193.85    -236.75     149.56           14
       679607  8.271634e+13     162.50     241.60     222.27     167.55     236.63     226.70     330.81    -346.12     257.89           20
       324472  4.135817e+13      75.00     401.17     472.27      77.49     406.94     471.67     158.43     359.77     -45.82           10
       975895  6.203725e+13     228.78     287.63      92.32     232.54     290.31      94.95     232.63     198.11     179.93           15
      1354941  9.925961e+13     319.01     350.91     237.30     320.86     355.63     237.69     130.58     311.46      34.66           24
       757121  5.376562e+13     182.54     110.43       3.76     183.82     107.65     498.92     112.12    -175.40    -358.36           13
       625596  4.135817e+13     148.83      89.45     236.72     145.17      83.95     236.70    -292.58    -368.60     -32.51           10
       551305  4.962980e+13     128.58     329.75      40.36     129.53     334.19      47.96      64.50     267.81     533.12           12
      1564337  1.240745e+14     370.83     237.24     191.02     369.63     239.53     191.70     -86.74     131.14      44.08           30
      1053445  4.135817e+13     250.00     149.61      19.14     255.66     145.69      22.05     354.38    -252.32     180.33           10
      1145450  1.116671e+14     272.64     449.44     416.59     271.12     454.49     415.10     -31.29     337.02    -139.90           27
      2022152  7.030889e+13     477.60     213.35      30.45     479.73     208.71      32.74     160.74    -344.90     115.56           17
       857415  4.135817e+13     201.95     167.58     279.30     202.19     164.70     283.66      23.31    -207.66     252.25           10
      1668901  4.962980e+13     394.21     430.99     148.44     392.91     425.37     150.84     -60.84    -374.45     182.65           12
      1375229  4.549399e+13     325.46     468.57     488.10     325.06     472.48     488.93     -11.23     222.57      61.37           11
      1008625  4.549399e+13     238.46     277.52     444.42     233.98     274.20     442.36    -256.72    -209.80    -128.74           11
      1199222  4.135817e+13     287.89      98.05     466.41     283.33      93.02     474.20    -267.35    -331.84     532.34           10
      1765218  4.135817e+13     421.48     367.19     388.67     415.57     366.82     384.28    -329.99     -50.59    -277.87           10
       344663  4.135817e+13      84.38      15.62     345.31      88.26      15.29     341.78     194.51      -5.27    -213.97           10
       553616  4.549399e+13     129.08     393.64      67.29     129.04     392.42      65.75     -16.66     -84.77     -96.62           11
      1090191  5.376562e+13     257.66     275.09      61.75     259.57     275.36      55.20     119.38      18.86    -495.67           13
      1658335  4.135817e+13     393.75     108.20     371.48     381.76     109.94     375.78    -721.88     124.44     291.01           10
       398234  5.376562e+13      93.60     157.90     102.91     104.14     148.99     101.43     749.50    -552.54     -90.72           13
      1207313  5.376562e+13     287.71     344.50      65.66     292.01     354.16      76.61     320.56     665.33     714.78           13
       671990  4.549399e+13     161.40       2.31     463.96     163.35       8.51     461.47     153.80     416.27    -151.65           11
      1711550  4.135817e+13     407.81     231.25     244.92     403.09     234.62     244.70    -309.60     205.13      40.65           10
        87766  6.203725e+13      20.96     179.56     335.55      22.64     182.86     337.19      71.84     178.84      96.84           15
      1661861  4.549399e+13     397.55     214.31     148.97     398.98     215.33     146.95      80.48      57.95    -119.87           11
       535039  4.962980e+13     128.26     325.85     499.67     128.62     325.98     497.65      27.83      13.52    -137.80           12
       742452  7.030889e+13     177.50     158.20     204.62     179.86     159.62     204.68     131.51      76.26      -3.38           17
       337112  8.685216e+13      78.22     287.11     350.35      73.66     285.04     346.05    -326.25    -119.24    -275.13           21
      1893058  4.135817e+13     454.69     273.83     258.20     451.94     284.86     254.36    -161.34     693.79    -211.32           10
      1133126  1.695685e+14     276.72      77.98     273.20     272.44      73.70     277.97    -261.20    -278.71     302.31           41
      1807258  4.549399e+13     432.00     153.94     104.23     432.69     159.51     103.67      51.61     361.08     -46.39           11
      2048234  4.135817e+13     490.23       6.25     416.02     485.98       4.92     414.67    -248.06     -68.61     -73.32           10
       495144  4.135817e+13     121.09     109.77     157.42     120.11     106.71     154.55     -47.57    -169.60    -161.27           10
       432599  4.549399e+13     103.16     202.95     343.93     104.04     207.49     349.73      56.28     308.28     387.25           11
       479530  9.925961e+13     113.12     137.04     164.71     108.32     133.31     158.03    -303.66    -226.37    -387.96           24
      1175504  7.858052e+13     279.91     370.58     314.04     280.76     365.60     311.20      76.59    -296.87    -179.15           19
       311509  4.962980e+13      78.78       7.16     330.73      86.06       8.61     332.01     427.71      77.45      92.21           12
       187372  5.376562e+13      46.72     213.49     425.03      51.49     212.30     425.79     292.41     -99.57      61.97           13
       560653  6.617307e+13     138.18     111.82      50.05     134.69     120.90      54.35    -223.95     579.83     291.58           16
       687463  9.925961e+13     163.25     473.47     412.60     161.10     476.56     414.98    -146.96     190.43     142.97           24
       654489  5.790144e+13     152.34     477.96      97.66     146.18     479.00      98.78    -421.83      50.83     102.96           14
       354698  7.858052e+13      83.16     323.09      43.89      80.44     325.61      46.98    -188.08     133.70     209.20           19
       675228  4.549399e+13     162.82     102.10     108.84     156.83     103.60     108.81    -433.23     108.59     -11.92           11
       820692  4.135817e+13     197.27      46.09     332.42     197.04      48.07     333.25      -0.11     108.66      45.78           10
       692000  4.135817e+13     162.11     116.41     129.69     160.11     114.47     126.16    -107.12    -114.46    -215.19           10
       957936  4.962980e+13     228.19     234.70     437.50     228.46     238.41     438.40       0.80     232.60      27.13           12
        54192  5.790144e+13      13.95     157.37     190.01      14.31     155.51     193.09      -3.35    -127.51     192.63           14
       636277  4.135817e+13     147.66     419.14     461.72     147.83     426.43     465.40      10.13     458.44     233.56           10
      1302331  7.444470e+13     310.98     240.45     232.64     305.48     242.40     236.45    -332.03     108.91     262.42           18
       391324  8.685216e+13      94.59     445.78     111.89      97.18     450.63     110.83     169.11     317.58     -49.37           21
      1446371  1.447536e+14     349.27     141.24     394.70     353.80     141.55     397.45     319.02      47.14     183.39           35
       127023  8.685216e+13      26.13     373.60     181.45      21.53     376.84     181.10    -307.26     189.62      56.20           21
       761745  6.203725e+13     183.46     244.92      68.88     182.73     242.35      66.89     -65.76    -194.16    -111.51           15
       985582  5.376562e+13     237.53      79.48     427.43     242.09      75.54     435.22     295.92    -255.44     458.22           13
       999190  5.790144e+13     239.40     494.70      86.77     241.66     495.84      91.92     127.39      59.17     386.45           14
      1754585  6.617307e+13     421.14      43.95     348.88     417.96      44.83     347.34    -182.05      25.93     -95.98           16
      1605149  4.135817e+13     384.38     487.50     117.97     385.23     486.81     121.77      54.41     -22.73     249.48           10
      2081472  4.135817e+13     498.83      19.53     249.61     495.14      26.66     251.00    -226.82     499.50     135.38           10
      1585210  4.962980e+13     375.00     376.63     228.52     373.94     378.28     224.98     -67.00     121.52    -229.31           12
      1949778  4.135817e+13     468.75       2.73     322.27     468.31       4.11     317.07     -35.08      90.20    -302.65           10
      1897557  4.135817e+13     451.56     406.64     335.55     451.86     398.72     325.92      32.71    -487.06    -629.46           10
      1447781  4.549399e+13     347.48     180.58     394.71     345.88     174.56     394.03    -105.57    -358.20     -79.26           11
      1562850  4.135817e+13     371.48     192.97     383.59     364.49     188.18     396.24    -460.62    -302.11     794.60           10
       793894  4.135817e+13     189.45     228.52     151.95     192.98     224.50     152.79     199.49    -242.07      61.86           10
       983498  6.203725e+13     236.07      17.84     292.06     238.18      17.98     287.74     110.85      -4.69    -280.58           15
      1039724  8.685216e+13     244.51     229.82     421.60     243.34     235.29     425.38     -87.83     386.70     253.59           21
      1193503  7.030889e+13     278.38     425.21     121.90     280.07     424.42     120.72     113.00     -46.35     -80.12           17
       384784  5.376562e+13      91.80     242.64      63.85      95.72     239.34      60.96     260.21    -208.00    -197.01           13
      1059282  8.271634e+13     249.22     329.69     321.48     251.16     332.60     322.05     129.39     192.30      42.71           20
      2059529  6.617307e+13     486.82     353.27      38.33     488.11     354.37      38.09      71.53      47.16     -20.29           16
      1047580  4.135817e+13     250.78     466.80     110.55     252.09     476.69     105.76      66.98     656.85    -281.58           10
       886593  4.549399e+13     211.83      60.19     256.92     207.74      55.08     257.05    -234.76    -333.20      29.41           11
       213583  5.376562e+13      56.94      17.88     312.95      60.39      21.86     313.64     185.32     226.35      55.28           13
      1375618  4.135817e+13     327.34     483.20       7.42     326.81     488.14       6.55     -20.55     308.61     -47.48           10
      1280217  4.135817e+13     308.59      66.80     350.39     307.27      71.22     347.02    -103.43     301.00    -247.16           10
      1242121  4.549399e+13     297.76     406.78      34.98     296.43     406.16      37.32     -70.17      -3.58     136.30           11
      1573066  4.962980e+13     376.63       6.18     292.97     376.57       7.16     288.82      -9.11      61.69    -280.40           12
      1823137  5.790144e+13     434.15     140.35     128.91     438.01     146.20     131.06     247.04     427.02     157.64           14
       604015  4.549399e+13     145.06     433.42     436.61     149.23     442.45     441.50     243.55     556.38     282.85           11
       362529  6.203725e+13      88.67      67.84     126.95      90.37      73.15     128.52     141.13     425.37     122.75           15
       617010  6.617307e+13     142.09     327.15     195.31     136.39     329.90     192.83    -369.29     204.21    -209.11           16
      1288185  5.376562e+13     305.44     306.94     478.82     305.77     308.28     479.99      14.35      90.52      76.08           13
      1913297  5.376562e+13     456.58     388.67     316.86     453.53     384.36     308.39    -217.77    -287.92    -574.31           13
       183046  6.203725e+13      44.66      88.15      28.78      46.08      87.77      36.41      81.78     -33.45     450.64           15
      1402784  4.135817e+13     333.20     312.11     128.91     329.34     314.07     127.45    -262.52      99.84    -115.41           10
       231334  4.135817e+13      60.94      58.98     149.61      63.85      56.33     154.29     169.60    -195.12     315.16           10
       866836  4.962980e+13     206.38     458.33      80.08     206.93     466.19      77.62       1.57     513.59    -161.58           12
      2024980  4.549399e+13     480.65     298.47      81.85     479.32     299.44      84.67    -118.75      70.68     170.52           11
      1069305  5.376562e+13     255.86     132.96     473.71     256.58     131.80     475.48      34.51     -44.94     101.59           13
      1590310  4.135817e+13     380.86      35.16     151.95     380.13      36.36     153.34     -54.83      88.19      99.19           10
      1414668  4.135817e+13     336.72     175.78      47.66     341.33     175.96      41.46     262.31      51.99    -495.66           10
       150419  4.135817e+13      39.45      94.92      78.91      38.66      91.29      87.16     -21.45    -299.19     558.54           10
      2064528  6.203725e+13     497.53       7.68      64.19     498.19      13.83      62.03      38.08     387.81    -147.06           15
      1468044  7.444470e+13     350.91     304.90      50.56     355.44     311.22      53.58     301.51     396.17     189.21           18
      1426729  4.135817e+13     343.75      42.97     158.20     342.63      44.85     156.15     -57.49     128.22    -129.17           10
       848937  4.962980e+13     201.50     407.55     159.83     202.91     411.90     156.55      83.89     254.33    -216.76           12
      1291502  9.098798e+13     304.69     411.04     430.04     306.03     415.87     430.62      89.00     281.09      38.97           22
       320200  6.617307e+13      77.15     269.78     284.67      80.59     268.96     290.24     239.82     -82.57     340.72           16
      1591601  4.135817e+13     381.64      73.83     194.92     381.12      67.80     194.31     -39.30    -385.93     -23.15           10
      1303722  4.549399e+13     308.06     285.69     167.79     309.13     285.83     172.61      88.78     -21.68     307.62           11
       405431  5.376562e+13      91.80     375.45     216.20      89.20     374.83     215.71    -173.43     -49.98      31.85           13
       709424  5.376562e+13     168.42     147.69     187.65     171.90     147.91     188.90     210.67     -13.22      72.87           13
       822228  7.030889e+13     198.64      89.27     328.47     205.40      89.78     326.21     439.17      19.62    -151.13           17
       230026  5.376562e+13      58.44      21.18      41.32      55.43      21.18      44.68    -205.67      -0.69     208.80           13
      1125019  6.617307e+13     265.38     332.52     109.38     267.87     329.02     106.64     141.48    -254.37    -178.03           16
       468334  7.444470e+13     114.80     290.58     430.12     122.16     286.22     433.00     464.96    -232.46     201.61           18
      1265625  2.067908e+14     296.33     130.08     355.23     296.57     127.36     353.09      28.13    -154.23    -131.44           50
      1960235  4.135817e+13     466.41     323.44     166.41     468.94     319.32     166.27     166.98    -277.32     -35.62           10
      1769104  7.858052e+13     422.18     486.33      62.81     424.50     490.42      64.46     164.55     267.24     120.89           19
       528933  4.962980e+13     125.00     142.58     144.53     123.93     141.51     135.73     -52.90     -33.39    -552.52           12
       305309  7.858052e+13      71.85     321.44     113.18      65.62     324.90     110.97    -387.52     203.79    -148.80           19
       968931  4.135817e+13     229.69      66.02     389.06     233.08      62.41     392.69     199.66    -206.52     236.42           10
      1310156  4.135817e+13     314.06     483.20     300.39     313.80     483.20     301.69      21.80     -25.45      94.74           10
       285919  5.376562e+13      69.86     221.60     371.54      74.26     219.50     375.51     264.10    -151.03     264.03           13
       966968  6.617307e+13     235.35      11.96     220.95     237.40      12.86     220.66     128.89      54.05     -24.62           16
      1378752  4.549399e+13     328.30      75.46     248.05     329.26      71.11     243.54     101.47    -264.83    -309.91           11
       604883  4.135817e+13     139.45     457.42     326.56     138.97     456.11     331.97     -56.61     -79.51     309.71           10
       804480  4.135817e+13     194.14      53.91       2.73     196.58      50.79     498.89     147.12    -224.39    -260.44           10
      1227498  9.512379e+13     286.77     460.34     412.11     279.52     461.30     410.48    -504.86     -34.65    -113.70           23
       639738  6.617307e+13     154.05      22.46     481.45     161.61      18.78     478.12     450.33    -212.58    -191.76           16
       838936  1.406178e+14     203.47     101.91      97.89     204.98     100.23      98.75     123.74    -116.61      52.32           34
      1289129  4.549399e+13     308.77     338.96     161.75     311.44     347.59     161.72     200.48     544.38       1.35           11
       762495  4.135817e+13     179.69     269.92     494.92     180.68     270.22     490.54     109.20      42.85    -261.83           10
       299961  4.135817e+13      70.70     151.56     224.22      68.04     149.86     220.79    -175.26    -117.07    -197.31           10
       758550  4.962980e+13     184.57     151.37      89.19     176.09     144.45      85.73    -548.60    -414.89    -201.97           12
      1589799  4.962980e+13     380.86      15.62     152.34     383.08      14.22     153.06     143.89    -111.62      25.21           12
       727902  4.135817e+13     175.78     212.89     371.09     175.36     213.17     372.93     -20.49      24.49     130.98           10
       423923  4.135817e+13     100.00     435.16     450.78     105.74     439.50     458.49     353.40     262.87     471.55           10
      1441736  4.135817e+13     343.36     495.31     285.55     339.78     495.86     288.54    -194.58      32.93     208.82           10
       624733  5.376562e+13     152.79      67.46     368.54     154.20      64.41     373.01      49.21    -210.06     292.73           13
       136635  4.549399e+13      31.78     168.15     230.65      31.19     162.66     227.09     -87.88    -391.29    -194.99           11
       159639  5.790144e+13      38.50     375.00      91.52      34.75     372.43      96.19    -284.90    -194.12     297.60           14
      2081601  4.962980e+13     495.12      28.32     253.91     494.25      32.22     250.77     -49.88     239.61    -158.75           12
       908936  7.030889e+13     217.72     238.86      31.36     216.67     236.50      34.56    -109.32    -149.79     199.13           17
       275116  4.135817e+13      64.45     397.66     173.44      62.37     394.47     169.65    -136.24    -211.18    -216.27           10
      2077003  1.075312e+14     490.99     381.91     292.97     488.16     380.55     289.70    -155.00     -75.23    -229.00           26
       594812  5.790144e+13     143.14     150.67     483.82     140.06     148.65     486.51    -189.64    -125.60     168.07           14
      1034120  4.135817e+13     248.44      58.20      31.64     248.59      60.67      34.41      24.68     135.00     185.50           10
      1345531  4.962980e+13     320.31      62.50     479.82     315.69      64.72     479.65    -292.57     107.04      -7.98           12
      1313009  5.376562e+13     316.56      68.66     445.76     311.98      63.85     445.38    -295.02    -347.62     -62.94           13
       548489  4.135817e+13     132.81     243.36      39.45     127.06     242.53      39.78    -347.01     -50.33      32.25           10
       202281  5.376562e+13      50.63     169.62     160.61      49.66     163.18     162.64     -68.22    -360.83     139.12           13
       889394  5.790144e+13     212.61     145.09     193.64     212.37     153.65     187.74      13.41     564.82    -373.12           14
       508058  4.135817e+13     121.88       8.59     103.52     120.42       6.85     100.08     -35.60    -107.52    -217.66           10
      1399079  4.549399e+13     334.69     197.27     151.46     335.92     195.15     150.61     101.71    -132.53     -38.75           11
      1069648  5.790144e+13     255.30     140.63     314.73     258.83     137.55     313.62     245.01    -194.88     -74.71           14
      1383366  6.617307e+13     328.86     214.11     272.71     322.90     216.34     275.15    -410.88     111.08     181.57           16
      1203908  4.135817e+13     290.23     241.80     269.53     286.33     245.67     266.17    -235.43     262.44    -216.87           10
      1624003  4.135817e+13     387.50      63.28     265.23     389.20      61.25     262.09      98.12    -110.26    -194.61           10
      2086645  4.962980e+13     497.72     181.97     457.36     496.58     181.17     461.81     -64.07     -71.76     258.57           12
      1682486  5.790144e+13     400.39     343.19     214.56     406.73     347.80     214.90     436.52     284.46      27.15           14
      1008576  5.790144e+13     239.12     279.02     251.95     240.64     274.15     254.89      62.33    -297.67     179.37           14
      1318025  4.549399e+13     311.61     226.38      33.56     309.18     217.88      31.34    -176.84    -542.42    -137.70           11
      1715528  4.135817e+13     408.59     355.47     282.42     411.44     357.09     278.01     158.57     119.07    -299.17           10
      1526498  4.135817e+13     361.72      83.98     383.20     353.15      86.58     383.70    -543.49     154.98       8.33           10
       783417  4.135817e+13     187.50     405.47     223.05     190.81     403.72     229.29     209.26    -137.43     406.61           10
       844512  6.617307e+13     203.86     268.07     375.73     205.03     266.13     377.33      94.33    -133.13      98.41           16
       686165  4.135817e+13     160.16     438.67     332.42     158.17     438.58     339.16    -153.07      10.42     409.73           10
      1476585  4.135817e+13     353.91      59.77     408.98     349.74      63.04     404.21    -245.20     185.01    -327.36           10
      1913300  4.135817e+13     457.81     392.19     327.34     456.41     389.67     317.69    -101.55    -151.15    -633.00           10
      1422659  4.549399e+13     335.76     416.73     262.96     332.34     407.57     263.00    -227.66    -626.97      70.13           11
      1093209  4.135817e+13     262.11     358.59     347.27     257.64     351.92     345.23    -280.13    -442.54    -142.76           10
       647274  5.790144e+13     154.30     255.86     412.67     154.48     249.21     412.67      26.93    -409.12     -10.04           14
      1098825  4.549399e+13     265.80      31.07     284.98     265.50      36.27     285.55      21.15     309.70      40.00           11
      1953843  9.925961e+13     469.24     120.77     203.94     471.03     115.00     204.44     105.09    -349.79      14.29           24
       609740  4.135817e+13     144.53     108.98     299.61     144.99     102.77     290.77      30.91    -389.70    -519.94           10
       787625  4.135817e+13     190.62      38.67     162.50     188.32      39.63     161.90    -151.00      66.56     -49.08           10
      1715128  7.444470e+13     407.99     340.71     219.40     411.16     346.95     219.19     205.23     419.59      -7.98           18
      1839271  6.617307e+13     436.04     128.91     153.81     437.05     127.57     148.48      76.43     -87.32    -339.22           16
       270286  4.962980e+13      67.71     250.33     305.01      75.13     255.32     309.65     437.11     348.36     299.52           12
      1046445  5.790144e+13     251.12     433.87     177.18     255.77     430.25     181.27     264.15    -259.11     263.04           14
      1833340  4.549399e+13     437.32     443.71     488.46     441.94     443.47     490.24     303.89      -2.55     119.38           11
      1804392  4.962980e+13     434.57      63.48     409.51     430.79      67.04     411.81    -210.34     260.61     150.16           12
       502537  5.376562e+13     114.93     336.39      36.51     115.53     339.98      42.44      68.39     206.45     397.74           13
        96842  4.549399e+13      19.00     457.21     292.44      17.23     455.00     286.70     -92.34    -129.82    -327.10           11
       263331  1.199387e+14      69.57      34.55     144.60      72.51      33.19     145.75     175.75    -115.91      91.01           29
      1528231  4.135817e+13     363.28     138.67     151.17     357.92     132.98     148.17    -373.98    -403.84    -225.24           10
       174580  6.617307e+13      45.41     325.93     455.32      43.03     329.97     453.00    -139.37     237.47    -179.47           16
      1304634  4.135817e+13     312.11     312.50     227.73     310.31     319.15     226.73    -110.03     399.90     -62.47           10
       210573  4.135817e+13      51.17     430.86      52.34      54.79     432.28      51.56     233.82      44.18     -76.00           10
       297823  4.135817e+13      71.09      87.50     371.09      75.28      90.39     371.97     231.43     182.39      64.51           10
      1515240  4.962980e+13     364.91     236.00     406.58     369.51     232.20     410.09     297.43    -204.14     240.44           12
      1109347  4.549399e+13     265.09     352.81     387.25     264.28     349.06     385.80     -16.28    -199.28     -83.96           11
      1715108  4.135817e+13     408.98     340.62     143.36     400.08     346.96     146.83    -583.17     396.50     186.86           10
      1020856  4.135817e+13     245.70     154.69     219.14     244.42     155.42     214.16     -53.83      34.16    -309.46           10
      1869553  4.135817e+13     451.56      52.34     442.58     446.00      53.12     448.88    -344.64      25.28     375.17           10
       187488  4.962980e+13      42.97     221.03     377.60      46.17     220.31     383.54     117.38     -54.33     409.49           12
      1900385  5.790144e+13     453.40     490.23     382.81     443.97     490.07     380.96    -601.33     -13.74    -113.29           14
      1554530  4.962980e+13     369.47     437.17     385.42     376.81     435.22     393.89     460.67    -169.87     580.88           12
      1967560  7.030889e+13     471.16      42.85     285.04     470.29      43.85     277.92      -4.69      74.00    -420.70           17
       560530  2.026550e+14     140.43     111.17      79.84     136.82     116.03      82.68    -212.03     329.72     174.01           49
      1300760  5.376562e+13     313.55     199.97      95.40     319.19     201.60      99.08     419.39     137.98     274.72           13
      1665353  4.135817e+13     394.14     321.09     286.33     398.58     322.84     282.40     254.33     105.86    -246.45           10
       476343  4.135817e+13     113.67      38.67     217.97     113.82      38.40     214.66      17.97       2.49    -216.44           10
       340656  4.962980e+13      80.73     394.21     192.38      81.16     393.56     186.47      23.12     -65.33    -351.69           12
       398071  4.549399e+13      92.86     150.04     470.70     103.72     148.63     470.54     686.26     -96.61      18.63           11
       990456  4.549399e+13     233.13     226.74     468.22     234.63     231.96     466.63      74.89     394.08     -85.61           11
       880814  4.549399e+13     206.14     380.86     179.15     210.04     386.67     179.10     229.17     344.33      -8.27           11
      1863161  4.962980e+13     444.66     361.33     472.98     440.54     364.92     472.51    -241.96     229.92     -39.99           12
       834173  8.685216e+13     193.55     455.08     489.49     190.27     455.40     488.28    -227.69       6.07     -95.94           21
       382032  4.135817e+13      91.41     162.11     317.58      90.86     161.73     318.22     -27.30     -21.75      33.61           10
       552836  4.549399e+13     128.02     376.60      15.45     126.67     377.54      24.77    -122.84      50.76     596.63           11
      1018475  7.030889e+13     242.30      73.87     421.99     246.45      70.68     429.33     250.65    -192.53     445.93           17
       166983  4.135817e+13      42.19      93.75     275.39      42.64      84.77     270.80      22.42    -598.65    -288.02           10
      1668779  5.376562e+13     396.18     431.64     171.12     393.16     426.51     168.48    -164.54    -290.87    -171.58           13
      1528125  1.282103e+14     369.52     137.29     238.22     367.96     135.99     228.74    -118.17     -82.29    -589.03           31
       690168  4.549399e+13     163.88      59.48     468.57     170.64      57.79     468.16     373.40    -108.74     -39.83           11
       416183  4.135817e+13     101.56     199.61     217.58      95.05     197.68     220.59    -404.12    -115.44     172.48           10
      1319400  7.858052e+13     318.56     262.03     408.20     313.41     256.75     411.76    -310.43    -332.27     248.12           19
       142485  5.376562e+13      31.40     352.31      79.18      30.88     353.65      84.43     -31.91      83.64     327.05           13
      1530989  4.135817e+13     365.62     221.88     428.52     365.90     217.95     432.85      13.04    -229.79     283.43           10
       600464  5.790144e+13     145.09     323.66      64.17     144.71     323.12      67.25      59.81     -98.40     279.81           14
       703020  4.549399e+13     166.37     457.56     172.76     160.90     463.63     168.57    -314.41     381.94    -280.82           11
       687834  4.549399e+13     158.56     492.37     355.65     159.19     488.84     363.59      29.65    -215.82     518.43           11
      1547551  6.617307e+13     367.92     226.81     120.61     369.85     221.95     118.18     114.75    -313.23    -160.86           16
      1917663  4.962980e+13     458.98      23.76     370.44     455.68      25.57     369.65    -183.25     146.15     -52.46           12
       922250  5.376562e+13     223.11     147.99      38.61     227.23     145.53      38.49     258.87    -136.41     -10.29           13
      1011415  1.075312e+14     240.38     368.39     345.25     235.85     359.97     348.19    -303.74    -556.69     198.80           26
       488728  4.962980e+13     113.61     414.06      97.98     114.06     415.04      98.31      78.74      29.13      21.30           12
       198374  4.549399e+13      48.12      49.18     398.62      51.21      48.48     400.84     157.76     -58.87     136.61           11
      2092129  4.549399e+13       0.18     344.28     381.92       5.06     347.02     379.01     313.21     210.02    -182.14           11
       746426  4.962980e+13     177.73     281.25     225.91     179.11     279.95     229.53      70.61     -36.74     190.74           12
      1699106  5.790144e+13     405.97     354.63     137.28     397.21     354.88     141.73    -573.31       3.86     288.10           14
       883205  4.135817e+13     207.03     457.03      21.48     206.88     459.37      23.35     -17.10     116.90     106.09           10
      1460820  5.790144e+13     347.38      82.87     333.71     343.27      79.32     340.08    -255.29    -193.06     408.37           14
       955771  4.549399e+13     230.65     161.75     482.78     232.90     155.24     481.72     150.03    -396.22     -56.84           11
      1095406  4.962980e+13     258.14     430.34     432.62     255.64     435.11     434.86    -102.33     302.39     172.24           12
      1762060  4.549399e+13     419.92     277.88      51.31     422.92     277.46      53.46     208.92     -10.29     157.07           11
       539120  4.962980e+13     124.02     453.12     442.38     128.84     462.35     446.86     260.18     592.84     269.89           12
       292803  4.135817e+13      73.05     433.98     265.62      75.62     437.82     263.99     117.83     222.30    -137.67           10
      1436049  4.135817e+13     339.84     323.83      67.58     338.83     327.82      76.69    -149.98     207.92     638.69           10
       627712  6.617307e+13     147.95     156.25     499.27     146.57     150.99     497.02     -91.05    -326.52    -169.34           16
      1630285  6.203725e+13     389.97     254.82     301.43     390.76     256.19     299.41      77.65     103.91     -98.17           15
      1476445  7.030889e+13     348.23      58.94     365.92     341.04      59.26     370.12    -507.48     -61.38     275.84           17
      1042936  4.962980e+13     244.47     327.47     470.38     237.59     328.34     463.49    -444.47      60.29    -450.62           12
       247637  4.135817e+13      65.23      55.08     335.94      66.45      59.78     330.91      32.65     310.75    -293.37           10
       678151  4.549399e+13     158.20     199.04      27.17     157.18     191.93      27.32     -65.69    -425.67      22.77           11
       828570  5.376562e+13     199.37     287.11     102.61     202.92     284.74      99.97     190.33    -126.22    -155.07           13
      1417136  4.135817e+13     339.45     249.22     190.62     339.64     249.36     189.39       1.12      -6.09     -87.36           10
      1650399  4.549399e+13     394.35     359.55     372.69     397.68     359.43     366.98     246.30     -11.50    -410.46           11
      1179066  5.376562e+13     276.89     484.53     232.42     270.52     482.49     230.22    -431.23    -126.42    -133.43           13
      2050742  1.033954e+14     491.48      87.27     213.52     486.78      87.47     214.55    -304.43      34.54      92.78           25
      1996607  4.549399e+13     473.54     430.93     249.82     470.77     429.30     247.58    -157.59     -97.26    -137.41           11
      1262745  4.135817e+13     300.00      39.06     102.34     294.86      39.42     102.88    -315.50      -4.20      46.28           10
       736613  4.135817e+13     173.05     479.30     398.44     169.78     480.25     407.10    -188.16      61.52     590.33           10
      1634210  6.617307e+13     388.18     371.09     135.25     381.86     371.39     140.20    -418.36      10.17     332.10           16
       817287  4.549399e+13     190.16     443.71      27.88     189.84     445.17      28.46     -13.07      89.65      51.03           11
       239768  4.549399e+13      54.51     318.00      96.77      54.21     322.80      98.30     -10.18     303.18     126.65           11
       821924  5.376562e+13     197.57      79.48     141.38     197.38      80.29     139.67     -12.71      61.59     -97.76           13
       935993  4.962980e+13     226.56      66.08     223.31     220.77      56.50     220.62    -351.20    -569.78    -158.98           12
      1649646  6.203725e+13     396.48     345.70     431.64     397.15     344.74     430.08      46.74     -76.37    -114.58           15
       694720  4.549399e+13     165.66     203.30     252.31     167.31     199.61     257.04      91.53    -268.66     339.24           11
      1872014  4.549399e+13     450.11     133.70      54.87     446.49     134.73      57.64    -254.83      76.36     212.59           11
       701266  7.444470e+13     168.40     396.48     321.83     169.61     394.81     327.13      92.40     -87.47     337.16           18
      1181590  9.925961e+13     283.37      60.71      91.63     279.73      59.85      92.42    -238.33     -88.01      78.80           24
      1602094  5.376562e+13     382.36     390.47     181.64     379.51     390.97     180.28    -183.73      28.31    -106.90           13
      1553795  4.962980e+13     366.21     417.64      16.93     371.03     412.62      21.30     315.69    -312.24     277.78           12
      1951692  4.135817e+13     467.19      60.16     297.27     461.16      55.36     288.58    -378.77    -279.63    -529.05           10
      2085622  5.376562e+13     499.85     148.89     465.29       0.30     151.77     471.61      31.65     160.55     382.47           13
        94427  4.135817e+13      19.53     380.86     356.64      13.42     376.64     352.27    -414.11    -232.54    -250.54           10
       667926  4.549399e+13     162.46     380.50      88.60     156.74     383.48      89.06    -372.93     176.61      43.61           11
       681967  4.135817e+13     164.06     308.20     433.59     167.49     310.46     431.82     196.48     134.81    -123.43           10
      1964320  4.135817e+13     463.67     446.88     127.73     462.50     445.69     126.08     -58.56     -64.45    -149.03           10
       693186  4.135817e+13     168.75     152.73     260.55     165.73     154.46     258.93    -181.60     147.52     -98.45           10
      2042493  4.135817e+13     486.33     328.52     487.89     486.17     329.63     489.44     -12.64      81.91      91.59           10
       347865  4.135817e+13      81.25     117.58     350.78      85.15     122.42     352.07     260.07     288.58      81.30           10
      1458743  4.549399e+13     347.83      20.77     214.67     347.39      24.25     209.76     -44.43     280.79    -276.44           11
       890662  7.444470e+13     215.28     182.51     147.79     219.12     185.95     156.43     283.06     265.39     592.31           18
      2024365  4.549399e+13     484.55     276.46     175.96     485.52     278.03     171.54     103.24     116.34    -269.27           11
      1635518  4.135817e+13     389.45     415.23     241.80     390.88     411.68     232.33     107.75    -197.38    -629.11           10
       680957  7.030889e+13     160.50     281.14     489.09     159.08     280.85     485.10     -73.54      -4.93    -250.86           17
       992666  6.617307e+13     235.35     294.19      99.61     238.77     295.96      98.57     183.71     138.38     -83.10           16
      1662526  5.790144e+13     396.48     235.49     244.98     397.44     240.23     245.66      87.94     317.06     108.10           14
      1862057  4.549399e+13     441.58     327.59     165.31     441.55     328.47     172.63      -6.52      35.66     431.64           11
        65493  7.030889e+13      16.66     496.67     339.27      12.15     496.56     335.44    -302.36     -20.33    -208.39           17
      1915865  4.135817e+13     453.52     468.36     353.12     448.33     470.43     356.43    -287.00     130.53     210.88           10
       632884  1.488894e+14     150.82     309.35     199.65     150.73     308.94     203.43      29.37     -46.88     229.78           36
      1705700  9.098798e+13     409.09      50.25     389.91     402.07      49.54     388.40    -407.11     -29.48    -107.79           22
      1987009  9.512379e+13     479.03     130.86     253.99     482.84     123.09     241.84     244.03    -474.75    -708.31           23
       313231  4.549399e+13      75.82      62.32      63.39      78.78      59.39      71.09     171.87    -191.20     465.17           11
       698038  4.962980e+13     165.69     305.34     213.87     160.27     303.30     215.02    -382.88    -115.57      31.05           12
      1342848  4.135817e+13     316.41     485.55       3.52     317.82     488.60       4.02      97.64     163.97      24.21           10
      1190215  7.444470e+13     282.55     318.14     279.51     278.65     321.44     278.28    -269.65     212.54     -72.96           18
      1942342  4.549399e+13     463.96     277.52     274.33     459.74     287.34     271.12    -264.01     608.68    -192.01           11
      1652042  6.203725e+13     392.84     417.32     289.71     396.57     414.62     284.66     250.25    -137.68    -310.71           15
      1851047  4.549399e+13     440.16     490.23     156.43     440.73     492.98     153.07      26.57     155.64    -187.34           11
       745537  4.962980e+13     176.43     251.30     255.86     178.27     247.92     253.41      72.27    -190.77    -173.36           12
      1924523  1.158029e+14     458.71     226.84     165.88     457.24     225.39     171.23    -115.85     -61.97     348.79           28
       705143  4.962980e+13     165.69      17.90     466.15     168.52      18.13     463.80     165.81      22.37    -165.91           12
      1179465  6.203725e+13     279.82     497.01     286.07     278.70     497.89     283.39     -66.37      59.42    -154.02           15
       523778  4.549399e+13     124.82     485.26       7.28     121.18     482.85       4.25    -275.95    -149.31    -228.68           11
      1023854  4.549399e+13     245.92     242.72     431.64     243.54     240.78     431.40    -131.00    -150.76     -47.08           11
      1182721  4.962980e+13     282.23      91.47       4.23     282.57      95.52       5.45      65.22     300.47      79.49           12
      1953980  7.444470e+13     466.36     132.16     243.06     467.26     123.11     232.92      27.87    -554.73    -604.35           18
      1150794  5.790144e+13     273.44     121.65     295.20     269.16     116.15     302.78    -267.63    -361.44     473.74           14
      1413561  4.962980e+13     335.61     136.72     220.38     337.15     135.81     217.72      81.47     -61.32    -155.39           12
      1034627  7.030889e+13     248.51      75.71      16.66     250.83      77.22      16.79     154.10     101.59      18.10           17
      1365507  4.135817e+13     324.61     175.00      12.11     328.10     172.56      13.94     238.03    -142.41     119.29           10
      1538030  5.790144e+13     370.81     438.06     430.25     372.39     432.67     428.15     118.02    -429.40    -140.80           14
      1001642  8.271634e+13     239.65      67.58     166.99     238.46      63.11     162.03    -110.71    -256.75    -296.88           20
      1602669  4.549399e+13     383.35     409.62     424.18     380.25     413.75     416.80    -234.65     291.52    -539.69           11
       380958  4.549399e+13      94.64     127.31     118.08      98.48     129.21     110.30     278.73     161.30    -530.82           11
      1731801  5.376562e+13     407.60     344.80     352.31     408.32     348.66     353.98      48.93     235.40     158.27           13
      1925709  4.962980e+13     462.24     269.53     302.41     458.36     280.91     300.95    -254.60     731.65     -63.08           12
      1126416  7.444470e+13     268.66     380.43      66.19     269.82     377.93      69.17      87.49    -206.90     181.13           18
       107036  4.135817e+13      23.83     268.75     112.50      25.26     266.52     113.69     104.60    -134.51      66.42           10
      1672379  7.858052e+13     401.21      38.55     235.09     403.93      39.09     230.57     152.28      39.58    -279.86           19
       665094  4.962980e+13     163.41     303.39      24.74     159.88     303.48      24.36    -215.69       9.79     -12.23           12
       341106  4.135817e+13      82.42     405.47     450.39      84.08     405.93     455.42      58.57      -9.00     276.43           10
       926782  4.135817e+13     222.27     282.03     248.05     224.66     274.98     252.57     146.44    -429.98     255.74           10
       743274  5.790144e+13     177.46     179.69     416.02     168.34     177.29     419.60    -572.84    -142.37     225.27           14
      1126247  4.549399e+13     266.51     367.37     400.75     264.01     359.17     396.01    -159.09    -523.02    -309.14           11
      1753299  4.962980e+13     423.18       8.14     326.50     424.17      13.65     323.42      86.47     358.60    -185.87           12
      1960104  4.135817e+13     465.23     317.58     158.98     469.50     314.48     162.58     272.82    -202.93     223.69           10
      1792820  4.135817e+13     425.78     212.11     207.42     425.65     213.64     207.52     -51.94     103.13      29.93           10
       985075  5.376562e+13     233.62      58.14     451.17     233.86      57.76     454.97      17.21     -24.17     228.71           13
      1478437  9.925961e+13     361.17     120.77     144.37     359.28     123.96     143.23    -127.39     250.42     -66.73           24
      1149303  4.549399e+13     277.52      72.62     467.15     276.30      78.46     469.45     -53.25     411.33     158.60           11
       326593  6.203725e+13      74.35     469.92     255.86      76.09     472.34     245.57     115.33     169.44    -655.12           15
       854645  5.790144e+13     207.03      78.96     454.52     209.37      79.49     461.79     169.27      73.38     465.30           14
      2041322  4.549399e+13     485.97     295.63     418.15     487.63     289.91     425.00     118.63    -396.21     447.39           11
      1786951  6.203725e+13     424.61      32.94     274.87     427.87      36.69     275.06     175.22     244.73      68.54           15
       431613  4.962980e+13     104.17     169.92     491.54     114.88     160.97     489.97     672.62    -574.02     -60.73           12
       222987  4.549399e+13      55.58     308.77      47.76      58.91     315.69      48.28     202.45     463.50      31.22           11
       375886  4.962980e+13      83.33     470.70     308.59      89.16     470.74     315.10     373.37      -8.28     431.61           12
       284658  5.376562e+13      70.16     189.45     451.47      78.72     189.64     446.43     529.14       6.91    -285.39           13
      1069548  6.617307e+13     255.13     135.01     425.78     257.68     129.79     431.90     155.03    -319.12     352.22           16
      1807013  4.549399e+13     429.51     146.13     146.13     433.61     148.85     139.91     301.45     187.47    -420.77           11
       108512  4.549399e+13      25.04     311.61     376.24      30.06     309.26     373.07     314.91    -168.89    -193.39           11
       788486  5.790144e+13     192.52      63.06      24.83     195.08      60.26      20.18     134.88    -180.45    -256.29           14
       109886  5.790144e+13      21.48     351.28     243.02      16.50     351.96     249.42    -309.10      34.59     426.42           14
       805736  4.135817e+13     193.75      89.84     410.16     190.14      87.39     416.97    -224.33    -170.21     422.32           10
      1605560  4.135817e+13     382.81     499.22     217.97     385.67     499.84     213.16     150.21      25.04    -263.62           10
      1752261  4.962980e+13     419.60     475.91     273.11     425.02     475.38     269.38     344.22     -55.17    -209.72           12
        45011  4.962980e+13       7.81     372.72     322.92       5.77     373.29     316.87    -105.37      50.77    -369.49           12
       716504  4.135817e+13     169.92     363.67     348.83     174.66     364.60     348.30     276.08      44.96     -41.12           10
       806086  4.135817e+13     191.02     101.17     275.78     189.11      96.90     277.52    -109.06    -284.81     103.42           10
       290252  4.549399e+13      67.65     358.49     296.70      61.77     359.03     297.78    -363.05      31.65      84.71           11
       226815  5.790144e+13      50.50     419.92     499.16      51.65     423.94       3.97      78.16     232.03     298.63           14
       928092  6.617307e+13     216.55     324.22     362.79     217.91     327.18     366.71      80.68     181.34     259.96           16
      1581293  4.549399e+13     374.82     257.63     428.44     374.74     254.69     427.84     -25.04    -186.39     -31.53           11
      1074790  5.376562e+13     258.86     300.33     401.29     256.19     305.86     402.66    -136.02     340.86      83.18           13
       950381  4.962980e+13     229.82       2.28     425.78     228.21       5.13     427.16    -120.98     162.20      63.80           12
      1792864  7.030889e+13     428.19     212.66     377.87     420.48     215.93     377.21    -493.48     202.49     -65.60           17
       120343  5.790144e+13      27.62     172.43      92.08      25.37     167.28      93.25    -143.20    -328.88      85.89           14
      1208378  4.549399e+13     285.33     373.76     228.16     293.34     377.97     224.33     473.78     251.80    -229.18           11
      1608633  6.203725e+13     383.46      89.97     225.39     386.31      86.83     221.98     157.64    -191.07    -196.30           15
      2094387  4.549399e+13     498.76     414.60     201.88     497.71     413.04     199.37     -53.35    -108.81    -156.35           11
      1785509  4.549399e+13     422.41     489.52     146.13     426.24     491.35     143.29     281.47      82.10    -168.92           11
       361023  7.030889e+13      89.50      14.13     249.66      93.01      12.02     239.77     213.54    -177.12    -615.19           17
      2003983  4.135817e+13     476.56     160.16      58.59     474.23     158.32      58.63    -141.10    -147.29     -13.37           10
       778939  4.135817e+13     185.55     270.31     230.08     187.83     265.84     233.43     156.80    -283.89     179.51           10
       264406  8.271634e+13      64.84      66.80     333.20      65.37      70.04     326.26     -10.69     205.47    -424.25           20
      1621800  4.135817e+13     384.38     496.88     156.64     385.35     499.38     154.96      53.97     170.80    -131.42           10
      1700120  6.203725e+13     402.99     387.11      97.01     402.13     388.48      94.44     -44.01      98.95    -183.15           15
      1432322  8.685216e+13     341.42     208.05      11.81     343.25     199.11       8.53     110.82    -556.27    -224.97           21
       990875  7.858052e+13     239.21     235.51     105.78     237.34     234.44     111.91    -137.32     -63.46     406.79           19
      1171803  4.135817e+13     280.08     257.42     355.08     281.77     255.05     354.01     104.03    -136.22     -68.87           10
       589166  1.902476e+14     146.99     479.45     430.79     149.37     482.78     431.31     134.57     218.13      18.24           46
      1280192  6.203725e+13     308.98      72.79     256.90     307.96      68.63     255.17     -51.99    -242.13    -105.11           15
       254397  5.790144e+13      58.59     265.90     242.47      58.63     261.59     241.31       5.02    -294.28     -69.42           14
      1440110  4.135817e+13     339.84     444.92     432.42     340.26     442.89     434.27      32.80    -133.55     110.88           10
       858380  5.790144e+13     203.68     196.71      49.39     209.14     194.59      46.71     327.33    -113.97    -166.65           14
      1293081  4.962980e+13     305.34     464.84      97.66     305.46     467.52     100.94      73.43     203.06     202.94           12
       876560  4.135817e+13     211.33     250.39      66.80     216.89     248.81      64.92     410.93     -88.87     -82.67           10
       592459  2.191983e+14     139.70      81.99     292.86     140.28      80.12     284.84      24.46    -106.29    -512.13           53
       411151  4.549399e+13      98.90      51.31      62.32      94.91      49.78      69.87    -262.24     -71.88     494.40           11
      1314439  4.549399e+13     313.03     112.04      25.04     306.97     109.04      27.82    -364.60    -242.71     203.13           11
       123236  7.858052e+13      29.91     255.86     389.08      34.39     254.43     389.55     219.87     -98.48      34.41           19
       822996  4.135817e+13     196.88     117.58     328.91     207.24     114.11     331.49     732.48    -230.62     180.06           10
      1564242  5.376562e+13     370.64     235.13     323.17     371.42     239.15     320.33      52.64     255.10    -152.58           13
      1537036  5.376562e+13     367.04     413.01      48.83     369.54     409.59      53.53     154.42    -184.94     263.89           13
       317301  5.376562e+13      78.88     184.65     454.48      89.19     186.18     451.56     668.15     125.17    -136.30           13
      1603435  4.135817e+13     380.47     431.64     420.70     380.90     428.21     416.93      60.11    -254.56    -266.51           10
      1383391  4.962980e+13     328.12     212.24     370.77     322.16     207.75     371.76    -357.48    -250.49       5.12           12
      1357600  4.135817e+13     324.61     436.72     125.39     327.76     432.41     125.43     191.71    -275.13       7.90           10
       800848  4.135817e+13     188.67     440.62     316.41     187.04     439.53     319.06    -134.96     -56.23     121.87           10
       438404  4.135817e+13     105.08     379.69      15.23     109.19     379.35      21.40     261.53     -12.19     366.16           10
      1779121  4.962980e+13     426.43     291.34     193.68     426.03     292.61     197.98     -25.62      78.59     265.58           12
      1128531  4.135817e+13     269.92     439.06     324.61     264.44     440.92     322.38    -328.37      94.68    -118.49           10
      1766698  5.376562e+13     418.12     412.11     168.72     411.21     410.71     166.78    -444.24     -58.64    -133.32           13
        15079  6.617307e+13       5.37     458.74     406.49       2.93     458.38     409.35    -129.76     -14.19     172.06           16
      1004852  4.135817e+13     240.62     167.58     202.73     236.51     168.98     195.80    -259.42      92.94    -440.46           10
       381689  5.376562e+13      96.00     144.68     474.91     107.18     145.00     473.82     698.27      32.12     -65.86           13
      1084445  4.962980e+13     258.46      97.33     112.63     257.14      97.57     106.06     -77.09      23.90    -399.46           12
       116132  4.135817e+13      25.78      46.48     145.31      30.48      48.54     147.38     283.61     120.64     124.52           10
       169314  6.203725e+13      45.44     167.58     389.19      50.17     171.01     388.66     278.96     176.91     -44.91           15
      1419439  4.549399e+13     336.12     317.29     189.10     335.98     323.09     192.24     -28.14     381.88     195.29           11
       114216  4.962980e+13      23.11     489.26     162.43      27.68     496.20     162.58     258.83     456.69     -19.51           12
      1559757  4.135817e+13     372.27      98.83     301.95     371.00      90.03     310.77     -75.06    -534.51     553.55           10
       718942  4.549399e+13     171.70     440.16     369.50     171.65     442.93     369.39       1.47     181.08      -9.72           11
      1604425  4.549399e+13     378.37     464.67     284.27     377.50     461.42     281.21     -63.17    -172.95    -195.08           11
      1908024  4.135817e+13     455.86     227.73     221.88     452.26     230.58     213.31    -223.56     197.54    -508.04           10
       318747  8.685216e+13      72.08     230.38     107.79      71.85     230.14     106.69     -15.64     -13.80     -39.94           21
      1711588  9.925961e+13     406.25     227.70     391.60     402.27     226.03     393.29    -235.61    -115.28      77.33           24
       587927  6.617307e+13     132.57     441.16      91.31     129.04     444.05      95.21    -195.91     160.91     245.44           16
       882635  4.135817e+13     207.42     434.77     292.19     212.32     432.60     292.15     296.14    -132.51     -20.21           10
       670138  4.135817e+13     156.64     448.44     230.47     154.83     454.31     230.01    -122.61     334.42     -10.09           10
       170642  4.962980e+13      42.64     205.40      73.24      37.83     200.77      72.17    -288.51    -276.97     -71.06           12
       135456  4.135817e+13      31.64     130.47     129.30      32.65     130.58     130.93      66.25      -9.12     128.96           10
      1922954  4.962980e+13     459.96     188.15      42.32     461.01     185.94      48.90      13.56    -139.87     425.37           12
       586706  4.135817e+13     137.89     401.95     326.95     141.99     400.81     330.65     224.69     -62.54     225.62           10
       132359  4.549399e+13      32.49      41.73      25.04      27.95      36.27      30.35    -356.41    -370.44     302.05           11
      1113876  4.135817e+13     260.16     495.31      76.56     255.68     499.08      80.02    -292.59     222.30     231.40           10
      1510985  4.549399e+13     360.26     112.04     285.33     357.01     105.75     289.35    -210.27    -358.88     222.64           11
       559674  4.135817e+13     134.77      85.94     232.03     136.56      82.86     236.22     123.14    -184.60     295.80           10
       228404  5.376562e+13      53.34     474.91     200.87      56.36     484.67     201.39     182.82     611.00      55.23           13
      2020708  4.135817e+13     480.47     167.19     392.58     480.27     165.10     398.63     -18.86    -179.38     392.61           10
      2038662  5.376562e+13     478.82     212.59      23.59     481.82     207.66      28.25     232.57    -351.71     294.40           13
      1262414  4.549399e+13     303.09      26.81     305.22     300.61      29.06     309.15    -140.13     129.01     239.46           11
      1799272  4.549399e+13     426.31     408.91     406.78     422.39     406.30     403.17    -252.15    -151.16    -253.99           11
      1402498  4.135817e+13     335.94     308.20       7.81     342.05     310.58       8.83     363.65     128.16      31.41           10
       442953  6.203725e+13     112.11      19.92     288.93     116.85      24.00     286.55     275.09     250.39    -118.49           15
        65338  4.962980e+13      16.60     487.63     230.79      15.89     489.59     227.19     -50.93     110.68    -205.15           12
       219759  4.135817e+13      52.34     202.34     439.06      53.17     206.27     436.50      -5.71     269.97    -140.62           10
